id,url_id,user_id,event_type,timestamp,details
1,1,1,created,2025-04-03 10:31:24,"{""short_code"":""4mya84"",""original_url"":""https://opswise.net/brisk/trail/1""}"
2,2,221,created,2026-01-04 17:29:21,"{""short_code"":""9gP8gk"",""original_url"":""https://hackstack.io/ivory/canyon/2""}"
3,3,242,created,2026-02-10 02:46:40,"{""short_code"":""QONCnb"",""original_url"":""https://acme.dev/harbor/harvest/3""}"
4,4,17,created,2025-02-14 18:17:48,"{""short_code"":""p0am4w"",""original_url"":""https://acme.dev/mellow/pioneer/4""}"
5,5,47,created,2025-09-07 22:17:44,"{""short_code"":""as2xGi"",""original_url"":""https://relay.cloud/opal/trail/5""}"
6,6,329,created,2025-12-04 23:20:39,"{""short_code"":""4l7uZZ"",""original_url"":""https://relay.cloud/ivory/journey/6""}"
7,7,74,created,2025-07-06 23:28:09,"{""short_code"":""i4EpyE"",""original_url"":""https://opswise.net/young/meadow/7""}"
8,8,146,created,2025-02-28 23:28:23,"{""short_code"":""KqWdSC"",""original_url"":""https://opswise.net/urban/meadow/8""}"
9,9,343,created,2025-12-19 22:13:40,"{""short_code"":""5q2B3H"",""original_url"":""https://acme.dev/amber/kernel/9""}"
10,10,385,created,2025-05-07 04:46:11,"{""short_code"":""9LNbaL"",""original_url"":""https://hackstack.io/ivory/zenith/10""}"
11,11,151,created,2026-01-29 00:21:54,"{""short_code"":""gGw9p7"",""original_url"":""https://seeded.app/tidy/valley/11""}"
12,12,58,created,2025-02-17 18:39:49,"{""short_code"":""xkxb3t"",""original_url"":""https://acme.dev/proud/engine/12""}"
13,13,139,created,2026-01-21 22:57:30,"{""short_code"":""AkMH1F"",""original_url"":""https://relay.cloud/opal/orbit/13""}"
14,14,13,created,2025-04-10 20:51:33,"{""short_code"":""ZFtLCU"",""original_url"":""https://relay.cloud/silver/harvest/14""}"
15,15,163,created,2025-10-12 14:16:00,"{""short_code"":""aP9HuJ"",""original_url"":""https://hackstack.io/keen/garden/15""}"
16,16,72,created,2026-02-19 08:00:41,"{""short_code"":""M1W3Id"",""original_url"":""https://relay.cloud/proud/harvest/16""}"
17,17,164,created,2025-10-28 20:19:13,"{""short_code"":""SzcnjD"",""original_url"":""https://example.com/warm/lagoon/17""}"
18,18,118,created,2025-10-07 06:35:54,"{""short_code"":""AKxCSY"",""original_url"":""https://hackstack.io/navy/trail/18""}"
19,19,378,created,2026-02-08 10:28:38,"{""short_code"":""Nl3LKH"",""original_url"":""https://opswise.net/calm/pioneer/19""}"
20,20,362,created,2025-10-13 16:57:58,"{""short_code"":""BeU2dP"",""original_url"":""https://acme.dev/cobalt/signal/20""}"
21,21,222,created,2025-06-25 07:27:24,"{""short_code"":""9Zcauj"",""original_url"":""https://relay.cloud/clear/beacon/21""}"
22,22,400,created,2026-02-06 19:16:34,"{""short_code"":""RgWanO"",""original_url"":""https://seeded.app/dawn/engine/22""}"
23,23,37,created,2025-11-21 06:30:54,"{""short_code"":""n6cUqN"",""original_url"":""https://example.com/tidy/island/23""}"
24,24,53,created,2025-09-22 14:49:55,"{""short_code"":""lUoyro"",""original_url"":""https://opswise.net/silver/zenith/24""}"
25,25,314,created,2026-02-01 05:28:15,"{""short_code"":""FoDSRx"",""original_url"":""https://relay.cloud/amber/beacon/25""}"
26,26,175,created,2025-11-07 16:03:37,"{""short_code"":""vtXSqW"",""original_url"":""https://opswise.net/harbor/field/26""}"
27,27,321,created,2025-03-01 17:45:22,"{""short_code"":""y5Kw4w"",""original_url"":""https://example.com/keen/kernel/27""}"
28,28,201,created,2025-09-05 03:23:49,"{""short_code"":""ICR6oB"",""original_url"":""https://opswise.net/amber/harvest/28""}"
29,29,302,created,2025-09-09 14:27:17,"{""short_code"":""9eiF8M"",""original_url"":""https://example.com/lively/zenith/29""}"
30,30,29,created,2025-12-13 16:40:54,"{""short_code"":""A3KYbg"",""original_url"":""https://hackstack.io/rapid/engine/30""}"
31,31,254,created,2026-01-02 02:46:06,"{""short_code"":""bNUCkB"",""original_url"":""https://relay.cloud/quiet/journey/31""}"
32,32,50,created,2025-09-24 03:12:55,"{""short_code"":""7Qk5ZB"",""original_url"":""https://hackstack.io/ember/beacon/32""}"
33,33,214,created,2025-02-10 19:28:24,"{""short_code"":""ZffxCD"",""original_url"":""https://seeded.app/brisk/canyon/33""}"
34,34,43,created,2025-08-23 22:20:20,"{""short_code"":""zgBs8U"",""original_url"":""https://hackstack.io/clear/yard/34""}"
35,35,259,created,2025-01-07 00:25:09,"{""short_code"":""YngPyw"",""original_url"":""https://hackstack.io/proud/zenith/35""}"
36,36,110,created,2025-10-23 10:15:05,"{""short_code"":""xKa8dY"",""original_url"":""https://acme.dev/brisk/lagoon/36""}"
37,37,289,created,2025-11-16 18:04:06,"{""short_code"":""2rs4s1"",""original_url"":""https://acme.dev/urban/field/37""}"
38,38,139,created,2025-10-21 21:22:52,"{""short_code"":""h4WhB2"",""original_url"":""https://example.com/vivid/engine/38""}"
39,39,329,created,2025-02-17 12:40:40,"{""short_code"":""yEflY2"",""original_url"":""https://relay.cloud/ivory/pioneer/39""}"
40,40,182,created,2025-08-30 10:35:11,"{""short_code"":""aBIHyk"",""original_url"":""https://relay.cloud/navy/valley/40""}"
41,41,317,created,2025-12-16 08:30:07,"{""short_code"":""VN8TG5"",""original_url"":""https://example.com/rapid/quartz/41""}"
42,42,38,created,2025-07-03 03:55:39,"{""short_code"":""im8lPc"",""original_url"":""https://relay.cloud/amber/garden/42""}"
43,43,283,created,2025-09-18 01:53:56,"{""short_code"":""U1SEqe"",""original_url"":""https://seeded.app/gold/window/43""}"
44,44,198,created,2025-01-27 19:43:01,"{""short_code"":""AbpQz5"",""original_url"":""https://hackstack.io/forest/trail/44""}"
45,45,143,created,2025-10-24 00:11:50,"{""short_code"":""KR0CK9"",""original_url"":""https://relay.cloud/jade/field/45""}"
46,46,161,created,2025-12-24 17:13:37,"{""short_code"":""QAFqW0"",""original_url"":""https://example.com/jade/meadow/46""}"
47,47,9,created,2025-12-13 04:15:04,"{""short_code"":""SmIynA"",""original_url"":""https://acme.dev/warm/quartz/47""}"
48,48,316,created,2025-07-23 00:04:49,"{""short_code"":""QIc8xC"",""original_url"":""https://acme.dev/opal/journey/48""}"
49,49,58,created,2025-12-13 05:26:55,"{""short_code"":""yR7NZ7"",""original_url"":""https://example.com/vivid/canyon/49""}"
50,50,377,created,2025-03-10 01:47:27,"{""short_code"":""rp1RiW"",""original_url"":""https://opswise.net/harbor/anchor/50""}"
51,51,136,created,2025-10-19 16:27:51,"{""short_code"":""PfvGGD"",""original_url"":""https://acme.dev/urban/garden/51""}"
52,52,76,created,2025-02-14 13:41:48,"{""short_code"":""P7Sibw"",""original_url"":""https://opswise.net/quiet/island/52""}"
53,53,360,created,2025-03-25 19:10:29,"{""short_code"":""uQlPTm"",""original_url"":""https://acme.dev/urban/lagoon/53""}"
54,54,156,created,2025-09-05 03:04:51,"{""short_code"":""p4QKSj"",""original_url"":""https://seeded.app/gold/island/54""}"
55,55,95,created,2026-01-21 21:50:20,"{""short_code"":""kyiDDO"",""original_url"":""https://example.com/harbor/kernel/55""}"
56,56,169,created,2025-06-02 22:01:04,"{""short_code"":""hj93Ze"",""original_url"":""https://opswise.net/gold/field/56""}"
57,57,122,created,2025-05-16 02:06:54,"{""short_code"":""PJocuA"",""original_url"":""https://opswise.net/tidy/zenith/57""}"
58,58,244,created,2025-08-16 05:22:05,"{""short_code"":""xLCre9"",""original_url"":""https://seeded.app/brisk/network/58""}"
59,59,148,created,2025-11-28 18:41:38,"{""short_code"":""rTUhLe"",""original_url"":""https://example.com/cobalt/island/59""}"
60,60,252,created,2025-08-06 23:16:54,"{""short_code"":""sp3qZp"",""original_url"":""https://acme.dev/mellow/river/60""}"
61,61,280,created,2025-10-02 05:57:05,"{""short_code"":""NtOymg"",""original_url"":""https://hackstack.io/gold/beacon/61""}"
62,62,138,created,2025-11-27 13:13:33,"{""short_code"":""3JfrHK"",""original_url"":""https://seeded.app/cobalt/pioneer/62""}"
63,63,280,created,2026-01-31 11:45:50,"{""short_code"":""eWnyeN"",""original_url"":""https://acme.dev/clear/engine/63""}"
64,64,115,created,2025-03-14 19:39:20,"{""short_code"":""Om8uS3"",""original_url"":""https://hackstack.io/brisk/uplink/64""}"
65,65,214,created,2025-08-16 02:40:20,"{""short_code"":""tWd1rn"",""original_url"":""https://example.com/clear/meadow/65""}"
66,66,109,created,2025-08-31 20:50:32,"{""short_code"":""myKK5H"",""original_url"":""https://relay.cloud/opal/island/66""}"
67,67,190,created,2025-12-31 15:27:02,"{""short_code"":""cQJjSx"",""original_url"":""https://relay.cloud/cobalt/valley/67""}"
68,68,67,created,2025-07-31 04:40:33,"{""short_code"":""mdHfh6"",""original_url"":""https://hackstack.io/quiet/delta/68""}"
69,69,345,created,2026-01-21 03:58:54,"{""short_code"":""jzhss0"",""original_url"":""https://hackstack.io/forest/yard/69""}"
70,70,316,created,2025-12-24 12:43:06,"{""short_code"":""FbVoH4"",""original_url"":""https://seeded.app/harbor/anchor/70""}"
71,71,238,created,2025-08-29 17:38:45,"{""short_code"":""I0ZB0K"",""original_url"":""https://example.com/rapid/beacon/71""}"
72,72,96,created,2025-01-23 23:07:26,"{""short_code"":""v7shhO"",""original_url"":""https://opswise.net/navy/lagoon/72""}"
73,73,326,created,2026-02-18 07:40:00,"{""short_code"":""HKb8Yb"",""original_url"":""https://example.com/cobalt/kernel/73""}"
74,74,34,created,2025-05-05 05:40:18,"{""short_code"":""1LscG9"",""original_url"":""https://relay.cloud/urban/engine/74""}"
75,75,288,created,2025-01-11 04:52:43,"{""short_code"":""9PCtct"",""original_url"":""https://seeded.app/ivory/lagoon/75""}"
76,76,24,created,2025-01-13 11:21:29,"{""short_code"":""tO586E"",""original_url"":""https://hackstack.io/harbor/lagoon/76""}"
77,77,191,created,2025-03-27 03:16:14,"{""short_code"":""sTcVCI"",""original_url"":""https://relay.cloud/brisk/journey/77""}"
78,78,79,created,2025-07-14 07:50:22,"{""short_code"":""74hcnB"",""original_url"":""https://opswise.net/forest/signal/78""}"
79,79,271,created,2025-12-09 17:13:38,"{""short_code"":""LpZtB5"",""original_url"":""https://seeded.app/cobalt/engine/79""}"
80,80,167,created,2026-01-22 05:50:03,"{""short_code"":""QEh79V"",""original_url"":""https://opswise.net/amber/valley/80""}"
81,81,350,created,2025-02-22 02:54:02,"{""short_code"":""gn2lSy"",""original_url"":""https://example.com/silver/garden/81""}"
82,82,182,created,2025-07-20 19:29:14,"{""short_code"":""lpMtP0"",""original_url"":""https://hackstack.io/clear/pioneer/82""}"
83,83,30,created,2025-07-24 00:42:50,"{""short_code"":""Bz0crO"",""original_url"":""https://example.com/rapid/kernel/83""}"
84,84,265,created,2025-02-01 14:16:20,"{""short_code"":""FdtOc9"",""original_url"":""https://relay.cloud/calm/kernel/84""}"
85,85,116,created,2026-02-01 10:18:32,"{""short_code"":""O0JPgk"",""original_url"":""https://hackstack.io/jade/field/85""}"
86,86,83,created,2025-09-02 15:55:22,"{""short_code"":""HI3mEq"",""original_url"":""https://example.com/harbor/river/86""}"
87,87,117,created,2026-01-24 08:04:09,"{""short_code"":""Gjyo1m"",""original_url"":""https://hackstack.io/vivid/trail/87""}"
88,88,250,created,2025-12-09 00:51:04,"{""short_code"":""5R1Q5C"",""original_url"":""https://acme.dev/urban/canyon/88""}"
89,89,17,created,2025-03-08 08:31:29,"{""short_code"":""gbgR70"",""original_url"":""https://opswise.net/mellow/river/89""}"
90,90,153,created,2025-01-15 23:15:34,"{""short_code"":""yA4zlb"",""original_url"":""https://example.com/vivid/anchor/90""}"
91,91,67,created,2025-05-29 00:21:33,"{""short_code"":""9YKT1V"",""original_url"":""https://seeded.app/quiet/canyon/91""}"
92,92,50,created,2025-11-29 02:48:54,"{""short_code"":""Er57vF"",""original_url"":""https://relay.cloud/gold/garden/92""}"
93,93,44,created,2025-03-22 02:24:22,"{""short_code"":""5u1Uu6"",""original_url"":""https://example.com/urban/signal/93""}"
94,94,20,created,2026-01-12 07:46:14,"{""short_code"":""FRIPGc"",""original_url"":""https://relay.cloud/navy/trail/94""}"
95,95,294,created,2025-06-29 07:34:13,"{""short_code"":""VjjWf9"",""original_url"":""https://opswise.net/warm/meadow/95""}"
96,96,310,created,2025-02-08 22:42:39,"{""short_code"":""VIFCC9"",""original_url"":""https://hackstack.io/mellow/trail/96""}"
97,97,381,created,2025-09-22 07:43:02,"{""short_code"":""epkcB5"",""original_url"":""https://relay.cloud/navy/garden/97""}"
98,98,358,created,2025-01-18 01:24:53,"{""short_code"":""FWulfA"",""original_url"":""https://hackstack.io/warm/kernel/98""}"
99,99,367,created,2025-07-22 18:20:23,"{""short_code"":""N7ZTDs"",""original_url"":""https://seeded.app/quiet/pioneer/99""}"
100,100,105,created,2025-12-23 07:25:36,"{""short_code"":""14dRaH"",""original_url"":""https://acme.dev/young/meadow/100""}"
101,101,209,created,2025-07-31 03:02:05,"{""short_code"":""53sogH"",""original_url"":""https://seeded.app/rapid/anchor/101""}"
102,102,394,created,2025-03-15 08:59:21,"{""short_code"":""GnlxLy"",""original_url"":""https://hackstack.io/dawn/signal/102""}"
103,103,321,created,2026-01-19 09:21:32,"{""short_code"":""qEzgcN"",""original_url"":""https://opswise.net/young/meadow/103""}"
104,104,177,created,2026-01-26 09:18:59,"{""short_code"":""EtLfkk"",""original_url"":""https://opswise.net/cobalt/uplink/104""}"
105,105,36,created,2026-01-19 04:00:59,"{""short_code"":""SL5Ewj"",""original_url"":""https://opswise.net/warm/yard/105""}"
106,106,168,created,2026-02-19 21:03:11,"{""short_code"":""Gxhp8A"",""original_url"":""https://relay.cloud/vivid/zenith/106""}"
107,107,221,created,2025-02-27 07:19:18,"{""short_code"":""UuVdny"",""original_url"":""https://seeded.app/navy/quartz/107""}"
108,108,387,created,2025-08-16 19:56:10,"{""short_code"":""BfzspD"",""original_url"":""https://relay.cloud/navy/river/108""}"
109,109,369,created,2025-02-16 13:54:20,"{""short_code"":""jO9RtF"",""original_url"":""https://relay.cloud/tidy/meadow/109""}"
110,110,91,created,2025-03-06 15:13:01,"{""short_code"":""dDt5PW"",""original_url"":""https://relay.cloud/rapid/uplink/110""}"
111,111,276,created,2025-08-30 12:54:12,"{""short_code"":""LkFZLA"",""original_url"":""https://opswise.net/gold/delta/111""}"
112,112,317,created,2025-08-08 13:57:19,"{""short_code"":""TfK6w6"",""original_url"":""https://opswise.net/urban/beacon/112""}"
113,113,221,created,2025-12-13 17:39:40,"{""short_code"":""TipOHJ"",""original_url"":""https://example.com/lively/pioneer/113""}"
114,114,189,created,2025-06-10 21:02:56,"{""short_code"":""s3CfXt"",""original_url"":""https://relay.cloud/vivid/lagoon/114""}"
115,115,116,created,2025-09-04 20:27:53,"{""short_code"":""kAhY3H"",""original_url"":""https://opswise.net/calm/river/115""}"
116,116,184,created,2025-06-25 18:12:55,"{""short_code"":""Pb3rBX"",""original_url"":""https://relay.cloud/urban/pioneer/116""}"
117,117,26,created,2026-02-10 07:49:34,"{""short_code"":""ehEc4W"",""original_url"":""https://relay.cloud/young/orbit/117""}"
118,118,254,created,2025-10-02 23:25:51,"{""short_code"":""vIhNk1"",""original_url"":""https://seeded.app/opal/harvest/118""}"
119,119,346,created,2026-02-20 03:25:32,"{""short_code"":""jofB5N"",""original_url"":""https://relay.cloud/brisk/meadow/119""}"
120,120,60,created,2025-12-28 18:09:58,"{""short_code"":""0BlSfO"",""original_url"":""https://relay.cloud/navy/beacon/120""}"
121,121,44,created,2026-01-03 17:21:54,"{""short_code"":""eOE3Pa"",""original_url"":""https://relay.cloud/rapid/orbit/121""}"
122,122,56,created,2025-09-04 14:17:50,"{""short_code"":""mnDIQV"",""original_url"":""https://opswise.net/cobalt/signal/122""}"
123,123,295,created,2025-08-09 22:41:28,"{""short_code"":""W62RGg"",""original_url"":""https://seeded.app/amber/window/123""}"
124,124,184,created,2025-09-27 08:36:16,"{""short_code"":""XrlqwA"",""original_url"":""https://seeded.app/brisk/journey/124""}"
125,125,290,created,2025-08-26 13:49:23,"{""short_code"":""kGJg1H"",""original_url"":""https://seeded.app/lively/zenith/125""}"
126,126,379,created,2025-08-26 15:20:59,"{""short_code"":""OPP9UN"",""original_url"":""https://opswise.net/forest/anchor/126""}"
127,127,174,created,2025-10-30 14:09:13,"{""short_code"":""ldENb1"",""original_url"":""https://opswise.net/jade/zenith/127""}"
128,128,337,created,2025-06-22 04:48:38,"{""short_code"":""SwLeoR"",""original_url"":""https://hackstack.io/navy/lagoon/128""}"
129,129,366,created,2025-12-26 16:21:26,"{""short_code"":""CdZ4fr"",""original_url"":""https://relay.cloud/forest/valley/129""}"
130,130,73,created,2025-09-27 12:51:56,"{""short_code"":""Mh6LyJ"",""original_url"":""https://relay.cloud/vivid/river/130""}"
131,131,97,created,2025-12-31 17:25:18,"{""short_code"":""JnrcKz"",""original_url"":""https://example.com/quiet/lagoon/131""}"
132,132,170,created,2025-04-11 11:09:30,"{""short_code"":""Y04sFC"",""original_url"":""https://example.com/cobalt/lagoon/132""}"
133,133,172,created,2025-11-23 11:49:59,"{""short_code"":""0nM8TU"",""original_url"":""https://seeded.app/young/delta/133""}"
134,134,269,created,2025-09-24 11:48:44,"{""short_code"":""mWQnNz"",""original_url"":""https://hackstack.io/jade/journey/134""}"
135,135,84,created,2026-02-18 01:02:11,"{""short_code"":""t6X4aK"",""original_url"":""https://relay.cloud/harbor/valley/135""}"
136,136,54,created,2025-06-09 12:41:57,"{""short_code"":""3y5Zgo"",""original_url"":""https://seeded.app/calm/kernel/136""}"
137,137,159,created,2025-05-15 13:22:09,"{""short_code"":""UDGqdU"",""original_url"":""https://opswise.net/calm/anchor/137""}"
138,138,263,created,2025-07-04 02:56:54,"{""short_code"":""xFPYpa"",""original_url"":""https://opswise.net/warm/harvest/138""}"
139,139,359,created,2025-08-17 21:48:46,"{""short_code"":""jqI2bS"",""original_url"":""https://example.com/navy/beacon/139""}"
140,140,374,created,2025-07-01 03:37:25,"{""short_code"":""75A0Lm"",""original_url"":""https://seeded.app/mellow/pioneer/140""}"
141,141,266,created,2025-03-20 15:29:45,"{""short_code"":""vQHpVX"",""original_url"":""https://seeded.app/ivory/signal/141""}"
142,142,247,created,2026-01-10 02:01:41,"{""short_code"":""eAYwg0"",""original_url"":""https://example.com/harbor/meadow/142""}"
143,143,275,created,2025-08-05 19:39:53,"{""short_code"":""58a1AK"",""original_url"":""https://acme.dev/gold/window/143""}"
144,144,355,created,2025-11-29 04:46:15,"{""short_code"":""4H3H18"",""original_url"":""https://relay.cloud/keen/meadow/144""}"
145,145,163,created,2025-06-27 05:44:53,"{""short_code"":""fDThNI"",""original_url"":""https://opswise.net/ivory/harvest/145""}"
146,146,244,created,2025-03-31 14:06:00,"{""short_code"":""CDGeHz"",""original_url"":""https://example.com/silver/beacon/146""}"
147,147,347,created,2025-02-22 12:48:37,"{""short_code"":""qf2uzg"",""original_url"":""https://hackstack.io/mellow/field/147""}"
148,148,233,created,2025-09-28 12:09:20,"{""short_code"":""HczDiK"",""original_url"":""https://opswise.net/opal/yard/148""}"
149,149,177,created,2025-04-05 06:56:18,"{""short_code"":""n1VLTa"",""original_url"":""https://acme.dev/ember/journey/149""}"
150,150,280,created,2025-05-07 01:19:45,"{""short_code"":""2K4BXC"",""original_url"":""https://seeded.app/ember/orbit/150""}"
151,151,254,created,2025-08-28 15:42:53,"{""short_code"":""UDz2dp"",""original_url"":""https://seeded.app/warm/meadow/151""}"
152,152,84,created,2025-11-05 23:04:55,"{""short_code"":""2g0SkM"",""original_url"":""https://acme.dev/rapid/field/152""}"
153,153,256,created,2025-09-29 10:12:45,"{""short_code"":""Xtuu2N"",""original_url"":""https://seeded.app/proud/delta/153""}"
154,154,109,created,2025-08-09 14:30:06,"{""short_code"":""kJPwdK"",""original_url"":""https://acme.dev/quiet/network/154""}"
155,155,258,created,2025-08-13 08:58:09,"{""short_code"":""q3RQrF"",""original_url"":""https://acme.dev/calm/delta/155""}"
156,156,319,created,2025-02-24 08:25:31,"{""short_code"":""qCYaIo"",""original_url"":""https://acme.dev/keen/orbit/156""}"
157,157,222,created,2025-03-08 02:29:51,"{""short_code"":""ttfhV5"",""original_url"":""https://relay.cloud/brisk/canyon/157""}"
158,158,57,created,2025-02-03 10:41:43,"{""short_code"":""JhGE1K"",""original_url"":""https://acme.dev/warm/yard/158""}"
159,159,235,created,2025-12-28 13:04:21,"{""short_code"":""I2Cqxu"",""original_url"":""https://example.com/rapid/kernel/159""}"
160,160,47,created,2025-07-01 04:19:42,"{""short_code"":""1KOy6J"",""original_url"":""https://opswise.net/ivory/pioneer/160""}"
161,161,210,created,2025-08-30 07:01:43,"{""short_code"":""Sydmsh"",""original_url"":""https://acme.dev/clear/beacon/161""}"
162,162,246,created,2025-04-01 04:24:40,"{""short_code"":""4cUgbo"",""original_url"":""https://acme.dev/vivid/field/162""}"
163,163,345,created,2025-07-17 15:36:16,"{""short_code"":""PYIf2w"",""original_url"":""https://opswise.net/ember/quartz/163""}"
164,164,194,created,2025-06-17 22:02:53,"{""short_code"":""YHC2vZ"",""original_url"":""https://relay.cloud/silver/island/164""}"
165,165,279,created,2025-09-04 18:16:35,"{""short_code"":""mq6FBg"",""original_url"":""https://seeded.app/jade/orbit/165""}"
166,166,152,created,2025-01-17 04:38:30,"{""short_code"":""6gVUnF"",""original_url"":""https://example.com/calm/valley/166""}"
167,167,54,created,2025-08-06 16:08:15,"{""short_code"":""2qFXX6"",""original_url"":""https://relay.cloud/lively/orbit/167""}"
168,168,61,created,2026-01-18 21:15:59,"{""short_code"":""vS2BIT"",""original_url"":""https://opswise.net/silver/lagoon/168""}"
169,169,106,created,2025-07-17 00:59:16,"{""short_code"":""MnHaGV"",""original_url"":""https://relay.cloud/vivid/field/169""}"
170,170,365,created,2025-05-15 09:20:32,"{""short_code"":""RBzRbS"",""original_url"":""https://example.com/ivory/zenith/170""}"
171,171,42,created,2025-04-25 00:46:24,"{""short_code"":""S4xWD5"",""original_url"":""https://relay.cloud/ivory/lagoon/171""}"
172,172,6,created,2025-10-31 16:30:00,"{""short_code"":""ROQxT7"",""original_url"":""https://acme.dev/mellow/garden/172""}"
173,173,329,created,2025-08-28 09:22:47,"{""short_code"":""JqBLTT"",""original_url"":""https://relay.cloud/proud/signal/173""}"
174,174,22,created,2025-08-22 17:01:49,"{""short_code"":""X3Sbyw"",""original_url"":""https://relay.cloud/mellow/network/174""}"
175,175,46,created,2025-10-14 01:00:21,"{""short_code"":""7vUtIf"",""original_url"":""https://acme.dev/jade/signal/175""}"
176,176,105,created,2025-04-19 20:19:16,"{""short_code"":""Oe6Ha3"",""original_url"":""https://example.com/silver/valley/176""}"
177,177,202,created,2025-04-21 05:20:00,"{""short_code"":""6tYQ2M"",""original_url"":""https://seeded.app/jade/orbit/177""}"
178,178,254,created,2025-03-11 05:06:39,"{""short_code"":""E9uMXK"",""original_url"":""https://relay.cloud/tidy/kernel/178""}"
179,179,221,created,2025-06-15 17:01:10,"{""short_code"":""FSkRTC"",""original_url"":""https://seeded.app/urban/kernel/179""}"
180,180,85,created,2025-03-22 20:40:04,"{""short_code"":""8ZAqdm"",""original_url"":""https://relay.cloud/opal/harvest/180""}"
181,181,42,created,2025-04-13 02:58:01,"{""short_code"":""KM8pZZ"",""original_url"":""https://acme.dev/rapid/orbit/181""}"
182,182,367,created,2025-04-09 06:03:31,"{""short_code"":""dBQCh5"",""original_url"":""https://relay.cloud/keen/network/182""}"
183,183,362,created,2025-07-21 21:48:40,"{""short_code"":""BbwsXT"",""original_url"":""https://seeded.app/harbor/orbit/183""}"
184,184,357,created,2025-03-15 17:25:25,"{""short_code"":""7D0iJM"",""original_url"":""https://seeded.app/silver/field/184""}"
185,185,257,created,2025-08-22 09:20:09,"{""short_code"":""Bmdtgz"",""original_url"":""https://seeded.app/rapid/valley/185""}"
186,186,216,created,2025-08-03 12:54:46,"{""short_code"":""IVUAp4"",""original_url"":""https://opswise.net/lively/network/186""}"
187,187,60,created,2025-01-07 22:27:51,"{""short_code"":""NGM1sJ"",""original_url"":""https://acme.dev/clear/orbit/187""}"
188,188,343,created,2026-01-05 05:06:24,"{""short_code"":""NhWpIy"",""original_url"":""https://hackstack.io/vivid/network/188""}"
189,189,76,created,2025-02-18 04:29:04,"{""short_code"":""5zt66O"",""original_url"":""https://relay.cloud/young/trail/189""}"
190,190,309,created,2025-08-28 01:38:03,"{""short_code"":""UhB3C7"",""original_url"":""https://relay.cloud/vivid/yard/190""}"
191,191,268,created,2025-10-22 14:08:56,"{""short_code"":""j2mfqI"",""original_url"":""https://opswise.net/lively/delta/191""}"
192,192,351,created,2025-02-22 04:54:25,"{""short_code"":""f86nSx"",""original_url"":""https://seeded.app/quiet/zenith/192""}"
193,193,376,created,2025-08-07 22:59:09,"{""short_code"":""SBL49q"",""original_url"":""https://relay.cloud/forest/trail/193""}"
194,194,147,created,2025-01-24 03:51:38,"{""short_code"":""Z3D6xr"",""original_url"":""https://seeded.app/navy/beacon/194""}"
195,195,217,created,2025-11-14 00:52:55,"{""short_code"":""NyDt17"",""original_url"":""https://opswise.net/navy/island/195""}"
196,196,76,created,2025-10-29 19:21:24,"{""short_code"":""h9Lw1Y"",""original_url"":""https://relay.cloud/ivory/orbit/196""}"
197,197,3,created,2025-11-25 13:23:02,"{""short_code"":""OeYOQK"",""original_url"":""https://seeded.app/navy/meadow/197""}"
198,198,214,created,2025-04-22 19:19:11,"{""short_code"":""uY68QL"",""original_url"":""https://opswise.net/mellow/trail/198""}"
199,199,4,created,2025-10-06 22:18:05,"{""short_code"":""eD6BIm"",""original_url"":""https://seeded.app/lively/engine/199""}"
200,200,122,created,2026-02-02 16:51:45,"{""short_code"":""MOXWuH"",""original_url"":""https://relay.cloud/gold/garden/200""}"
201,201,338,created,2025-12-07 19:54:40,"{""short_code"":""U1fQUL"",""original_url"":""https://acme.dev/forest/island/201""}"
202,202,344,created,2025-05-06 05:17:25,"{""short_code"":""AcDVRd"",""original_url"":""https://seeded.app/opal/quartz/202""}"
203,203,252,created,2025-09-24 21:43:09,"{""short_code"":""0RWuAU"",""original_url"":""https://example.com/proud/river/203""}"
204,204,85,created,2025-06-02 11:47:54,"{""short_code"":""1f8o34"",""original_url"":""https://example.com/forest/field/204""}"
205,205,152,created,2025-01-02 02:35:35,"{""short_code"":""tNU9UO"",""original_url"":""https://acme.dev/rapid/river/205""}"
206,206,23,created,2025-09-18 19:21:16,"{""short_code"":""t68W24"",""original_url"":""https://hackstack.io/young/trail/206""}"
207,207,296,created,2025-11-22 08:37:10,"{""short_code"":""bHztyN"",""original_url"":""https://opswise.net/young/yard/207""}"
208,208,192,created,2025-08-22 10:00:03,"{""short_code"":""8AOaMo"",""original_url"":""https://relay.cloud/forest/delta/208""}"
209,209,337,created,2026-02-17 23:50:17,"{""short_code"":""T0ZA5d"",""original_url"":""https://acme.dev/quiet/yard/209""}"
210,210,303,created,2026-01-17 08:53:26,"{""short_code"":""ACdCZn"",""original_url"":""https://seeded.app/gold/journey/210""}"
211,211,288,created,2025-12-16 19:34:40,"{""short_code"":""r4kmOT"",""original_url"":""https://example.com/navy/harvest/211""}"
212,212,109,created,2025-05-24 01:21:42,"{""short_code"":""mCwujQ"",""original_url"":""https://relay.cloud/forest/anchor/212""}"
213,213,283,created,2025-01-08 11:58:18,"{""short_code"":""f61bPk"",""original_url"":""https://acme.dev/young/network/213""}"
214,214,334,created,2025-08-09 04:44:50,"{""short_code"":""a1hUff"",""original_url"":""https://hackstack.io/keen/river/214""}"
215,215,314,created,2025-10-22 10:21:18,"{""short_code"":""Yws8S4"",""original_url"":""https://acme.dev/harbor/yard/215""}"
216,216,123,created,2025-11-25 07:31:01,"{""short_code"":""99QhQY"",""original_url"":""https://opswise.net/clear/pioneer/216""}"
217,217,129,created,2026-01-10 21:17:04,"{""short_code"":""juGcuW"",""original_url"":""https://relay.cloud/young/canyon/217""}"
218,218,214,created,2025-12-20 20:37:05,"{""short_code"":""F0qBcf"",""original_url"":""https://seeded.app/keen/field/218""}"
219,219,336,created,2025-01-06 21:27:01,"{""short_code"":""jrzNGN"",""original_url"":""https://acme.dev/mellow/zenith/219""}"
220,220,305,created,2025-10-13 14:17:17,"{""short_code"":""S7qGOW"",""original_url"":""https://hackstack.io/vivid/delta/220""}"
221,221,296,created,2025-10-10 11:09:25,"{""short_code"":""gX4kDq"",""original_url"":""https://relay.cloud/young/island/221""}"
222,222,324,created,2026-01-09 09:49:21,"{""short_code"":""PTA1kH"",""original_url"":""https://hackstack.io/amber/quartz/222""}"
223,223,340,created,2026-01-09 08:09:13,"{""short_code"":""orAbjp"",""original_url"":""https://opswise.net/navy/signal/223""}"
224,224,43,created,2025-07-28 00:55:34,"{""short_code"":""JSpSHy"",""original_url"":""https://hackstack.io/ember/uplink/224""}"
225,225,244,created,2026-01-15 02:04:01,"{""short_code"":""y0iRac"",""original_url"":""https://opswise.net/quiet/pioneer/225""}"
226,226,176,created,2025-07-03 19:17:53,"{""short_code"":""XTpHof"",""original_url"":""https://seeded.app/keen/kernel/226""}"
227,227,84,created,2025-09-04 09:48:57,"{""short_code"":""j2K10h"",""original_url"":""https://acme.dev/rapid/engine/227""}"
228,228,175,created,2025-07-05 18:31:53,"{""short_code"":""b9Mw9D"",""original_url"":""https://hackstack.io/rapid/kernel/228""}"
229,229,241,created,2025-01-31 21:48:15,"{""short_code"":""oYd17W"",""original_url"":""https://opswise.net/navy/journey/229""}"
230,230,160,created,2025-03-23 20:39:58,"{""short_code"":""v8mFvd"",""original_url"":""https://acme.dev/rapid/harvest/230""}"
231,231,96,created,2025-11-13 01:40:37,"{""short_code"":""rIxtbi"",""original_url"":""https://hackstack.io/mellow/lagoon/231""}"
232,232,379,created,2025-10-07 17:23:26,"{""short_code"":""GJVYQE"",""original_url"":""https://example.com/mellow/meadow/232""}"
233,233,271,created,2025-11-03 13:29:14,"{""short_code"":""LpCZgM"",""original_url"":""https://opswise.net/opal/pioneer/233""}"
234,234,226,created,2025-09-28 18:23:18,"{""short_code"":""4c6Lzx"",""original_url"":""https://relay.cloud/navy/kernel/234""}"
235,235,174,created,2026-01-23 14:30:14,"{""short_code"":""Qwxlyf"",""original_url"":""https://hackstack.io/forest/harvest/235""}"
236,236,273,created,2025-05-15 07:01:28,"{""short_code"":""GMLOhH"",""original_url"":""https://opswise.net/ember/anchor/236""}"
237,237,17,created,2025-11-08 13:01:56,"{""short_code"":""sbKDJb"",""original_url"":""https://relay.cloud/cobalt/canyon/237""}"
238,238,133,created,2025-01-28 22:01:47,"{""short_code"":""BeelIi"",""original_url"":""https://hackstack.io/urban/network/238""}"
239,239,306,created,2025-06-19 10:01:02,"{""short_code"":""irC3DZ"",""original_url"":""https://hackstack.io/forest/journey/239""}"
240,240,292,created,2025-05-18 05:42:03,"{""short_code"":""x9fdyY"",""original_url"":""https://relay.cloud/forest/zenith/240""}"
241,241,135,created,2025-09-17 03:32:42,"{""short_code"":""BmfA3J"",""original_url"":""https://acme.dev/keen/yard/241""}"
242,242,348,created,2025-10-19 08:45:20,"{""short_code"":""Ung3oA"",""original_url"":""https://hackstack.io/ivory/anchor/242""}"
243,243,37,created,2026-01-08 14:52:41,"{""short_code"":""ZDCtQG"",""original_url"":""https://opswise.net/forest/signal/243""}"
244,244,214,created,2026-02-08 00:05:40,"{""short_code"":""JqqdFV"",""original_url"":""https://relay.cloud/amber/river/244""}"
245,245,130,created,2025-06-02 08:14:33,"{""short_code"":""fJdQcd"",""original_url"":""https://seeded.app/clear/journey/245""}"
246,246,116,created,2025-01-24 06:11:39,"{""short_code"":""ERBNXa"",""original_url"":""https://acme.dev/gold/river/246""}"
247,247,108,created,2025-07-02 04:24:03,"{""short_code"":""yre1UF"",""original_url"":""https://opswise.net/clear/valley/247""}"
248,248,145,created,2025-04-29 21:27:41,"{""short_code"":""LdXFqY"",""original_url"":""https://hackstack.io/gold/yard/248""}"
249,249,29,created,2025-04-08 11:25:46,"{""short_code"":""goDXG8"",""original_url"":""https://seeded.app/lively/zenith/249""}"
250,250,56,created,2025-05-06 20:41:09,"{""short_code"":""wsBniT"",""original_url"":""https://relay.cloud/harbor/uplink/250""}"
251,251,365,created,2025-05-16 14:43:36,"{""short_code"":""pR6leR"",""original_url"":""https://opswise.net/navy/field/251""}"
252,252,59,created,2025-03-16 16:43:05,"{""short_code"":""hbO6q7"",""original_url"":""https://example.com/ember/journey/252""}"
253,253,57,created,2025-06-10 13:02:38,"{""short_code"":""keIXAm"",""original_url"":""https://opswise.net/quiet/valley/253""}"
254,254,365,created,2025-05-28 15:07:02,"{""short_code"":""sR6AB1"",""original_url"":""https://seeded.app/jade/harvest/254""}"
255,255,61,created,2026-02-02 13:17:39,"{""short_code"":""0tfg7E"",""original_url"":""https://relay.cloud/tidy/window/255""}"
256,256,380,created,2025-11-23 16:54:31,"{""short_code"":""skLlaT"",""original_url"":""https://seeded.app/lively/uplink/256""}"
257,257,159,created,2025-04-11 10:59:16,"{""short_code"":""aknBBw"",""original_url"":""https://acme.dev/cobalt/yard/257""}"
258,258,132,created,2025-02-28 09:43:14,"{""short_code"":""OqGMa8"",""original_url"":""https://hackstack.io/quiet/window/258""}"
259,259,281,created,2025-05-01 03:08:26,"{""short_code"":""WPYldy"",""original_url"":""https://relay.cloud/harbor/valley/259""}"
260,260,215,created,2025-08-16 01:38:51,"{""short_code"":""m4ygik"",""original_url"":""https://hackstack.io/ivory/orbit/260""}"
261,261,94,created,2025-03-23 22:57:17,"{""short_code"":""SEarA1"",""original_url"":""https://opswise.net/calm/kernel/261""}"
262,262,42,created,2025-02-03 17:48:34,"{""short_code"":""hGFmmx"",""original_url"":""https://hackstack.io/lively/delta/262""}"
263,263,21,created,2025-01-09 15:48:09,"{""short_code"":""ausQPN"",""original_url"":""https://acme.dev/keen/uplink/263""}"
264,264,175,created,2026-02-12 17:27:50,"{""short_code"":""b4YmwI"",""original_url"":""https://relay.cloud/ivory/signal/264""}"
265,265,221,created,2025-11-11 05:08:17,"{""short_code"":""JWhYuo"",""original_url"":""https://relay.cloud/young/island/265""}"
266,266,50,created,2026-02-17 13:21:24,"{""short_code"":""To3Qpj"",""original_url"":""https://example.com/brisk/island/266""}"
267,267,138,created,2025-12-03 04:19:18,"{""short_code"":""HXoKe0"",""original_url"":""https://seeded.app/cobalt/valley/267""}"
268,268,72,created,2025-02-20 18:00:43,"{""short_code"":""dTfOBb"",""original_url"":""https://seeded.app/young/meadow/268""}"
269,269,397,created,2026-01-19 23:28:54,"{""short_code"":""S5mBqo"",""original_url"":""https://relay.cloud/urban/field/269""}"
270,270,45,created,2025-11-15 00:54:45,"{""short_code"":""WETU7H"",""original_url"":""https://acme.dev/amber/yard/270""}"
271,271,43,created,2025-01-06 11:20:25,"{""short_code"":""nLObto"",""original_url"":""https://relay.cloud/mellow/journey/271""}"
272,272,365,created,2025-02-14 07:26:44,"{""short_code"":""vpxPjE"",""original_url"":""https://relay.cloud/amber/zenith/272""}"
273,273,167,created,2025-11-14 15:16:46,"{""short_code"":""6qzOL3"",""original_url"":""https://hackstack.io/ember/uplink/273""}"
274,274,2,created,2025-01-18 20:40:33,"{""short_code"":""ikMycu"",""original_url"":""https://hackstack.io/harbor/island/274""}"
275,275,276,created,2025-07-08 05:59:59,"{""short_code"":""SKvfVn"",""original_url"":""https://example.com/calm/quartz/275""}"
276,276,206,created,2025-12-11 17:55:54,"{""short_code"":""SVB5e0"",""original_url"":""https://relay.cloud/rapid/field/276""}"
277,277,371,created,2026-02-09 01:36:55,"{""short_code"":""6WdkP1"",""original_url"":""https://seeded.app/gold/valley/277""}"
278,278,36,created,2025-07-13 05:07:37,"{""short_code"":""8jyoBn"",""original_url"":""https://relay.cloud/dawn/quartz/278""}"
279,279,83,created,2025-01-20 12:55:25,"{""short_code"":""g2ches"",""original_url"":""https://seeded.app/ember/trail/279""}"
280,280,387,created,2025-09-03 00:42:38,"{""short_code"":""3wsqSl"",""original_url"":""https://opswise.net/dawn/network/280""}"
281,281,377,created,2026-02-11 08:13:10,"{""short_code"":""UfRVSD"",""original_url"":""https://acme.dev/jade/lagoon/281""}"
282,282,259,created,2025-03-06 12:13:00,"{""short_code"":""CTd3QT"",""original_url"":""https://acme.dev/ember/yard/282""}"
283,283,160,created,2025-06-25 09:20:48,"{""short_code"":""97jhCT"",""original_url"":""https://opswise.net/lively/orbit/283""}"
284,284,89,created,2026-01-07 21:50:15,"{""short_code"":""rFJMQP"",""original_url"":""https://relay.cloud/lively/trail/284""}"
285,285,192,created,2025-07-05 04:24:26,"{""short_code"":""Fd0NtW"",""original_url"":""https://example.com/silver/window/285""}"
286,286,111,created,2025-12-01 07:08:34,"{""short_code"":""1VMsa2"",""original_url"":""https://example.com/warm/trail/286""}"
287,287,377,created,2025-01-14 09:57:00,"{""short_code"":""0m31Dj"",""original_url"":""https://example.com/keen/yard/287""}"
288,288,14,created,2025-03-17 08:36:18,"{""short_code"":""vwBE59"",""original_url"":""https://acme.dev/clear/network/288""}"
289,289,359,created,2025-04-26 18:18:13,"{""short_code"":""HMVX8k"",""original_url"":""https://seeded.app/quiet/network/289""}"
290,290,217,created,2025-04-07 18:36:45,"{""short_code"":""pL0S97"",""original_url"":""https://acme.dev/mellow/meadow/290""}"
291,291,124,created,2025-07-23 21:03:07,"{""short_code"":""BXFqpu"",""original_url"":""https://acme.dev/ivory/delta/291""}"
292,292,21,created,2025-11-19 21:00:10,"{""short_code"":""UjBiuA"",""original_url"":""https://seeded.app/brisk/orbit/292""}"
293,293,125,created,2025-10-20 18:49:27,"{""short_code"":""m0lwkK"",""original_url"":""https://seeded.app/navy/lagoon/293""}"
294,294,41,created,2026-01-07 13:02:24,"{""short_code"":""uCHCBs"",""original_url"":""https://hackstack.io/clear/window/294""}"
295,295,366,created,2025-01-14 17:36:46,"{""short_code"":""FlplsO"",""original_url"":""https://example.com/navy/canyon/295""}"
296,296,279,created,2025-03-19 18:30:23,"{""short_code"":""q4glHT"",""original_url"":""https://opswise.net/brisk/uplink/296""}"
297,297,45,created,2025-01-19 06:28:18,"{""short_code"":""CD9lAS"",""original_url"":""https://opswise.net/warm/canyon/297""}"
298,298,184,created,2025-11-21 06:47:54,"{""short_code"":""Z8cBs6"",""original_url"":""https://acme.dev/vivid/meadow/298""}"
299,299,19,created,2025-03-08 02:17:25,"{""short_code"":""QXooJR"",""original_url"":""https://acme.dev/lively/garden/299""}"
300,300,246,created,2025-02-23 20:00:07,"{""short_code"":""ylYluH"",""original_url"":""https://relay.cloud/dawn/kernel/300""}"
301,301,257,created,2025-07-01 13:51:44,"{""short_code"":""KadIFM"",""original_url"":""https://seeded.app/rapid/journey/301""}"
302,302,70,created,2025-03-10 13:11:38,"{""short_code"":""zI7HgM"",""original_url"":""https://relay.cloud/cobalt/beacon/302""}"
303,303,256,created,2025-05-15 01:09:18,"{""short_code"":""vlB0L6"",""original_url"":""https://acme.dev/navy/network/303""}"
304,304,384,created,2025-08-02 06:45:41,"{""short_code"":""PF6Scs"",""original_url"":""https://acme.dev/jade/lagoon/304""}"
305,305,252,created,2025-04-14 00:48:43,"{""short_code"":""g7Tira"",""original_url"":""https://acme.dev/keen/window/305""}"
306,306,299,created,2026-02-10 09:29:29,"{""short_code"":""T8MX9G"",""original_url"":""https://seeded.app/navy/kernel/306""}"
307,307,22,created,2025-10-10 03:05:14,"{""short_code"":""vViuex"",""original_url"":""https://hackstack.io/ivory/engine/307""}"
308,308,107,created,2025-07-07 23:54:12,"{""short_code"":""GkpuIG"",""original_url"":""https://opswise.net/mellow/network/308""}"
309,309,317,created,2025-11-17 16:56:57,"{""short_code"":""2v6FMg"",""original_url"":""https://opswise.net/tidy/meadow/309""}"
310,310,117,created,2025-03-12 20:24:57,"{""short_code"":""UgXug9"",""original_url"":""https://example.com/rapid/trail/310""}"
311,311,245,created,2026-01-08 06:17:23,"{""short_code"":""ThMuu9"",""original_url"":""https://acme.dev/navy/engine/311""}"
312,312,10,created,2026-02-06 22:13:06,"{""short_code"":""DsLOED"",""original_url"":""https://opswise.net/quiet/signal/312""}"
313,313,138,created,2025-02-11 06:56:34,"{""short_code"":""wpzkjK"",""original_url"":""https://hackstack.io/jade/orbit/313""}"
314,314,338,created,2025-06-10 05:56:12,"{""short_code"":""IRf2jZ"",""original_url"":""https://opswise.net/warm/pioneer/314""}"
315,315,17,created,2025-07-20 16:41:51,"{""short_code"":""cZfPz0"",""original_url"":""https://relay.cloud/calm/anchor/315""}"
316,316,191,created,2025-09-16 10:32:19,"{""short_code"":""Ws75Ne"",""original_url"":""https://opswise.net/urban/trail/316""}"
317,317,221,created,2025-01-02 11:10:12,"{""short_code"":""pv0RQ9"",""original_url"":""https://relay.cloud/harbor/pioneer/317""}"
318,318,24,created,2025-03-27 01:41:03,"{""short_code"":""JPBFtl"",""original_url"":""https://hackstack.io/amber/signal/318""}"
319,319,263,created,2026-02-10 12:57:10,"{""short_code"":""0nCq9w"",""original_url"":""https://hackstack.io/cobalt/meadow/319""}"
320,320,274,created,2025-12-30 14:08:17,"{""short_code"":""RuyYf3"",""original_url"":""https://opswise.net/mellow/pioneer/320""}"
321,321,238,created,2025-11-03 18:28:10,"{""short_code"":""KenlJL"",""original_url"":""https://relay.cloud/vivid/canyon/321""}"
322,322,8,created,2025-10-20 16:27:44,"{""short_code"":""gWDBVR"",""original_url"":""https://acme.dev/silver/kernel/322""}"
323,323,279,created,2025-11-21 04:25:27,"{""short_code"":""UaooGC"",""original_url"":""https://opswise.net/mellow/lagoon/323""}"
324,324,170,created,2025-08-12 21:38:47,"{""short_code"":""GaJXem"",""original_url"":""https://example.com/vivid/pioneer/324""}"
325,325,265,created,2025-07-27 04:39:51,"{""short_code"":""owMsJH"",""original_url"":""https://seeded.app/gold/garden/325""}"
326,326,49,created,2025-01-21 07:05:38,"{""short_code"":""4wbQIR"",""original_url"":""https://hackstack.io/young/quartz/326""}"
327,327,15,created,2025-11-20 01:30:45,"{""short_code"":""aLIXG5"",""original_url"":""https://acme.dev/keen/island/327""}"
328,328,56,created,2025-03-29 01:14:34,"{""short_code"":""BYW1ru"",""original_url"":""https://opswise.net/ember/uplink/328""}"
329,329,205,created,2025-03-03 23:34:55,"{""short_code"":""vEJUgu"",""original_url"":""https://example.com/ember/window/329""}"
330,330,220,created,2025-11-01 18:09:56,"{""short_code"":""Wyys0R"",""original_url"":""https://hackstack.io/dawn/harvest/330""}"
331,331,152,created,2025-11-08 14:51:03,"{""short_code"":""P7AQv9"",""original_url"":""https://example.com/brisk/yard/331""}"
332,332,354,created,2025-09-29 01:42:54,"{""short_code"":""y1M413"",""original_url"":""https://example.com/keen/zenith/332""}"
333,333,257,created,2025-05-11 09:03:31,"{""short_code"":""N9vzDJ"",""original_url"":""https://seeded.app/vivid/canyon/333""}"
334,334,257,created,2025-09-15 06:13:27,"{""short_code"":""ioS6D7"",""original_url"":""https://seeded.app/silver/delta/334""}"
335,335,362,created,2025-06-18 08:12:21,"{""short_code"":""MlHyrS"",""original_url"":""https://opswise.net/brisk/zenith/335""}"
336,336,344,created,2025-09-27 00:36:19,"{""short_code"":""i2DloM"",""original_url"":""https://opswise.net/calm/pioneer/336""}"
337,337,266,created,2025-03-09 10:29:13,"{""short_code"":""qNsFXX"",""original_url"":""https://opswise.net/vivid/signal/337""}"
338,338,191,created,2026-01-23 01:39:26,"{""short_code"":""piArkt"",""original_url"":""https://acme.dev/tidy/lagoon/338""}"
339,339,388,created,2025-12-16 05:47:12,"{""short_code"":""MRic4y"",""original_url"":""https://opswise.net/tidy/kernel/339""}"
340,340,125,created,2025-03-29 09:53:05,"{""short_code"":""duUHUZ"",""original_url"":""https://hackstack.io/proud/signal/340""}"
341,341,7,created,2025-04-20 02:27:08,"{""short_code"":""BkmgHZ"",""original_url"":""https://seeded.app/harbor/meadow/341""}"
342,342,58,created,2025-12-31 17:38:59,"{""short_code"":""EI3j18"",""original_url"":""https://relay.cloud/ember/kernel/342""}"
343,343,231,created,2025-11-09 09:57:49,"{""short_code"":""ygDHMI"",""original_url"":""https://relay.cloud/warm/zenith/343""}"
344,344,14,created,2025-07-09 17:27:47,"{""short_code"":""oVZ1rF"",""original_url"":""https://relay.cloud/calm/network/344""}"
345,345,277,created,2025-05-31 10:26:57,"{""short_code"":""vYUWFT"",""original_url"":""https://acme.dev/lively/uplink/345""}"
346,346,121,created,2025-03-08 06:31:03,"{""short_code"":""7OK8Dl"",""original_url"":""https://acme.dev/urban/meadow/346""}"
347,347,194,created,2026-02-07 08:32:01,"{""short_code"":""dQi4el"",""original_url"":""https://relay.cloud/cobalt/quartz/347""}"
348,348,16,created,2025-05-30 03:53:28,"{""short_code"":""KkBpVO"",""original_url"":""https://relay.cloud/mellow/kernel/348""}"
349,349,324,created,2025-02-18 20:56:13,"{""short_code"":""kVMlaf"",""original_url"":""https://hackstack.io/silver/window/349""}"
350,350,243,created,2026-01-20 11:25:28,"{""short_code"":""FGbUyF"",""original_url"":""https://example.com/quiet/engine/350""}"
351,351,279,created,2025-09-14 22:28:49,"{""short_code"":""TvyN6U"",""original_url"":""https://opswise.net/rapid/pioneer/351""}"
352,352,342,created,2026-01-01 13:36:52,"{""short_code"":""Z0mM8h"",""original_url"":""https://acme.dev/cobalt/signal/352""}"
353,353,256,created,2025-10-06 21:21:15,"{""short_code"":""5r5TN6"",""original_url"":""https://seeded.app/warm/beacon/353""}"
354,354,381,created,2025-08-19 00:19:47,"{""short_code"":""z46RIf"",""original_url"":""https://acme.dev/keen/journey/354""}"
355,355,266,created,2025-04-07 00:16:32,"{""short_code"":""K3zYi3"",""original_url"":""https://hackstack.io/lively/lagoon/355""}"
356,356,130,created,2025-04-07 15:48:08,"{""short_code"":""Dz1XNq"",""original_url"":""https://acme.dev/gold/pioneer/356""}"
357,357,217,created,2025-04-02 03:41:14,"{""short_code"":""1UdqWp"",""original_url"":""https://hackstack.io/rapid/beacon/357""}"
358,358,301,created,2025-11-04 23:54:14,"{""short_code"":""5iw7mN"",""original_url"":""https://relay.cloud/navy/signal/358""}"
359,359,399,created,2025-02-08 02:05:48,"{""short_code"":""hIDKCq"",""original_url"":""https://example.com/dawn/beacon/359""}"
360,360,310,created,2025-02-12 04:00:36,"{""short_code"":""UcUkaX"",""original_url"":""https://acme.dev/lively/garden/360""}"
361,361,395,created,2025-02-24 14:08:12,"{""short_code"":""JkX1wI"",""original_url"":""https://seeded.app/tidy/trail/361""}"
362,362,259,created,2025-09-04 03:58:03,"{""short_code"":""pewIpi"",""original_url"":""https://relay.cloud/warm/trail/362""}"
363,363,135,created,2025-08-13 13:04:47,"{""short_code"":""SbIK64"",""original_url"":""https://relay.cloud/opal/lagoon/363""}"
364,364,146,created,2025-01-10 10:02:16,"{""short_code"":""67CKSr"",""original_url"":""https://opswise.net/mellow/zenith/364""}"
365,365,120,created,2025-05-24 12:28:16,"{""short_code"":""SL4YEK"",""original_url"":""https://relay.cloud/lively/window/365""}"
366,366,225,created,2025-02-09 04:46:18,"{""short_code"":""LiqaaK"",""original_url"":""https://relay.cloud/cobalt/network/366""}"
367,367,309,created,2026-01-04 04:06:05,"{""short_code"":""FFSKZq"",""original_url"":""https://example.com/mellow/meadow/367""}"
368,368,368,created,2025-04-15 17:19:55,"{""short_code"":""JVpZnx"",""original_url"":""https://opswise.net/young/canyon/368""}"
369,369,172,created,2025-12-25 16:22:44,"{""short_code"":""lEF8zs"",""original_url"":""https://hackstack.io/urban/field/369""}"
370,370,79,created,2025-01-09 16:36:49,"{""short_code"":""hOryoj"",""original_url"":""https://example.com/urban/engine/370""}"
371,371,273,created,2025-04-12 08:17:41,"{""short_code"":""WR4F3b"",""original_url"":""https://relay.cloud/quiet/canyon/371""}"
372,372,303,created,2025-09-09 20:08:45,"{""short_code"":""HZljVQ"",""original_url"":""https://hackstack.io/warm/canyon/372""}"
373,373,398,created,2025-10-02 22:35:13,"{""short_code"":""ioCLww"",""original_url"":""https://example.com/amber/signal/373""}"
374,374,172,created,2025-09-17 09:44:39,"{""short_code"":""zBx5Il"",""original_url"":""https://opswise.net/lively/lagoon/374""}"
375,375,46,created,2025-09-23 02:34:36,"{""short_code"":""mPj7SE"",""original_url"":""https://relay.cloud/brisk/pioneer/375""}"
376,376,7,created,2025-01-27 08:11:36,"{""short_code"":""Z5ur2O"",""original_url"":""https://acme.dev/urban/signal/376""}"
377,377,322,created,2025-11-19 23:23:14,"{""short_code"":""utiZEt"",""original_url"":""https://acme.dev/forest/yard/377""}"
378,378,167,created,2025-11-09 21:55:55,"{""short_code"":""Y6PRy8"",""original_url"":""https://hackstack.io/young/zenith/378""}"
379,379,381,created,2025-03-04 19:22:26,"{""short_code"":""q4MNWW"",""original_url"":""https://opswise.net/harbor/engine/379""}"
380,380,172,created,2025-12-25 18:35:05,"{""short_code"":""M1rS0X"",""original_url"":""https://opswise.net/lively/island/380""}"
381,381,337,created,2025-09-15 01:52:44,"{""short_code"":""8VXtDF"",""original_url"":""https://seeded.app/cobalt/canyon/381""}"
382,382,41,created,2025-11-17 19:32:25,"{""short_code"":""RlzDoq"",""original_url"":""https://relay.cloud/tidy/field/382""}"
383,383,300,created,2025-08-01 05:57:07,"{""short_code"":""sx4Mtk"",""original_url"":""https://example.com/amber/meadow/383""}"
384,384,195,created,2025-07-30 09:22:22,"{""short_code"":""j6WyAl"",""original_url"":""https://seeded.app/proud/pioneer/384""}"
385,385,255,created,2025-01-08 18:09:09,"{""short_code"":""f3vZ3q"",""original_url"":""https://acme.dev/quiet/river/385""}"
386,386,121,created,2026-01-29 21:44:04,"{""short_code"":""rpmZmD"",""original_url"":""https://example.com/calm/signal/386""}"
387,387,186,created,2025-12-04 13:08:13,"{""short_code"":""TqdSbH"",""original_url"":""https://opswise.net/mellow/river/387""}"
388,388,350,created,2025-12-11 11:09:12,"{""short_code"":""qannP3"",""original_url"":""https://example.com/vivid/canyon/388""}"
389,389,5,created,2025-07-15 13:30:36,"{""short_code"":""WZD7B7"",""original_url"":""https://example.com/rapid/zenith/389""}"
390,390,353,created,2025-08-18 02:20:05,"{""short_code"":""8amTN1"",""original_url"":""https://acme.dev/mellow/yard/390""}"
391,391,317,created,2025-06-04 17:21:22,"{""short_code"":""MVGs2Z"",""original_url"":""https://acme.dev/silver/delta/391""}"
392,392,118,created,2025-01-27 00:42:34,"{""short_code"":""SkspPp"",""original_url"":""https://relay.cloud/rapid/uplink/392""}"
393,393,372,created,2025-10-30 02:31:32,"{""short_code"":""t8LKui"",""original_url"":""https://opswise.net/silver/orbit/393""}"
394,394,92,created,2025-07-17 02:59:49,"{""short_code"":""bzcSKX"",""original_url"":""https://opswise.net/jade/zenith/394""}"
395,395,57,created,2025-07-08 05:26:53,"{""short_code"":""RH6xzQ"",""original_url"":""https://hackstack.io/keen/field/395""}"
396,396,98,created,2025-08-08 07:24:07,"{""short_code"":""ntMZfi"",""original_url"":""https://opswise.net/keen/pioneer/396""}"
397,397,262,created,2025-07-12 13:21:05,"{""short_code"":""7Ltdnr"",""original_url"":""https://example.com/amber/engine/397""}"
398,398,311,created,2026-02-06 17:06:25,"{""short_code"":""BooCiG"",""original_url"":""https://hackstack.io/quiet/valley/398""}"
399,399,276,created,2025-05-24 05:01:46,"{""short_code"":""K2mklx"",""original_url"":""https://opswise.net/vivid/zenith/399""}"
400,400,160,created,2025-10-14 06:34:10,"{""short_code"":""oWCuNA"",""original_url"":""https://example.com/warm/orbit/400""}"
401,401,206,created,2025-06-05 20:15:40,"{""short_code"":""mgVoOY"",""original_url"":""https://opswise.net/keen/valley/401""}"
402,402,4,created,2025-11-20 21:44:48,"{""short_code"":""wMNoIH"",""original_url"":""https://acme.dev/warm/valley/402""}"
403,403,106,created,2025-06-02 04:46:15,"{""short_code"":""8oPvFS"",""original_url"":""https://seeded.app/ivory/window/403""}"
404,404,146,created,2025-06-22 11:10:17,"{""short_code"":""BxE6Sw"",""original_url"":""https://hackstack.io/urban/engine/404""}"
405,405,205,created,2025-01-02 05:51:50,"{""short_code"":""v3GebH"",""original_url"":""https://hackstack.io/tidy/uplink/405""}"
406,406,210,created,2025-02-11 15:02:15,"{""short_code"":""29WZDF"",""original_url"":""https://example.com/urban/trail/406""}"
407,407,339,created,2025-11-04 15:54:30,"{""short_code"":""Le55vF"",""original_url"":""https://example.com/urban/field/407""}"
408,408,337,created,2025-04-27 05:37:38,"{""short_code"":""uWJrz6"",""original_url"":""https://acme.dev/cobalt/anchor/408""}"
409,409,16,created,2025-07-04 00:32:51,"{""short_code"":""uvfL5c"",""original_url"":""https://seeded.app/proud/quartz/409""}"
410,410,92,created,2025-07-28 09:57:49,"{""short_code"":""iVR1Vx"",""original_url"":""https://seeded.app/quiet/uplink/410""}"
411,411,212,created,2025-11-24 12:56:09,"{""short_code"":""HkBRT0"",""original_url"":""https://example.com/ember/journey/411""}"
412,412,231,created,2025-06-24 19:26:17,"{""short_code"":""HGtSEl"",""original_url"":""https://hackstack.io/vivid/harvest/412""}"
413,413,76,created,2025-07-14 02:14:52,"{""short_code"":""3Q1DqU"",""original_url"":""https://relay.cloud/calm/orbit/413""}"
414,414,139,created,2025-02-09 09:47:39,"{""short_code"":""SClWkr"",""original_url"":""https://seeded.app/harbor/journey/414""}"
415,415,98,created,2025-11-08 19:25:28,"{""short_code"":""FTBum3"",""original_url"":""https://hackstack.io/amber/uplink/415""}"
416,416,72,created,2025-05-20 17:01:35,"{""short_code"":""Ng0Qfy"",""original_url"":""https://example.com/silver/orbit/416""}"
417,417,119,created,2025-01-12 13:15:22,"{""short_code"":""RC2rUa"",""original_url"":""https://acme.dev/ember/trail/417""}"
418,418,220,created,2025-12-01 08:35:21,"{""short_code"":""g0rVEp"",""original_url"":""https://relay.cloud/ember/trail/418""}"
419,419,330,created,2025-03-27 21:49:59,"{""short_code"":""CNdAJe"",""original_url"":""https://relay.cloud/gold/pioneer/419""}"
420,420,333,created,2025-02-03 06:18:25,"{""short_code"":""vxbRwu"",""original_url"":""https://hackstack.io/urban/engine/420""}"
421,421,363,created,2026-02-13 07:51:06,"{""short_code"":""ekF8ui"",""original_url"":""https://example.com/dawn/uplink/421""}"
422,422,4,created,2025-04-05 06:05:15,"{""short_code"":""yAIKSR"",""original_url"":""https://hackstack.io/brisk/network/422""}"
423,423,341,created,2025-06-13 22:58:39,"{""short_code"":""bFCsZM"",""original_url"":""https://hackstack.io/lively/canyon/423""}"
424,424,103,created,2025-11-13 03:37:19,"{""short_code"":""9HI1eq"",""original_url"":""https://hackstack.io/keen/orbit/424""}"
425,425,313,created,2025-06-14 13:42:40,"{""short_code"":""ZPULrD"",""original_url"":""https://opswise.net/tidy/signal/425""}"
426,426,165,created,2025-02-06 11:15:08,"{""short_code"":""nmoFo6"",""original_url"":""https://seeded.app/young/zenith/426""}"
427,427,338,created,2025-05-12 20:23:25,"{""short_code"":""E0sDHE"",""original_url"":""https://relay.cloud/forest/trail/427""}"
428,428,10,created,2026-02-07 08:18:24,"{""short_code"":""uJw3j7"",""original_url"":""https://hackstack.io/dawn/kernel/428""}"
429,429,371,created,2025-09-13 11:12:40,"{""short_code"":""V6rsZs"",""original_url"":""https://acme.dev/brisk/journey/429""}"
430,430,316,created,2025-05-12 08:31:17,"{""short_code"":""G350ct"",""original_url"":""https://hackstack.io/navy/quartz/430""}"
431,431,282,created,2025-08-29 07:59:05,"{""short_code"":""ukoGgz"",""original_url"":""https://acme.dev/proud/network/431""}"
432,432,87,created,2026-01-16 02:29:04,"{""short_code"":""N3t8sC"",""original_url"":""https://relay.cloud/forest/delta/432""}"
433,433,67,created,2025-08-18 17:45:30,"{""short_code"":""L6x2rX"",""original_url"":""https://opswise.net/harbor/harvest/433""}"
434,434,230,created,2025-04-01 11:51:10,"{""short_code"":""kvOaiu"",""original_url"":""https://example.com/opal/window/434""}"
435,435,343,created,2025-02-14 21:38:24,"{""short_code"":""DxGAE2"",""original_url"":""https://acme.dev/calm/quartz/435""}"
436,436,353,created,2025-04-01 16:54:02,"{""short_code"":""JPZwHp"",""original_url"":""https://seeded.app/amber/network/436""}"
437,437,185,created,2025-11-21 20:08:53,"{""short_code"":""AWtHRJ"",""original_url"":""https://hackstack.io/keen/trail/437""}"
438,438,149,created,2025-03-13 16:58:20,"{""short_code"":""q40Yir"",""original_url"":""https://acme.dev/urban/valley/438""}"
439,439,131,created,2025-11-24 14:33:02,"{""short_code"":""rlGjYy"",""original_url"":""https://relay.cloud/young/anchor/439""}"
440,440,123,created,2025-11-08 00:40:26,"{""short_code"":""l7hkGa"",""original_url"":""https://acme.dev/proud/beacon/440""}"
441,441,45,created,2025-01-22 10:05:12,"{""short_code"":""RUwdGA"",""original_url"":""https://hackstack.io/jade/meadow/441""}"
442,442,140,created,2025-04-09 20:16:40,"{""short_code"":""h8aklE"",""original_url"":""https://hackstack.io/keen/field/442""}"
443,443,97,created,2025-11-08 12:20:00,"{""short_code"":""SykiQy"",""original_url"":""https://relay.cloud/harbor/quartz/443""}"
444,444,123,created,2025-03-06 15:52:20,"{""short_code"":""WV8KJk"",""original_url"":""https://acme.dev/opal/meadow/444""}"
445,445,296,created,2025-04-25 09:18:37,"{""short_code"":""DVx86F"",""original_url"":""https://example.com/silver/zenith/445""}"
446,446,218,created,2025-12-03 20:52:39,"{""short_code"":""5GkTHC"",""original_url"":""https://relay.cloud/lively/orbit/446""}"
447,447,37,created,2025-02-11 12:39:43,"{""short_code"":""ZY77rO"",""original_url"":""https://seeded.app/jade/field/447""}"
448,448,327,created,2025-08-20 15:02:08,"{""short_code"":""5hQepG"",""original_url"":""https://example.com/navy/harvest/448""}"
449,449,324,created,2025-08-12 00:21:57,"{""short_code"":""xupjvg"",""original_url"":""https://hackstack.io/amber/journey/449""}"
450,450,93,created,2025-09-30 06:06:23,"{""short_code"":""NF11mC"",""original_url"":""https://opswise.net/jade/lagoon/450""}"
451,451,376,created,2026-01-03 14:51:11,"{""short_code"":""3EV0eh"",""original_url"":""https://seeded.app/warm/garden/451""}"
452,452,276,created,2025-10-12 16:34:43,"{""short_code"":""u1xHDw"",""original_url"":""https://opswise.net/keen/pioneer/452""}"
453,453,109,created,2025-01-24 00:33:16,"{""short_code"":""Mew99I"",""original_url"":""https://opswise.net/urban/meadow/453""}"
454,454,89,created,2025-10-04 00:18:49,"{""short_code"":""7keXdh"",""original_url"":""https://example.com/tidy/yard/454""}"
455,455,149,created,2025-08-17 12:36:50,"{""short_code"":""7Kuhit"",""original_url"":""https://example.com/brisk/canyon/455""}"
456,456,270,created,2025-04-13 06:54:19,"{""short_code"":""eVlJTl"",""original_url"":""https://hackstack.io/lively/pioneer/456""}"
457,457,302,created,2025-09-16 22:14:32,"{""short_code"":""krP1se"",""original_url"":""https://opswise.net/ivory/quartz/457""}"
458,458,10,created,2025-09-22 19:53:24,"{""short_code"":""iod3r1"",""original_url"":""https://hackstack.io/warm/pioneer/458""}"
459,459,399,created,2025-06-15 09:16:51,"{""short_code"":""zdkMD8"",""original_url"":""https://example.com/harbor/garden/459""}"
460,460,317,created,2025-01-01 08:21:40,"{""short_code"":""hzZAck"",""original_url"":""https://hackstack.io/urban/signal/460""}"
461,461,385,created,2025-10-31 23:09:03,"{""short_code"":""a9F5pI"",""original_url"":""https://hackstack.io/brisk/harvest/461""}"
462,462,314,created,2025-03-30 06:28:16,"{""short_code"":""RIngWq"",""original_url"":""https://hackstack.io/silver/meadow/462""}"
463,463,13,created,2025-08-07 02:09:17,"{""short_code"":""Q230uu"",""original_url"":""https://acme.dev/amber/window/463""}"
464,464,246,created,2025-04-09 05:57:13,"{""short_code"":""TPfepm"",""original_url"":""https://relay.cloud/warm/zenith/464""}"
465,465,285,created,2025-09-27 23:32:23,"{""short_code"":""NXFyaX"",""original_url"":""https://relay.cloud/opal/kernel/465""}"
466,466,393,created,2026-02-10 06:18:04,"{""short_code"":""KosasH"",""original_url"":""https://acme.dev/mellow/lagoon/466""}"
467,467,310,created,2025-08-25 08:25:22,"{""short_code"":""NMkDjS"",""original_url"":""https://opswise.net/keen/journey/467""}"
468,468,65,created,2026-01-01 03:43:15,"{""short_code"":""May1M9"",""original_url"":""https://opswise.net/brisk/network/468""}"
469,469,21,created,2026-02-10 02:51:41,"{""short_code"":""4DS6f3"",""original_url"":""https://seeded.app/brisk/zenith/469""}"
470,470,179,created,2025-07-21 14:31:18,"{""short_code"":""eRAbcg"",""original_url"":""https://acme.dev/jade/trail/470""}"
471,471,173,created,2025-04-23 10:07:27,"{""short_code"":""2GpbXo"",""original_url"":""https://seeded.app/harbor/signal/471""}"
472,472,33,created,2025-03-01 19:46:41,"{""short_code"":""FquY2l"",""original_url"":""https://example.com/forest/journey/472""}"
473,473,250,created,2025-07-30 18:11:43,"{""short_code"":""fbewf4"",""original_url"":""https://seeded.app/quiet/field/473""}"
474,474,289,created,2025-03-08 09:29:44,"{""short_code"":""vSVCj8"",""original_url"":""https://example.com/keen/engine/474""}"
475,475,325,created,2025-05-26 13:05:35,"{""short_code"":""2RkabH"",""original_url"":""https://example.com/lively/beacon/475""}"
476,476,47,created,2025-07-03 15:30:37,"{""short_code"":""zSvXUW"",""original_url"":""https://relay.cloud/lively/kernel/476""}"
477,477,92,created,2025-12-13 06:08:59,"{""short_code"":""7HhEsN"",""original_url"":""https://example.com/lively/uplink/477""}"
478,478,7,created,2025-12-25 23:14:37,"{""short_code"":""wzIZRB"",""original_url"":""https://relay.cloud/silver/journey/478""}"
479,479,331,created,2025-09-12 00:56:34,"{""short_code"":""F8qDed"",""original_url"":""https://relay.cloud/lively/garden/479""}"
480,480,259,created,2025-09-03 18:10:58,"{""short_code"":""iM0DgB"",""original_url"":""https://relay.cloud/amber/river/480""}"
481,481,293,created,2025-09-13 17:55:17,"{""short_code"":""Ot4QHz"",""original_url"":""https://acme.dev/quiet/journey/481""}"
482,482,262,created,2025-10-31 09:08:09,"{""short_code"":""XCdNU7"",""original_url"":""https://seeded.app/opal/harvest/482""}"
483,483,157,created,2026-01-26 13:32:50,"{""short_code"":""LUsSwQ"",""original_url"":""https://acme.dev/tidy/field/483""}"
484,484,328,created,2025-08-16 16:11:02,"{""short_code"":""1SBwiB"",""original_url"":""https://opswise.net/warm/canyon/484""}"
485,485,74,created,2025-02-20 20:52:07,"{""short_code"":""OwMmSn"",""original_url"":""https://seeded.app/silver/garden/485""}"
486,486,135,created,2025-02-12 19:13:11,"{""short_code"":""lNl3jJ"",""original_url"":""https://opswise.net/vivid/orbit/486""}"
487,487,392,created,2025-08-21 02:52:08,"{""short_code"":""vuop5x"",""original_url"":""https://hackstack.io/clear/island/487""}"
488,488,87,created,2025-03-28 18:09:38,"{""short_code"":""ROKy5U"",""original_url"":""https://hackstack.io/ivory/garden/488""}"
489,489,343,created,2025-10-18 07:38:09,"{""short_code"":""Vp7Fxz"",""original_url"":""https://acme.dev/tidy/delta/489""}"
490,490,173,created,2025-11-25 05:13:25,"{""short_code"":""Zdo67x"",""original_url"":""https://relay.cloud/calm/garden/490""}"
491,491,265,created,2025-11-10 17:17:53,"{""short_code"":""QZlp3M"",""original_url"":""https://hackstack.io/clear/quartz/491""}"
492,492,10,created,2025-11-20 21:49:08,"{""short_code"":""TPk4ul"",""original_url"":""https://example.com/calm/meadow/492""}"
493,493,206,created,2026-01-25 17:52:40,"{""short_code"":""1uR70n"",""original_url"":""https://acme.dev/young/beacon/493""}"
494,494,206,created,2025-12-28 17:18:13,"{""short_code"":""JwkQmp"",""original_url"":""https://example.com/ember/yard/494""}"
495,495,173,created,2025-10-05 14:33:40,"{""short_code"":""tf7ZiT"",""original_url"":""https://hackstack.io/mellow/beacon/495""}"
496,496,333,created,2026-01-24 06:20:34,"{""short_code"":""wfQb4e"",""original_url"":""https://acme.dev/dawn/quartz/496""}"
497,497,129,created,2025-07-09 15:15:59,"{""short_code"":""26NEZ6"",""original_url"":""https://example.com/keen/kernel/497""}"
498,498,129,created,2025-10-05 10:49:18,"{""short_code"":""77rpkT"",""original_url"":""https://example.com/mellow/island/498""}"
499,499,352,created,2025-10-16 00:12:05,"{""short_code"":""n1UG03"",""original_url"":""https://seeded.app/forest/delta/499""}"
500,500,7,created,2025-01-10 16:42:38,"{""short_code"":""zMyI1A"",""original_url"":""https://relay.cloud/ivory/kernel/500""}"
501,501,387,created,2025-03-10 00:17:19,"{""short_code"":""0vkgBc"",""original_url"":""https://seeded.app/mellow/garden/501""}"
502,502,348,created,2025-07-02 19:23:20,"{""short_code"":""Bb83Wj"",""original_url"":""https://opswise.net/harbor/pioneer/502""}"
503,503,396,created,2025-06-30 15:08:27,"{""short_code"":""C4wSuu"",""original_url"":""https://hackstack.io/urban/network/503""}"
504,504,99,created,2025-10-23 18:15:26,"{""short_code"":""gIc3MT"",""original_url"":""https://acme.dev/dawn/anchor/504""}"
505,505,247,created,2026-01-04 10:17:33,"{""short_code"":""2lASwF"",""original_url"":""https://hackstack.io/jade/engine/505""}"
506,506,360,created,2025-05-28 08:14:49,"{""short_code"":""acs2Bu"",""original_url"":""https://relay.cloud/vivid/pioneer/506""}"
507,507,273,created,2025-03-07 17:08:53,"{""short_code"":""Q1LOlA"",""original_url"":""https://seeded.app/clear/meadow/507""}"
508,508,38,created,2025-03-27 04:24:01,"{""short_code"":""xutqOs"",""original_url"":""https://example.com/silver/zenith/508""}"
509,509,76,created,2025-07-08 21:06:06,"{""short_code"":""lWyuuP"",""original_url"":""https://acme.dev/jade/engine/509""}"
510,510,243,created,2025-11-07 13:48:05,"{""short_code"":""VbsUof"",""original_url"":""https://example.com/tidy/pioneer/510""}"
511,511,247,created,2025-05-12 14:59:17,"{""short_code"":""vyPAa9"",""original_url"":""https://example.com/jade/trail/511""}"
512,512,194,created,2025-06-15 05:46:42,"{""short_code"":""VOpcpy"",""original_url"":""https://example.com/brisk/delta/512""}"
513,513,101,created,2025-04-16 18:59:50,"{""short_code"":""lfju4s"",""original_url"":""https://example.com/tidy/valley/513""}"
514,514,54,created,2025-01-12 12:30:53,"{""short_code"":""kJu82D"",""original_url"":""https://example.com/young/pioneer/514""}"
515,515,306,created,2025-03-27 05:35:23,"{""short_code"":""K1S8TA"",""original_url"":""https://opswise.net/tidy/engine/515""}"
516,516,358,created,2025-10-27 02:09:08,"{""short_code"":""sOecB7"",""original_url"":""https://opswise.net/proud/zenith/516""}"
517,517,17,created,2026-01-07 14:10:03,"{""short_code"":""0ZwL0r"",""original_url"":""https://opswise.net/forest/island/517""}"
518,518,291,created,2026-02-07 19:05:55,"{""short_code"":""Wrep7E"",""original_url"":""https://relay.cloud/dawn/signal/518""}"
519,519,226,created,2025-05-30 21:18:15,"{""short_code"":""jUtZ1l"",""original_url"":""https://example.com/navy/uplink/519""}"
520,520,179,created,2025-03-11 12:44:55,"{""short_code"":""vw9enF"",""original_url"":""https://hackstack.io/keen/harvest/520""}"
521,521,100,created,2025-06-28 21:12:06,"{""short_code"":""78otgT"",""original_url"":""https://seeded.app/gold/quartz/521""}"
522,522,51,created,2025-12-13 01:48:12,"{""short_code"":""OCNzrA"",""original_url"":""https://acme.dev/cobalt/field/522""}"
523,523,189,created,2025-03-09 19:27:18,"{""short_code"":""qHq7pN"",""original_url"":""https://example.com/mellow/beacon/523""}"
524,524,23,created,2025-09-25 11:09:09,"{""short_code"":""ze5MYs"",""original_url"":""https://relay.cloud/urban/quartz/524""}"
525,525,209,created,2026-02-01 21:26:37,"{""short_code"":""oqNum3"",""original_url"":""https://hackstack.io/ember/journey/525""}"
526,526,400,created,2025-10-01 03:52:37,"{""short_code"":""381CSr"",""original_url"":""https://seeded.app/keen/network/526""}"
527,527,183,created,2025-10-19 02:53:48,"{""short_code"":""LbgYCz"",""original_url"":""https://opswise.net/warm/uplink/527""}"
528,528,399,created,2025-01-11 23:25:01,"{""short_code"":""196Zcr"",""original_url"":""https://hackstack.io/cobalt/trail/528""}"
529,529,211,created,2026-02-19 01:23:48,"{""short_code"":""QzbjWH"",""original_url"":""https://seeded.app/navy/window/529""}"
530,530,186,created,2026-02-18 02:43:52,"{""short_code"":""aXMa79"",""original_url"":""https://opswise.net/gold/network/530""}"
531,531,11,created,2025-06-20 19:36:11,"{""short_code"":""WBKCjf"",""original_url"":""https://hackstack.io/harbor/pioneer/531""}"
532,532,379,created,2025-09-28 05:07:32,"{""short_code"":""U8XJIo"",""original_url"":""https://acme.dev/young/uplink/532""}"
533,533,395,created,2025-08-21 16:16:09,"{""short_code"":""ri2CH6"",""original_url"":""https://opswise.net/mellow/zenith/533""}"
534,534,156,created,2025-05-23 06:37:08,"{""short_code"":""YmhIt4"",""original_url"":""https://seeded.app/young/canyon/534""}"
535,535,129,created,2025-09-04 11:54:12,"{""short_code"":""7vfxvk"",""original_url"":""https://seeded.app/cobalt/trail/535""}"
536,536,227,created,2025-03-08 16:35:40,"{""short_code"":""Pf3WaY"",""original_url"":""https://seeded.app/proud/canyon/536""}"
537,537,312,created,2026-02-16 21:49:57,"{""short_code"":""x6BFug"",""original_url"":""https://opswise.net/brisk/garden/537""}"
538,538,146,created,2025-11-18 06:30:35,"{""short_code"":""Sr5ttB"",""original_url"":""https://relay.cloud/opal/zenith/538""}"
539,539,208,created,2025-06-07 03:41:55,"{""short_code"":""rCkGL3"",""original_url"":""https://acme.dev/amber/canyon/539""}"
540,540,371,created,2025-06-04 13:36:55,"{""short_code"":""LBwzQ4"",""original_url"":""https://hackstack.io/quiet/anchor/540""}"
541,541,197,created,2025-03-15 06:09:45,"{""short_code"":""wwvlsW"",""original_url"":""https://hackstack.io/mellow/garden/541""}"
542,542,354,created,2025-08-08 11:11:19,"{""short_code"":""5IZ5jm"",""original_url"":""https://hackstack.io/harbor/garden/542""}"
543,543,273,created,2025-04-06 05:13:23,"{""short_code"":""MhyMED"",""original_url"":""https://hackstack.io/harbor/meadow/543""}"
544,544,148,created,2026-01-29 22:59:11,"{""short_code"":""CjAGlG"",""original_url"":""https://seeded.app/mellow/zenith/544""}"
545,545,133,created,2025-02-24 02:29:46,"{""short_code"":""DORaUQ"",""original_url"":""https://opswise.net/vivid/beacon/545""}"
546,546,373,created,2025-12-10 19:17:17,"{""short_code"":""P6LJOS"",""original_url"":""https://seeded.app/jade/pioneer/546""}"
547,547,91,created,2025-09-11 20:31:24,"{""short_code"":""Pri5KH"",""original_url"":""https://acme.dev/urban/meadow/547""}"
548,548,248,created,2025-07-07 03:00:44,"{""short_code"":""KOcKIl"",""original_url"":""https://opswise.net/gold/garden/548""}"
549,549,147,created,2025-03-02 16:08:44,"{""short_code"":""xBSmZc"",""original_url"":""https://seeded.app/clear/pioneer/549""}"
550,550,40,created,2025-03-10 15:07:52,"{""short_code"":""rhGViU"",""original_url"":""https://acme.dev/keen/harvest/550""}"
551,551,183,created,2025-12-16 20:46:35,"{""short_code"":""Xcn6NM"",""original_url"":""https://relay.cloud/quiet/zenith/551""}"
552,552,1,created,2025-12-14 21:48:19,"{""short_code"":""blMQ6T"",""original_url"":""https://hackstack.io/mellow/garden/552""}"
553,553,57,created,2026-02-09 20:24:39,"{""short_code"":""RjrhpT"",""original_url"":""https://hackstack.io/keen/meadow/553""}"
554,554,141,created,2025-02-23 00:10:01,"{""short_code"":""nE2BJC"",""original_url"":""https://opswise.net/warm/valley/554""}"
555,555,35,created,2025-03-31 21:05:31,"{""short_code"":""5GL0TZ"",""original_url"":""https://seeded.app/young/orbit/555""}"
556,556,84,created,2025-09-08 10:55:02,"{""short_code"":""5bR5qR"",""original_url"":""https://acme.dev/mellow/window/556""}"
557,557,40,created,2025-08-09 15:21:37,"{""short_code"":""rrxtsP"",""original_url"":""https://seeded.app/gold/lagoon/557""}"
558,558,138,created,2025-03-15 19:30:10,"{""short_code"":""8TVnM2"",""original_url"":""https://example.com/amber/orbit/558""}"
559,559,93,created,2025-11-04 01:12:13,"{""short_code"":""qAdCWZ"",""original_url"":""https://opswise.net/young/quartz/559""}"
560,560,67,created,2025-01-30 00:23:25,"{""short_code"":""QtSAf1"",""original_url"":""https://opswise.net/forest/lagoon/560""}"
561,561,122,created,2026-01-21 22:46:54,"{""short_code"":""gopp24"",""original_url"":""https://hackstack.io/gold/network/561""}"
562,562,31,created,2025-04-12 08:13:39,"{""short_code"":""8P1Npq"",""original_url"":""https://acme.dev/vivid/quartz/562""}"
563,563,135,created,2025-08-24 16:08:31,"{""short_code"":""NltXF3"",""original_url"":""https://acme.dev/mellow/window/563""}"
564,564,10,created,2025-11-03 01:59:54,"{""short_code"":""xjlXBY"",""original_url"":""https://seeded.app/harbor/engine/564""}"
565,565,5,created,2025-05-23 02:59:37,"{""short_code"":""XaBbCV"",""original_url"":""https://example.com/mellow/signal/565""}"
566,566,298,created,2025-03-07 23:10:13,"{""short_code"":""PJqTRd"",""original_url"":""https://acme.dev/rapid/window/566""}"
567,567,233,created,2026-02-19 06:02:21,"{""short_code"":""Q90WJu"",""original_url"":""https://opswise.net/vivid/quartz/567""}"
568,568,150,created,2025-09-22 20:22:39,"{""short_code"":""PRknMP"",""original_url"":""https://hackstack.io/dawn/kernel/568""}"
569,569,26,created,2025-01-13 21:35:12,"{""short_code"":""xJXYgm"",""original_url"":""https://opswise.net/mellow/garden/569""}"
570,570,305,created,2025-04-23 18:02:57,"{""short_code"":""Z2Neas"",""original_url"":""https://example.com/gold/kernel/570""}"
571,571,381,created,2025-08-18 14:49:56,"{""short_code"":""dyIxzY"",""original_url"":""https://opswise.net/brisk/lagoon/571""}"
572,572,276,created,2025-05-01 02:09:15,"{""short_code"":""JwRxtK"",""original_url"":""https://acme.dev/harbor/harvest/572""}"
573,573,338,created,2026-01-31 06:07:10,"{""short_code"":""dB1Yrc"",""original_url"":""https://opswise.net/keen/harvest/573""}"
574,574,44,created,2025-07-01 04:34:30,"{""short_code"":""1kCFDh"",""original_url"":""https://hackstack.io/calm/canyon/574""}"
575,575,198,created,2025-10-27 10:19:41,"{""short_code"":""OusvXb"",""original_url"":""https://seeded.app/tidy/valley/575""}"
576,576,314,created,2025-06-03 17:43:59,"{""short_code"":""iv1HWW"",""original_url"":""https://example.com/vivid/signal/576""}"
577,577,221,created,2025-09-27 05:24:22,"{""short_code"":""C6giE3"",""original_url"":""https://example.com/cobalt/window/577""}"
578,578,284,created,2025-03-02 11:34:26,"{""short_code"":""4CrNpH"",""original_url"":""https://acme.dev/rapid/yard/578""}"
579,579,124,created,2025-08-30 20:40:02,"{""short_code"":""AE2XUh"",""original_url"":""https://seeded.app/tidy/network/579""}"
580,580,6,created,2025-08-17 17:37:00,"{""short_code"":""9AKrK9"",""original_url"":""https://hackstack.io/gold/yard/580""}"
581,581,76,created,2025-02-02 19:08:09,"{""short_code"":""RPSWIF"",""original_url"":""https://relay.cloud/silver/signal/581""}"
582,582,330,created,2025-04-30 16:47:56,"{""short_code"":""ZxXWAj"",""original_url"":""https://hackstack.io/dawn/garden/582""}"
583,583,204,created,2025-04-16 09:32:37,"{""short_code"":""iApl5S"",""original_url"":""https://relay.cloud/harbor/journey/583""}"
584,584,34,created,2025-06-06 17:50:37,"{""short_code"":""bPiRBh"",""original_url"":""https://relay.cloud/silver/uplink/584""}"
585,585,308,created,2025-09-17 10:57:02,"{""short_code"":""y1HGVD"",""original_url"":""https://relay.cloud/cobalt/delta/585""}"
586,586,28,created,2026-02-12 10:18:34,"{""short_code"":""Z97bE7"",""original_url"":""https://acme.dev/forest/anchor/586""}"
587,587,380,created,2025-03-12 12:38:20,"{""short_code"":""4sOPnj"",""original_url"":""https://seeded.app/lively/garden/587""}"
588,588,197,created,2025-11-08 11:57:14,"{""short_code"":""7nK5xe"",""original_url"":""https://seeded.app/proud/beacon/588""}"
589,589,118,created,2025-01-05 12:22:44,"{""short_code"":""zz1ug9"",""original_url"":""https://hackstack.io/gold/trail/589""}"
590,590,397,created,2026-01-29 04:19:04,"{""short_code"":""mC2aEy"",""original_url"":""https://hackstack.io/keen/delta/590""}"
591,591,20,created,2025-11-02 12:44:12,"{""short_code"":""M9iefV"",""original_url"":""https://hackstack.io/ivory/island/591""}"
592,592,321,created,2025-04-02 00:45:54,"{""short_code"":""HUC4ay"",""original_url"":""https://acme.dev/keen/kernel/592""}"
593,593,267,created,2026-02-01 00:13:40,"{""short_code"":""ewSJ8N"",""original_url"":""https://seeded.app/proud/pioneer/593""}"
594,594,153,created,2025-11-18 21:55:51,"{""short_code"":""MUKsVk"",""original_url"":""https://opswise.net/tidy/quartz/594""}"
595,595,70,created,2025-12-23 21:16:55,"{""short_code"":""J3Ecxp"",""original_url"":""https://relay.cloud/harbor/engine/595""}"
596,596,62,created,2025-07-09 08:53:18,"{""short_code"":""5odLn9"",""original_url"":""https://example.com/navy/orbit/596""}"
597,597,368,created,2025-09-18 00:07:43,"{""short_code"":""UG4EKl"",""original_url"":""https://relay.cloud/forest/window/597""}"
598,598,285,created,2025-12-06 05:57:16,"{""short_code"":""L84o6T"",""original_url"":""https://acme.dev/cobalt/yard/598""}"
599,599,173,created,2025-06-07 02:23:52,"{""short_code"":""ZibiKb"",""original_url"":""https://opswise.net/jade/yard/599""}"
600,600,377,created,2026-01-23 05:59:00,"{""short_code"":""uXo6J8"",""original_url"":""https://hackstack.io/calm/trail/600""}"
601,601,105,created,2026-01-28 09:14:01,"{""short_code"":""AbrqBu"",""original_url"":""https://opswise.net/cobalt/delta/601""}"
602,602,220,created,2025-04-12 14:29:17,"{""short_code"":""oeo7gu"",""original_url"":""https://hackstack.io/harbor/quartz/602""}"
603,603,325,created,2026-01-18 05:43:15,"{""short_code"":""Ve8frk"",""original_url"":""https://acme.dev/dawn/journey/603""}"
604,604,388,created,2025-06-10 08:09:57,"{""short_code"":""XLUCva"",""original_url"":""https://relay.cloud/clear/harvest/604""}"
605,605,377,created,2025-07-18 18:30:04,"{""short_code"":""DKvoLZ"",""original_url"":""https://relay.cloud/navy/signal/605""}"
606,606,249,created,2025-12-10 09:26:30,"{""short_code"":""fhguqh"",""original_url"":""https://seeded.app/proud/quartz/606""}"
607,607,56,created,2025-05-12 16:05:31,"{""short_code"":""MvTxqU"",""original_url"":""https://hackstack.io/gold/canyon/607""}"
608,608,14,created,2025-06-29 22:23:01,"{""short_code"":""X5yJqP"",""original_url"":""https://acme.dev/ember/delta/608""}"
609,609,346,created,2025-08-25 06:34:20,"{""short_code"":""7lscqG"",""original_url"":""https://opswise.net/forest/kernel/609""}"
610,610,244,created,2025-03-16 18:10:05,"{""short_code"":""4tHJvD"",""original_url"":""https://example.com/harbor/window/610""}"
611,611,312,created,2025-05-05 14:39:08,"{""short_code"":""jHKbc0"",""original_url"":""https://acme.dev/young/signal/611""}"
612,612,86,created,2025-11-25 04:54:27,"{""short_code"":""v5Rt9n"",""original_url"":""https://opswise.net/keen/signal/612""}"
613,613,108,created,2025-05-09 11:48:59,"{""short_code"":""d0fgx0"",""original_url"":""https://example.com/amber/quartz/613""}"
614,614,13,created,2026-01-04 23:21:08,"{""short_code"":""hPbYKI"",""original_url"":""https://acme.dev/dawn/journey/614""}"
615,615,125,created,2025-10-14 20:23:11,"{""short_code"":""BW7Apt"",""original_url"":""https://hackstack.io/calm/trail/615""}"
616,616,260,created,2025-07-17 22:54:50,"{""short_code"":""hrkrxv"",""original_url"":""https://example.com/tidy/valley/616""}"
617,617,141,created,2025-11-17 03:37:55,"{""short_code"":""zuJXwH"",""original_url"":""https://example.com/ivory/meadow/617""}"
618,618,30,created,2025-08-28 15:37:34,"{""short_code"":""ejikik"",""original_url"":""https://hackstack.io/rapid/valley/618""}"
619,619,27,created,2025-06-13 12:51:04,"{""short_code"":""WlnAyG"",""original_url"":""https://opswise.net/harbor/yard/619""}"
620,620,393,created,2025-11-02 05:27:50,"{""short_code"":""NiRa5f"",""original_url"":""https://hackstack.io/warm/orbit/620""}"
621,621,185,created,2025-01-26 08:30:02,"{""short_code"":""uBCvse"",""original_url"":""https://acme.dev/tidy/uplink/621""}"
622,622,154,created,2025-07-18 12:59:35,"{""short_code"":""sNCzwC"",""original_url"":""https://example.com/silver/zenith/622""}"
623,623,400,created,2025-01-08 02:33:53,"{""short_code"":""ZTDVam"",""original_url"":""https://opswise.net/calm/quartz/623""}"
624,624,280,created,2025-03-20 22:48:37,"{""short_code"":""bOK53Z"",""original_url"":""https://opswise.net/amber/valley/624""}"
625,625,238,created,2025-12-09 20:30:07,"{""short_code"":""a5kgtB"",""original_url"":""https://seeded.app/jade/anchor/625""}"
626,626,149,created,2025-11-23 10:19:48,"{""short_code"":""OxNckX"",""original_url"":""https://example.com/silver/kernel/626""}"
627,627,102,created,2025-01-30 15:57:19,"{""short_code"":""qibYwS"",""original_url"":""https://hackstack.io/jade/lagoon/627""}"
628,628,44,created,2025-02-18 09:02:57,"{""short_code"":""zHejkb"",""original_url"":""https://relay.cloud/young/orbit/628""}"
629,629,315,created,2025-07-05 02:24:48,"{""short_code"":""Pgtpxf"",""original_url"":""https://opswise.net/proud/river/629""}"
630,630,266,created,2025-05-06 17:31:35,"{""short_code"":""Howgqh"",""original_url"":""https://opswise.net/calm/island/630""}"
631,631,255,created,2025-06-25 17:54:54,"{""short_code"":""u6USps"",""original_url"":""https://hackstack.io/silver/engine/631""}"
632,632,71,created,2025-07-06 20:00:01,"{""short_code"":""RHI3nw"",""original_url"":""https://hackstack.io/urban/harvest/632""}"
633,633,348,created,2025-09-01 23:13:31,"{""short_code"":""JdYf4S"",""original_url"":""https://opswise.net/clear/beacon/633""}"
634,634,162,created,2025-01-10 09:01:07,"{""short_code"":""u60u0U"",""original_url"":""https://example.com/lively/river/634""}"
635,635,102,created,2026-01-28 08:02:05,"{""short_code"":""UwmRcI"",""original_url"":""https://opswise.net/harbor/network/635""}"
636,636,4,created,2025-06-05 03:54:48,"{""short_code"":""f8kH3Q"",""original_url"":""https://example.com/vivid/zenith/636""}"
637,637,211,created,2025-04-13 21:25:23,"{""short_code"":""w524Cm"",""original_url"":""https://acme.dev/rapid/valley/637""}"
638,638,288,created,2025-04-01 04:02:21,"{""short_code"":""mG6hkn"",""original_url"":""https://example.com/ember/harvest/638""}"
639,639,252,created,2025-02-04 02:05:18,"{""short_code"":""h13eRV"",""original_url"":""https://acme.dev/quiet/pioneer/639""}"
640,640,228,created,2025-02-23 13:51:00,"{""short_code"":""xXWJkC"",""original_url"":""https://example.com/forest/pioneer/640""}"
641,641,41,created,2026-02-10 14:33:22,"{""short_code"":""E4wFp9"",""original_url"":""https://seeded.app/dawn/journey/641""}"
642,642,237,created,2025-07-09 00:04:28,"{""short_code"":""7mknzK"",""original_url"":""https://seeded.app/young/quartz/642""}"
643,643,118,created,2025-07-15 20:14:02,"{""short_code"":""EUR1cu"",""original_url"":""https://opswise.net/warm/quartz/643""}"
644,644,201,created,2025-07-06 23:27:44,"{""short_code"":""TvdNde"",""original_url"":""https://hackstack.io/brisk/harvest/644""}"
645,645,42,created,2025-11-29 14:17:20,"{""short_code"":""HEPrGY"",""original_url"":""https://hackstack.io/quiet/lagoon/645""}"
646,646,392,created,2025-09-04 17:58:34,"{""short_code"":""mOh2BS"",""original_url"":""https://seeded.app/keen/signal/646""}"
647,647,350,created,2025-11-03 12:07:56,"{""short_code"":""LWrtrD"",""original_url"":""https://acme.dev/forest/harvest/647""}"
648,648,390,created,2025-11-14 11:17:37,"{""short_code"":""zwviNr"",""original_url"":""https://seeded.app/mellow/quartz/648""}"
649,649,305,created,2025-12-02 17:37:08,"{""short_code"":""CCGlx6"",""original_url"":""https://opswise.net/amber/signal/649""}"
650,650,89,created,2025-06-10 01:59:12,"{""short_code"":""Ynl9yW"",""original_url"":""https://example.com/mellow/meadow/650""}"
651,651,203,created,2025-05-29 01:08:16,"{""short_code"":""rigtvo"",""original_url"":""https://acme.dev/keen/journey/651""}"
652,652,136,created,2025-12-28 11:31:40,"{""short_code"":""uC7sQz"",""original_url"":""https://opswise.net/tidy/uplink/652""}"
653,653,368,created,2025-05-16 22:13:44,"{""short_code"":""oEcZzJ"",""original_url"":""https://hackstack.io/keen/lagoon/653""}"
654,654,364,created,2026-01-17 06:48:25,"{""short_code"":""ZurBmc"",""original_url"":""https://opswise.net/rapid/network/654""}"
655,655,219,created,2026-01-19 22:57:45,"{""short_code"":""RpZQJJ"",""original_url"":""https://relay.cloud/silver/island/655""}"
656,656,92,created,2025-04-05 23:32:02,"{""short_code"":""Etm2Lo"",""original_url"":""https://opswise.net/quiet/island/656""}"
657,657,225,created,2025-03-16 07:24:20,"{""short_code"":""zMlZYJ"",""original_url"":""https://opswise.net/keen/lagoon/657""}"
658,658,268,created,2025-04-29 15:26:56,"{""short_code"":""UzTANx"",""original_url"":""https://example.com/harbor/lagoon/658""}"
659,659,388,created,2025-05-23 14:20:12,"{""short_code"":""2FuArI"",""original_url"":""https://opswise.net/rapid/uplink/659""}"
660,660,357,created,2025-11-01 15:41:31,"{""short_code"":""qdZfYb"",""original_url"":""https://seeded.app/vivid/kernel/660""}"
661,661,19,created,2025-10-04 01:49:10,"{""short_code"":""jvNKgQ"",""original_url"":""https://example.com/vivid/trail/661""}"
662,662,140,created,2025-03-26 19:38:47,"{""short_code"":""dpkbL5"",""original_url"":""https://acme.dev/opal/engine/662""}"
663,663,287,created,2025-12-03 14:11:19,"{""short_code"":""Z2OGsI"",""original_url"":""https://hackstack.io/young/valley/663""}"
664,664,244,created,2025-08-20 03:01:47,"{""short_code"":""qLc6Qa"",""original_url"":""https://relay.cloud/young/beacon/664""}"
665,665,207,created,2025-08-07 02:15:14,"{""short_code"":""Bonce3"",""original_url"":""https://relay.cloud/jade/zenith/665""}"
666,666,380,created,2025-01-09 13:08:48,"{""short_code"":""RUDnZV"",""original_url"":""https://seeded.app/harbor/window/666""}"
667,667,318,created,2025-06-28 17:15:02,"{""short_code"":""lFwiF6"",""original_url"":""https://hackstack.io/lively/harvest/667""}"
668,668,120,created,2026-02-08 13:38:33,"{""short_code"":""ljQlas"",""original_url"":""https://seeded.app/tidy/signal/668""}"
669,669,236,created,2025-10-07 00:59:26,"{""short_code"":""QhNPKi"",""original_url"":""https://hackstack.io/brisk/window/669""}"
670,670,79,created,2026-01-08 10:29:15,"{""short_code"":""AGIET8"",""original_url"":""https://opswise.net/brisk/lagoon/670""}"
671,671,35,created,2025-11-02 01:15:40,"{""short_code"":""kml9gg"",""original_url"":""https://opswise.net/dawn/meadow/671""}"
672,672,333,created,2025-11-08 10:43:37,"{""short_code"":""5IUp1T"",""original_url"":""https://relay.cloud/jade/quartz/672""}"
673,673,275,created,2025-03-09 20:00:46,"{""short_code"":""JKE59S"",""original_url"":""https://example.com/gold/window/673""}"
674,674,10,created,2025-03-22 18:16:19,"{""short_code"":""SXPQAc"",""original_url"":""https://seeded.app/rapid/engine/674""}"
675,675,348,created,2025-09-18 21:38:45,"{""short_code"":""uhvrxa"",""original_url"":""https://seeded.app/harbor/beacon/675""}"
676,676,342,created,2025-12-23 07:57:50,"{""short_code"":""UcwmIw"",""original_url"":""https://example.com/brisk/quartz/676""}"
677,677,346,created,2025-07-30 10:56:10,"{""short_code"":""rbyJtN"",""original_url"":""https://opswise.net/navy/harvest/677""}"
678,678,85,created,2025-03-05 16:26:03,"{""short_code"":""xqCJ2F"",""original_url"":""https://acme.dev/jade/field/678""}"
679,679,139,created,2025-08-11 17:10:17,"{""short_code"":""zQed7G"",""original_url"":""https://seeded.app/cobalt/garden/679""}"
680,680,4,created,2025-08-07 23:01:39,"{""short_code"":""2xL0xw"",""original_url"":""https://hackstack.io/dawn/window/680""}"
681,681,318,created,2025-12-31 13:12:45,"{""short_code"":""wN2obC"",""original_url"":""https://seeded.app/ivory/zenith/681""}"
682,682,72,created,2025-07-11 10:39:50,"{""short_code"":""bSsRtX"",""original_url"":""https://hackstack.io/dawn/quartz/682""}"
683,683,194,created,2025-09-12 00:34:19,"{""short_code"":""aCo1TR"",""original_url"":""https://relay.cloud/gold/uplink/683""}"
684,684,283,created,2026-02-05 07:59:17,"{""short_code"":""8kR1do"",""original_url"":""https://acme.dev/quiet/engine/684""}"
685,685,230,created,2025-01-09 23:40:36,"{""short_code"":""BQhUXC"",""original_url"":""https://seeded.app/silver/beacon/685""}"
686,686,314,created,2025-03-04 04:46:16,"{""short_code"":""c2iNVC"",""original_url"":""https://hackstack.io/vivid/island/686""}"
687,687,241,created,2025-04-26 11:38:29,"{""short_code"":""SB0dfG"",""original_url"":""https://relay.cloud/tidy/island/687""}"
688,688,170,created,2025-09-16 13:06:45,"{""short_code"":""jX1TVR"",""original_url"":""https://acme.dev/young/engine/688""}"
689,689,236,created,2025-05-15 09:19:53,"{""short_code"":""vSU3S6"",""original_url"":""https://seeded.app/young/uplink/689""}"
690,690,230,created,2025-05-04 08:42:24,"{""short_code"":""32SETE"",""original_url"":""https://acme.dev/lively/engine/690""}"
691,691,221,created,2025-01-12 23:54:44,"{""short_code"":""ufalFP"",""original_url"":""https://seeded.app/gold/beacon/691""}"
692,692,119,created,2025-12-13 23:03:25,"{""short_code"":""GOd8Yq"",""original_url"":""https://opswise.net/dawn/trail/692""}"
693,693,180,created,2025-04-19 13:12:51,"{""short_code"":""pKouO0"",""original_url"":""https://example.com/warm/yard/693""}"
694,694,185,created,2025-04-29 04:38:27,"{""short_code"":""dhZdkC"",""original_url"":""https://example.com/silver/beacon/694""}"
695,695,75,created,2025-01-10 22:51:59,"{""short_code"":""qeH2Ki"",""original_url"":""https://acme.dev/ember/pioneer/695""}"
696,696,22,created,2025-07-21 19:45:38,"{""short_code"":""osV9bS"",""original_url"":""https://opswise.net/brisk/trail/696""}"
697,697,199,created,2025-12-04 20:30:15,"{""short_code"":""fuKvhr"",""original_url"":""https://seeded.app/urban/beacon/697""}"
698,698,337,created,2025-12-09 16:35:44,"{""short_code"":""zlhlG5"",""original_url"":""https://relay.cloud/mellow/signal/698""}"
699,699,264,created,2025-03-15 01:29:41,"{""short_code"":""IVZvwU"",""original_url"":""https://seeded.app/urban/trail/699""}"
700,700,37,created,2025-08-09 08:17:45,"{""short_code"":""dRnrB8"",""original_url"":""https://seeded.app/harbor/engine/700""}"
701,701,20,created,2025-06-06 00:17:20,"{""short_code"":""97Xzoe"",""original_url"":""https://acme.dev/rapid/engine/701""}"
702,702,384,created,2025-03-07 23:14:00,"{""short_code"":""b7fyFn"",""original_url"":""https://hackstack.io/gold/anchor/702""}"
703,703,201,created,2025-03-01 16:44:49,"{""short_code"":""AgYJaA"",""original_url"":""https://relay.cloud/silver/engine/703""}"
704,704,236,created,2025-07-25 03:16:46,"{""short_code"":""LEm3fr"",""original_url"":""https://hackstack.io/silver/trail/704""}"
705,705,206,created,2025-09-04 03:22:57,"{""short_code"":""94aTxL"",""original_url"":""https://relay.cloud/rapid/journey/705""}"
706,706,204,created,2025-11-16 10:04:17,"{""short_code"":""AB4385"",""original_url"":""https://example.com/warm/quartz/706""}"
707,707,388,created,2025-07-11 14:40:02,"{""short_code"":""AU8krK"",""original_url"":""https://acme.dev/mellow/meadow/707""}"
708,708,99,created,2025-10-04 19:11:56,"{""short_code"":""dtNGzX"",""original_url"":""https://opswise.net/vivid/pioneer/708""}"
709,709,400,created,2025-07-24 08:21:16,"{""short_code"":""JmtEEj"",""original_url"":""https://seeded.app/lively/quartz/709""}"
710,710,268,created,2025-11-11 05:46:46,"{""short_code"":""931anj"",""original_url"":""https://hackstack.io/silver/canyon/710""}"
711,711,323,created,2025-11-04 14:57:10,"{""short_code"":""rmTLm0"",""original_url"":""https://seeded.app/ivory/lagoon/711""}"
712,712,324,created,2025-04-30 19:52:03,"{""short_code"":""CYfLrs"",""original_url"":""https://acme.dev/jade/uplink/712""}"
713,713,123,created,2026-01-17 21:11:41,"{""short_code"":""ANZ7O6"",""original_url"":""https://acme.dev/jade/quartz/713""}"
714,714,225,created,2025-05-29 12:17:34,"{""short_code"":""gHUOxx"",""original_url"":""https://opswise.net/urban/anchor/714""}"
715,715,131,created,2025-04-10 07:19:58,"{""short_code"":""B2vXie"",""original_url"":""https://opswise.net/jade/kernel/715""}"
716,716,140,created,2025-11-04 14:30:33,"{""short_code"":""f6H3qD"",""original_url"":""https://acme.dev/cobalt/journey/716""}"
717,717,278,created,2025-11-25 09:09:01,"{""short_code"":""EnikzD"",""original_url"":""https://opswise.net/urban/garden/717""}"
718,718,329,created,2025-08-22 19:42:00,"{""short_code"":""62Rrj5"",""original_url"":""https://relay.cloud/mellow/kernel/718""}"
719,719,339,created,2025-01-14 16:09:59,"{""short_code"":""WDhh8R"",""original_url"":""https://relay.cloud/urban/uplink/719""}"
720,720,208,created,2025-02-25 09:34:33,"{""short_code"":""1OyYr7"",""original_url"":""https://hackstack.io/opal/window/720""}"
721,721,79,created,2025-01-12 06:54:24,"{""short_code"":""jlmKLX"",""original_url"":""https://example.com/calm/harvest/721""}"
722,722,337,created,2025-02-08 19:42:10,"{""short_code"":""PuicxX"",""original_url"":""https://seeded.app/silver/journey/722""}"
723,723,116,created,2025-10-22 21:09:08,"{""short_code"":""jmZrQU"",""original_url"":""https://opswise.net/clear/signal/723""}"
724,724,328,created,2025-03-17 20:42:09,"{""short_code"":""Xn8uti"",""original_url"":""https://relay.cloud/silver/field/724""}"
725,725,280,created,2025-02-19 02:51:32,"{""short_code"":""trcyM7"",""original_url"":""https://seeded.app/urban/uplink/725""}"
726,726,251,created,2025-08-11 00:40:30,"{""short_code"":""Qu9Mu2"",""original_url"":""https://seeded.app/tidy/window/726""}"
727,727,282,created,2025-01-20 08:16:42,"{""short_code"":""Ki6IzO"",""original_url"":""https://hackstack.io/young/journey/727""}"
728,728,356,created,2025-05-19 07:35:05,"{""short_code"":""Kti3n9"",""original_url"":""https://seeded.app/silver/harvest/728""}"
729,729,275,created,2025-08-02 19:27:54,"{""short_code"":""SesqAZ"",""original_url"":""https://hackstack.io/clear/garden/729""}"
730,730,89,created,2025-02-22 18:35:21,"{""short_code"":""Z4WXIk"",""original_url"":""https://seeded.app/ember/valley/730""}"
731,731,297,created,2025-03-29 22:53:02,"{""short_code"":""yOzyka"",""original_url"":""https://example.com/young/meadow/731""}"
732,732,315,created,2025-11-22 05:06:36,"{""short_code"":""3ppVgO"",""original_url"":""https://example.com/urban/valley/732""}"
733,733,127,created,2025-04-16 05:18:21,"{""short_code"":""rGyrAn"",""original_url"":""https://example.com/brisk/orbit/733""}"
734,734,82,created,2025-04-15 07:55:35,"{""short_code"":""TXvfHH"",""original_url"":""https://hackstack.io/gold/uplink/734""}"
735,735,282,created,2025-03-08 23:53:31,"{""short_code"":""kj6X8d"",""original_url"":""https://relay.cloud/opal/island/735""}"
736,736,380,created,2025-05-14 02:44:48,"{""short_code"":""AubCnv"",""original_url"":""https://relay.cloud/jade/meadow/736""}"
737,737,285,created,2025-01-24 13:22:47,"{""short_code"":""ZnqFFF"",""original_url"":""https://acme.dev/jade/signal/737""}"
738,738,288,created,2025-08-02 16:39:14,"{""short_code"":""FH61dP"",""original_url"":""https://hackstack.io/proud/window/738""}"
739,739,246,created,2025-02-25 01:49:49,"{""short_code"":""PXLFyW"",""original_url"":""https://example.com/warm/meadow/739""}"
740,740,1,created,2025-04-06 15:39:12,"{""short_code"":""7O4TOZ"",""original_url"":""https://hackstack.io/calm/kernel/740""}"
741,741,100,created,2025-02-25 14:19:43,"{""short_code"":""ApAY7Z"",""original_url"":""https://relay.cloud/navy/pioneer/741""}"
742,742,35,created,2025-02-02 23:00:41,"{""short_code"":""9SC9XH"",""original_url"":""https://acme.dev/quiet/yard/742""}"
743,743,315,created,2026-01-20 23:29:18,"{""short_code"":""PUiLn3"",""original_url"":""https://example.com/calm/network/743""}"
744,744,174,created,2025-07-17 07:33:13,"{""short_code"":""91RjZd"",""original_url"":""https://acme.dev/harbor/journey/744""}"
745,745,90,created,2025-11-26 22:24:34,"{""short_code"":""8t1XWC"",""original_url"":""https://acme.dev/quiet/yard/745""}"
746,746,67,created,2025-01-15 07:00:44,"{""short_code"":""Xz6vBL"",""original_url"":""https://seeded.app/harbor/harvest/746""}"
747,747,60,created,2025-07-07 11:48:31,"{""short_code"":""lv6Sya"",""original_url"":""https://hackstack.io/clear/orbit/747""}"
748,748,388,created,2025-05-30 01:26:31,"{""short_code"":""EFLPd7"",""original_url"":""https://opswise.net/silver/garden/748""}"
749,749,128,created,2025-01-16 18:05:27,"{""short_code"":""OZpdqa"",""original_url"":""https://opswise.net/amber/quartz/749""}"
750,750,278,created,2025-05-16 10:06:11,"{""short_code"":""hSLBXV"",""original_url"":""https://hackstack.io/mellow/canyon/750""}"
751,751,360,created,2026-02-10 17:02:47,"{""short_code"":""xyR3qx"",""original_url"":""https://hackstack.io/keen/pioneer/751""}"
752,752,305,created,2025-01-03 22:10:24,"{""short_code"":""SCqLzM"",""original_url"":""https://seeded.app/brisk/valley/752""}"
753,753,379,created,2025-06-24 12:58:37,"{""short_code"":""JdJyEm"",""original_url"":""https://hackstack.io/urban/kernel/753""}"
754,754,281,created,2025-04-02 22:18:07,"{""short_code"":""AO21ng"",""original_url"":""https://example.com/lively/beacon/754""}"
755,755,2,created,2025-11-16 19:31:45,"{""short_code"":""Artluy"",""original_url"":""https://hackstack.io/cobalt/window/755""}"
756,756,314,created,2025-05-01 11:03:07,"{""short_code"":""Tvaj8P"",""original_url"":""https://acme.dev/vivid/harvest/756""}"
757,757,108,created,2025-10-12 19:13:04,"{""short_code"":""WHnIL7"",""original_url"":""https://seeded.app/amber/pioneer/757""}"
758,758,132,created,2025-06-19 01:47:56,"{""short_code"":""lSqicT"",""original_url"":""https://seeded.app/proud/trail/758""}"
759,759,206,created,2025-04-16 13:20:48,"{""short_code"":""5GsTGw"",""original_url"":""https://hackstack.io/amber/window/759""}"
760,760,124,created,2025-03-26 20:03:08,"{""short_code"":""5aLGGE"",""original_url"":""https://example.com/vivid/harvest/760""}"
761,761,375,created,2026-01-04 14:41:30,"{""short_code"":""CvfU5l"",""original_url"":""https://example.com/harbor/zenith/761""}"
762,762,158,created,2025-12-08 21:46:29,"{""short_code"":""9XMYyH"",""original_url"":""https://hackstack.io/vivid/delta/762""}"
763,763,313,created,2025-01-30 22:03:51,"{""short_code"":""WNhAym"",""original_url"":""https://acme.dev/silver/network/763""}"
764,764,99,created,2025-12-17 08:42:05,"{""short_code"":""tKtbYN"",""original_url"":""https://opswise.net/keen/window/764""}"
765,765,133,created,2025-03-28 09:40:08,"{""short_code"":""OksPtP"",""original_url"":""https://seeded.app/warm/lagoon/765""}"
766,766,9,created,2025-07-18 15:07:40,"{""short_code"":""64y5Qf"",""original_url"":""https://hackstack.io/silver/delta/766""}"
767,767,213,created,2025-10-23 19:13:39,"{""short_code"":""nycRLI"",""original_url"":""https://relay.cloud/warm/lagoon/767""}"
768,768,135,created,2025-04-05 13:21:13,"{""short_code"":""sobsGK"",""original_url"":""https://acme.dev/jade/kernel/768""}"
769,769,48,created,2025-03-15 19:26:51,"{""short_code"":""jTRefr"",""original_url"":""https://seeded.app/proud/trail/769""}"
770,770,161,created,2025-05-06 21:23:46,"{""short_code"":""lMCH05"",""original_url"":""https://example.com/dawn/window/770""}"
771,771,1,created,2025-01-29 08:23:42,"{""short_code"":""pAxK2S"",""original_url"":""https://acme.dev/jade/yard/771""}"
772,772,117,created,2026-01-17 01:42:04,"{""short_code"":""nicTZ2"",""original_url"":""https://opswise.net/navy/uplink/772""}"
773,773,42,created,2025-06-17 18:12:52,"{""short_code"":""eB1YrT"",""original_url"":""https://hackstack.io/brisk/pioneer/773""}"
774,774,272,created,2025-10-02 08:47:11,"{""short_code"":""NR0lZ8"",""original_url"":""https://example.com/proud/beacon/774""}"
775,775,96,created,2025-11-04 20:16:33,"{""short_code"":""brihxI"",""original_url"":""https://opswise.net/navy/anchor/775""}"
776,776,348,created,2025-01-28 21:56:30,"{""short_code"":""juS2hN"",""original_url"":""https://seeded.app/dawn/trail/776""}"
777,777,3,created,2025-09-13 17:12:23,"{""short_code"":""0y0KoF"",""original_url"":""https://opswise.net/warm/zenith/777""}"
778,778,111,created,2025-01-18 20:16:24,"{""short_code"":""LMpp6y"",""original_url"":""https://relay.cloud/vivid/valley/778""}"
779,779,390,created,2025-04-27 13:15:19,"{""short_code"":""GUCkTF"",""original_url"":""https://acme.dev/lively/trail/779""}"
780,780,61,created,2026-01-03 23:48:04,"{""short_code"":""coSBgK"",""original_url"":""https://example.com/harbor/river/780""}"
781,781,6,created,2025-01-28 01:15:23,"{""short_code"":""84KL5S"",""original_url"":""https://opswise.net/ember/network/781""}"
782,782,76,created,2025-03-10 23:58:10,"{""short_code"":""3IEM4a"",""original_url"":""https://acme.dev/keen/delta/782""}"
783,783,221,created,2025-11-22 11:05:04,"{""short_code"":""MOIv5w"",""original_url"":""https://hackstack.io/silver/zenith/783""}"
784,784,131,created,2025-11-02 04:38:24,"{""short_code"":""w8s19b"",""original_url"":""https://acme.dev/brisk/harvest/784""}"
785,785,104,created,2025-12-18 08:29:38,"{""short_code"":""iFSYlm"",""original_url"":""https://example.com/cobalt/meadow/785""}"
786,786,353,created,2025-11-04 00:27:00,"{""short_code"":""uCM7hB"",""original_url"":""https://example.com/harbor/uplink/786""}"
787,787,382,created,2025-11-05 21:49:25,"{""short_code"":""RD1w0e"",""original_url"":""https://acme.dev/dawn/network/787""}"
788,788,70,created,2025-04-12 01:36:27,"{""short_code"":""qRiNSb"",""original_url"":""https://hackstack.io/vivid/window/788""}"
789,789,26,created,2025-02-19 00:04:23,"{""short_code"":""Okm81N"",""original_url"":""https://acme.dev/calm/quartz/789""}"
790,790,301,created,2025-07-21 16:48:22,"{""short_code"":""Japxgb"",""original_url"":""https://acme.dev/brisk/field/790""}"
791,791,193,created,2025-07-12 16:42:04,"{""short_code"":""v4boSP"",""original_url"":""https://example.com/calm/garden/791""}"
792,792,281,created,2025-10-25 13:36:25,"{""short_code"":""hHMzoF"",""original_url"":""https://acme.dev/quiet/delta/792""}"
793,793,87,created,2025-07-27 04:48:25,"{""short_code"":""uHm26p"",""original_url"":""https://hackstack.io/forest/garden/793""}"
794,794,360,created,2025-09-14 00:53:06,"{""short_code"":""6nl8ix"",""original_url"":""https://relay.cloud/young/lagoon/794""}"
795,795,159,created,2026-02-07 15:45:41,"{""short_code"":""o2CAW9"",""original_url"":""https://example.com/young/harvest/795""}"
796,796,266,created,2025-12-16 01:25:49,"{""short_code"":""elelPJ"",""original_url"":""https://acme.dev/brisk/zenith/796""}"
797,797,165,created,2025-04-14 23:49:36,"{""short_code"":""xYo49t"",""original_url"":""https://hackstack.io/warm/kernel/797""}"
798,798,326,created,2026-02-16 19:04:34,"{""short_code"":""9C6RON"",""original_url"":""https://relay.cloud/clear/trail/798""}"
799,799,114,created,2025-11-10 10:48:35,"{""short_code"":""fVfmtO"",""original_url"":""https://hackstack.io/urban/yard/799""}"
800,800,385,created,2025-02-28 11:49:19,"{""short_code"":""e7XE3y"",""original_url"":""https://seeded.app/vivid/kernel/800""}"
801,801,363,created,2025-11-06 22:59:55,"{""short_code"":""Ox8RqQ"",""original_url"":""https://hackstack.io/keen/orbit/801""}"
802,802,358,created,2025-10-02 10:01:11,"{""short_code"":""R93j63"",""original_url"":""https://acme.dev/rapid/window/802""}"
803,803,261,created,2025-11-07 16:01:54,"{""short_code"":""A54R20"",""original_url"":""https://relay.cloud/calm/kernel/803""}"
804,804,388,created,2025-02-09 11:08:10,"{""short_code"":""ezxwVV"",""original_url"":""https://example.com/ivory/window/804""}"
805,805,27,created,2025-02-16 00:59:13,"{""short_code"":""BWrm4O"",""original_url"":""https://example.com/harbor/delta/805""}"
806,806,159,created,2025-07-26 09:05:45,"{""short_code"":""rLzS4V"",""original_url"":""https://relay.cloud/clear/anchor/806""}"
807,807,277,created,2026-01-03 00:58:58,"{""short_code"":""HkAjJX"",""original_url"":""https://opswise.net/young/field/807""}"
808,808,335,created,2025-04-08 06:28:05,"{""short_code"":""MNzxgW"",""original_url"":""https://example.com/vivid/signal/808""}"
809,809,233,created,2025-05-01 23:59:00,"{""short_code"":""sXOImD"",""original_url"":""https://seeded.app/cobalt/engine/809""}"
810,810,385,created,2025-06-23 15:34:22,"{""short_code"":""nDVhyX"",""original_url"":""https://seeded.app/lively/harvest/810""}"
811,811,340,created,2025-02-24 12:00:37,"{""short_code"":""1MTOub"",""original_url"":""https://acme.dev/calm/network/811""}"
812,812,368,created,2025-05-03 11:49:06,"{""short_code"":""x8qcLj"",""original_url"":""https://acme.dev/warm/journey/812""}"
813,813,143,created,2025-02-17 20:54:38,"{""short_code"":""e12Eiq"",""original_url"":""https://opswise.net/lively/kernel/813""}"
814,814,190,created,2025-07-05 15:21:51,"{""short_code"":""7Sufsr"",""original_url"":""https://seeded.app/opal/kernel/814""}"
815,815,1,created,2025-09-22 09:34:45,"{""short_code"":""viFdNi"",""original_url"":""https://example.com/forest/yard/815""}"
816,816,182,created,2025-02-09 17:57:19,"{""short_code"":""baEx3m"",""original_url"":""https://opswise.net/harbor/garden/816""}"
817,817,352,created,2025-05-19 05:59:25,"{""short_code"":""lgqvVZ"",""original_url"":""https://relay.cloud/cobalt/journey/817""}"
818,818,205,created,2025-10-12 16:56:10,"{""short_code"":""g0ciK0"",""original_url"":""https://relay.cloud/silver/journey/818""}"
819,819,113,created,2026-01-01 03:33:49,"{""short_code"":""62HJXF"",""original_url"":""https://seeded.app/keen/delta/819""}"
820,820,263,created,2025-08-26 12:32:42,"{""short_code"":""ouvXCR"",""original_url"":""https://opswise.net/harbor/delta/820""}"
821,821,258,created,2025-10-07 11:33:25,"{""short_code"":""YR3TiB"",""original_url"":""https://hackstack.io/opal/signal/821""}"
822,822,91,created,2025-04-22 04:51:21,"{""short_code"":""5lmcLv"",""original_url"":""https://opswise.net/cobalt/orbit/822""}"
823,823,251,created,2025-10-27 14:11:43,"{""short_code"":""UiKWQG"",""original_url"":""https://example.com/rapid/harvest/823""}"
824,824,338,created,2025-05-11 22:11:51,"{""short_code"":""0W5Brj"",""original_url"":""https://seeded.app/amber/field/824""}"
825,825,212,created,2025-12-05 10:13:54,"{""short_code"":""EjtTwr"",""original_url"":""https://opswise.net/clear/valley/825""}"
826,826,278,created,2025-07-14 00:29:30,"{""short_code"":""3fEgnz"",""original_url"":""https://example.com/ember/anchor/826""}"
827,827,312,created,2025-02-01 15:47:23,"{""short_code"":""wGZiIt"",""original_url"":""https://opswise.net/ivory/orbit/827""}"
828,828,323,created,2025-01-25 14:32:20,"{""short_code"":""61mbfb"",""original_url"":""https://relay.cloud/quiet/island/828""}"
829,829,153,created,2025-08-16 18:48:38,"{""short_code"":""2kaD1D"",""original_url"":""https://example.com/amber/meadow/829""}"
830,830,83,created,2026-01-10 13:18:38,"{""short_code"":""hA6qGZ"",""original_url"":""https://relay.cloud/jade/valley/830""}"
831,831,329,created,2025-11-11 16:34:30,"{""short_code"":""VBVuLe"",""original_url"":""https://hackstack.io/keen/kernel/831""}"
832,832,60,created,2025-04-21 22:07:13,"{""short_code"":""JRdasQ"",""original_url"":""https://seeded.app/calm/engine/832""}"
833,833,172,created,2025-12-23 17:23:13,"{""short_code"":""LlWZ7F"",""original_url"":""https://example.com/proud/garden/833""}"
834,834,243,created,2025-09-04 06:27:03,"{""short_code"":""UkpXus"",""original_url"":""https://opswise.net/ivory/uplink/834""}"
835,835,344,created,2025-05-11 14:33:56,"{""short_code"":""LsC18g"",""original_url"":""https://example.com/proud/yard/835""}"
836,836,209,created,2025-04-29 17:05:56,"{""short_code"":""wOWgii"",""original_url"":""https://hackstack.io/tidy/kernel/836""}"
837,837,303,created,2025-02-20 16:18:44,"{""short_code"":""dUSmj0"",""original_url"":""https://acme.dev/gold/garden/837""}"
838,838,62,created,2026-01-03 02:12:44,"{""short_code"":""9q9otC"",""original_url"":""https://acme.dev/cobalt/canyon/838""}"
839,839,6,created,2025-08-12 14:50:11,"{""short_code"":""7zng0U"",""original_url"":""https://example.com/opal/network/839""}"
840,840,11,created,2026-01-12 11:46:15,"{""short_code"":""erc3VW"",""original_url"":""https://opswise.net/keen/quartz/840""}"
841,841,360,created,2025-07-04 00:56:33,"{""short_code"":""b5lqRU"",""original_url"":""https://relay.cloud/young/uplink/841""}"
842,842,321,created,2025-01-11 01:04:31,"{""short_code"":""nuHti5"",""original_url"":""https://opswise.net/opal/window/842""}"
843,843,163,created,2025-12-19 06:09:02,"{""short_code"":""xgcOqX"",""original_url"":""https://acme.dev/clear/signal/843""}"
844,844,289,created,2025-12-18 06:39:53,"{""short_code"":""gX8rXZ"",""original_url"":""https://relay.cloud/cobalt/journey/844""}"
845,845,246,created,2025-01-02 23:02:21,"{""short_code"":""daiG3B"",""original_url"":""https://relay.cloud/gold/uplink/845""}"
846,846,271,created,2025-05-29 07:41:27,"{""short_code"":""8zlpjZ"",""original_url"":""https://relay.cloud/calm/quartz/846""}"
847,847,379,created,2025-08-02 19:09:29,"{""short_code"":""Vn1AgP"",""original_url"":""https://opswise.net/proud/field/847""}"
848,848,120,created,2025-06-01 01:23:37,"{""short_code"":""Rr2lzW"",""original_url"":""https://example.com/proud/anchor/848""}"
849,849,360,created,2025-05-01 22:29:47,"{""short_code"":""pvMQWU"",""original_url"":""https://seeded.app/forest/canyon/849""}"
850,850,47,created,2025-05-18 03:26:39,"{""short_code"":""C7ZlcV"",""original_url"":""https://acme.dev/clear/zenith/850""}"
851,851,364,created,2026-01-28 03:34:07,"{""short_code"":""RG245e"",""original_url"":""https://relay.cloud/brisk/uplink/851""}"
852,852,193,created,2025-07-08 20:01:39,"{""short_code"":""5x0mPi"",""original_url"":""https://hackstack.io/ember/field/852""}"
853,853,380,created,2026-02-20 13:32:44,"{""short_code"":""pwIRop"",""original_url"":""https://opswise.net/urban/island/853""}"
854,854,87,created,2025-02-18 01:07:20,"{""short_code"":""99J8Id"",""original_url"":""https://seeded.app/lively/delta/854""}"
855,855,167,created,2025-02-02 05:34:45,"{""short_code"":""V7DITd"",""original_url"":""https://seeded.app/cobalt/delta/855""}"
856,856,59,created,2025-05-30 17:50:14,"{""short_code"":""RZElkG"",""original_url"":""https://seeded.app/harbor/anchor/856""}"
857,857,113,created,2025-10-24 02:10:19,"{""short_code"":""1ruQ5x"",""original_url"":""https://opswise.net/lively/anchor/857""}"
858,858,181,created,2025-02-18 02:02:57,"{""short_code"":""O2MUGx"",""original_url"":""https://opswise.net/young/island/858""}"
859,859,387,created,2025-09-16 15:04:19,"{""short_code"":""vFFPZP"",""original_url"":""https://opswise.net/keen/yard/859""}"
860,860,344,created,2025-05-10 11:50:53,"{""short_code"":""S3adlh"",""original_url"":""https://seeded.app/cobalt/trail/860""}"
861,861,245,created,2025-02-17 11:06:48,"{""short_code"":""iXK2mI"",""original_url"":""https://hackstack.io/gold/harvest/861""}"
862,862,120,created,2025-10-18 02:08:45,"{""short_code"":""jpWrT9"",""original_url"":""https://relay.cloud/rapid/pioneer/862""}"
863,863,369,created,2025-05-23 17:27:49,"{""short_code"":""m1g3Xo"",""original_url"":""https://opswise.net/vivid/garden/863""}"
864,864,39,created,2025-06-27 06:02:02,"{""short_code"":""naai3o"",""original_url"":""https://example.com/young/yard/864""}"
865,865,110,created,2025-12-29 07:35:56,"{""short_code"":""55GfRY"",""original_url"":""https://acme.dev/warm/river/865""}"
866,866,379,created,2025-02-22 07:24:27,"{""short_code"":""KYYNd4"",""original_url"":""https://opswise.net/urban/yard/866""}"
867,867,177,created,2025-12-09 07:23:47,"{""short_code"":""sYZHYG"",""original_url"":""https://example.com/rapid/beacon/867""}"
868,868,98,created,2025-01-25 18:53:48,"{""short_code"":""WCPSJ9"",""original_url"":""https://example.com/rapid/yard/868""}"
869,869,273,created,2025-12-04 10:24:51,"{""short_code"":""Ixaxf6"",""original_url"":""https://example.com/urban/engine/869""}"
870,870,65,created,2025-04-14 21:10:29,"{""short_code"":""buRXRS"",""original_url"":""https://hackstack.io/vivid/pioneer/870""}"
871,871,45,created,2025-12-31 08:55:31,"{""short_code"":""jQplL8"",""original_url"":""https://acme.dev/brisk/signal/871""}"
872,872,16,created,2025-09-30 22:09:20,"{""short_code"":""4kU62A"",""original_url"":""https://acme.dev/proud/zenith/872""}"
873,873,302,created,2025-05-07 06:56:24,"{""short_code"":""5JbbnE"",""original_url"":""https://example.com/navy/canyon/873""}"
874,874,134,created,2025-04-08 07:54:29,"{""short_code"":""MrOS8R"",""original_url"":""https://seeded.app/rapid/window/874""}"
875,875,256,created,2025-06-14 16:42:33,"{""short_code"":""0sNOMx"",""original_url"":""https://seeded.app/quiet/zenith/875""}"
876,876,318,created,2026-02-13 11:31:01,"{""short_code"":""ln0RJX"",""original_url"":""https://example.com/calm/yard/876""}"
877,877,78,created,2025-03-27 20:02:03,"{""short_code"":""QN4DiU"",""original_url"":""https://example.com/cobalt/signal/877""}"
878,878,346,created,2025-05-11 23:50:15,"{""short_code"":""yl5azT"",""original_url"":""https://example.com/amber/beacon/878""}"
879,879,341,created,2025-10-12 21:41:23,"{""short_code"":""yLU3Tp"",""original_url"":""https://example.com/opal/island/879""}"
880,880,12,created,2025-07-08 00:37:49,"{""short_code"":""2deNsy"",""original_url"":""https://seeded.app/tidy/uplink/880""}"
881,881,262,created,2025-04-11 10:30:45,"{""short_code"":""9puYYs"",""original_url"":""https://hackstack.io/brisk/valley/881""}"
882,882,301,created,2026-01-10 17:53:04,"{""short_code"":""DSyddj"",""original_url"":""https://seeded.app/calm/island/882""}"
883,883,303,created,2026-01-22 21:19:15,"{""short_code"":""9uFUKp"",""original_url"":""https://example.com/ivory/valley/883""}"
884,884,266,created,2025-10-01 07:14:26,"{""short_code"":""Rms9f6"",""original_url"":""https://example.com/clear/island/884""}"
885,885,51,created,2025-07-04 09:21:19,"{""short_code"":""a5Ssk9"",""original_url"":""https://seeded.app/navy/delta/885""}"
886,886,299,created,2025-04-27 00:36:09,"{""short_code"":""hpgT58"",""original_url"":""https://relay.cloud/navy/journey/886""}"
887,887,227,created,2025-09-20 12:26:30,"{""short_code"":""CXmxef"",""original_url"":""https://example.com/ivory/canyon/887""}"
888,888,10,created,2025-02-05 02:27:06,"{""short_code"":""Ne3aG0"",""original_url"":""https://relay.cloud/harbor/yard/888""}"
889,889,94,created,2025-05-11 18:12:22,"{""short_code"":""KeU4KV"",""original_url"":""https://relay.cloud/calm/meadow/889""}"
890,890,323,created,2026-01-06 20:40:40,"{""short_code"":""u5M7nX"",""original_url"":""https://example.com/dawn/island/890""}"
891,891,366,created,2025-03-12 11:27:39,"{""short_code"":""GUPfD1"",""original_url"":""https://hackstack.io/cobalt/delta/891""}"
892,892,39,created,2025-01-27 09:35:16,"{""short_code"":""CaCsbX"",""original_url"":""https://acme.dev/vivid/harvest/892""}"
893,893,119,created,2025-11-09 17:19:02,"{""short_code"":""3L77GY"",""original_url"":""https://example.com/navy/delta/893""}"
894,894,253,created,2025-10-01 13:02:23,"{""short_code"":""OQMMr5"",""original_url"":""https://relay.cloud/lively/trail/894""}"
895,895,165,created,2025-09-11 07:58:52,"{""short_code"":""M0ypgS"",""original_url"":""https://acme.dev/amber/uplink/895""}"
896,896,98,created,2025-03-27 05:46:52,"{""short_code"":""Q2rQ02"",""original_url"":""https://opswise.net/navy/zenith/896""}"
897,897,347,created,2025-05-21 07:59:59,"{""short_code"":""Ei34Im"",""original_url"":""https://example.com/tidy/trail/897""}"
898,898,365,created,2025-11-07 02:08:03,"{""short_code"":""HnKoc2"",""original_url"":""https://example.com/clear/orbit/898""}"
899,899,349,created,2025-09-16 08:09:35,"{""short_code"":""shvxa2"",""original_url"":""https://relay.cloud/jade/garden/899""}"
900,900,174,created,2025-02-12 10:25:36,"{""short_code"":""sO4DQH"",""original_url"":""https://acme.dev/proud/uplink/900""}"
901,901,368,created,2025-09-21 07:21:04,"{""short_code"":""sg3dkX"",""original_url"":""https://hackstack.io/clear/lagoon/901""}"
902,902,148,created,2025-05-26 04:50:10,"{""short_code"":""bjMcb5"",""original_url"":""https://seeded.app/rapid/beacon/902""}"
903,903,8,created,2026-02-06 08:32:35,"{""short_code"":""HsHKWI"",""original_url"":""https://example.com/proud/delta/903""}"
904,904,267,created,2025-05-23 21:25:10,"{""short_code"":""zmXgbC"",""original_url"":""https://opswise.net/clear/beacon/904""}"
905,905,40,created,2025-10-06 01:51:17,"{""short_code"":""L2HA96"",""original_url"":""https://relay.cloud/opal/valley/905""}"
906,906,267,created,2025-12-01 04:16:55,"{""short_code"":""osowIe"",""original_url"":""https://relay.cloud/proud/harvest/906""}"
907,907,301,created,2025-07-26 16:46:13,"{""short_code"":""r8C1Vz"",""original_url"":""https://seeded.app/urban/pioneer/907""}"
908,908,344,created,2025-09-11 20:32:45,"{""short_code"":""myUPc8"",""original_url"":""https://acme.dev/calm/lagoon/908""}"
909,909,220,created,2025-04-14 01:08:04,"{""short_code"":""3B5Ut9"",""original_url"":""https://opswise.net/cobalt/engine/909""}"
910,910,149,created,2025-11-02 09:01:11,"{""short_code"":""2wWZhP"",""original_url"":""https://seeded.app/ivory/island/910""}"
911,911,152,created,2026-02-10 05:52:16,"{""short_code"":""li3Cnh"",""original_url"":""https://example.com/ivory/pioneer/911""}"
912,912,35,created,2025-08-25 13:40:55,"{""short_code"":""7GoF1V"",""original_url"":""https://hackstack.io/keen/quartz/912""}"
913,913,353,created,2025-01-30 20:55:21,"{""short_code"":""9N43kK"",""original_url"":""https://acme.dev/brisk/journey/913""}"
914,914,249,created,2025-04-19 01:01:34,"{""short_code"":""TzmlUO"",""original_url"":""https://opswise.net/mellow/pioneer/914""}"
915,915,53,created,2025-10-17 23:15:24,"{""short_code"":""AiAeqP"",""original_url"":""https://relay.cloud/lively/window/915""}"
916,916,378,created,2025-09-05 02:45:15,"{""short_code"":""pc719K"",""original_url"":""https://relay.cloud/harbor/canyon/916""}"
917,917,56,created,2025-11-14 03:24:16,"{""short_code"":""5Gei2A"",""original_url"":""https://relay.cloud/amber/uplink/917""}"
918,918,109,created,2025-04-18 18:45:44,"{""short_code"":""3Q2BVn"",""original_url"":""https://acme.dev/silver/valley/918""}"
919,919,30,created,2025-08-27 14:03:13,"{""short_code"":""qeghS9"",""original_url"":""https://acme.dev/proud/yard/919""}"
920,920,167,created,2025-02-11 07:40:03,"{""short_code"":""HsbVG4"",""original_url"":""https://hackstack.io/calm/journey/920""}"
921,921,393,created,2025-06-04 07:32:34,"{""short_code"":""4FYtbt"",""original_url"":""https://relay.cloud/warm/quartz/921""}"
922,922,14,created,2025-07-05 12:10:52,"{""short_code"":""7a66b6"",""original_url"":""https://relay.cloud/clear/quartz/922""}"
923,923,120,created,2025-01-18 14:59:40,"{""short_code"":""shMor5"",""original_url"":""https://opswise.net/ivory/network/923""}"
924,924,381,created,2025-03-07 09:37:17,"{""short_code"":""IZ3sW6"",""original_url"":""https://example.com/brisk/garden/924""}"
925,925,262,created,2026-01-09 13:28:48,"{""short_code"":""mE2jJm"",""original_url"":""https://seeded.app/urban/field/925""}"
926,926,332,created,2025-09-04 04:50:12,"{""short_code"":""lPmuMe"",""original_url"":""https://hackstack.io/dawn/beacon/926""}"
927,927,344,created,2025-10-06 18:55:47,"{""short_code"":""91llKX"",""original_url"":""https://relay.cloud/quiet/network/927""}"
928,928,195,created,2025-11-11 11:02:21,"{""short_code"":""oeS8lf"",""original_url"":""https://hackstack.io/quiet/harvest/928""}"
929,929,339,created,2025-06-27 20:03:33,"{""short_code"":""14zNTg"",""original_url"":""https://acme.dev/young/river/929""}"
930,930,203,created,2025-02-25 05:32:09,"{""short_code"":""nKECUp"",""original_url"":""https://hackstack.io/keen/lagoon/930""}"
931,931,38,created,2025-09-19 01:15:52,"{""short_code"":""5GoN3h"",""original_url"":""https://seeded.app/silver/trail/931""}"
932,932,9,created,2025-09-21 06:08:29,"{""short_code"":""J9LeWF"",""original_url"":""https://opswise.net/navy/signal/932""}"
933,933,114,created,2025-12-02 07:27:03,"{""short_code"":""jIgqVW"",""original_url"":""https://acme.dev/ivory/valley/933""}"
934,934,392,created,2025-02-13 15:20:38,"{""short_code"":""qdfwqN"",""original_url"":""https://relay.cloud/dawn/lagoon/934""}"
935,935,385,created,2025-03-05 17:25:46,"{""short_code"":""j8ybsM"",""original_url"":""https://opswise.net/forest/uplink/935""}"
936,936,113,created,2025-10-04 13:07:21,"{""short_code"":""EMX3HB"",""original_url"":""https://acme.dev/rapid/trail/936""}"
937,937,238,created,2026-01-20 06:13:33,"{""short_code"":""trhFlK"",""original_url"":""https://relay.cloud/forest/island/937""}"
938,938,114,created,2025-01-06 07:18:13,"{""short_code"":""Aa7ZM0"",""original_url"":""https://acme.dev/clear/yard/938""}"
939,939,236,created,2025-03-07 04:28:15,"{""short_code"":""GR1Nfn"",""original_url"":""https://opswise.net/warm/beacon/939""}"
940,940,250,created,2025-05-15 23:46:53,"{""short_code"":""scgRkF"",""original_url"":""https://hackstack.io/vivid/valley/940""}"
941,941,255,created,2025-11-24 11:51:21,"{""short_code"":""FY6a3c"",""original_url"":""https://example.com/cobalt/delta/941""}"
942,942,342,created,2025-09-20 11:52:56,"{""short_code"":""49PyrO"",""original_url"":""https://relay.cloud/navy/yard/942""}"
943,943,384,created,2025-09-19 19:19:18,"{""short_code"":""Li5HCu"",""original_url"":""https://relay.cloud/navy/network/943""}"
944,944,17,created,2026-01-03 09:43:53,"{""short_code"":""Uh5fuv"",""original_url"":""https://seeded.app/clear/beacon/944""}"
945,945,229,created,2026-02-20 23:01:05,"{""short_code"":""Dtcwh8"",""original_url"":""https://opswise.net/gold/valley/945""}"
946,946,211,created,2025-01-25 10:36:01,"{""short_code"":""2foG1T"",""original_url"":""https://opswise.net/tidy/harvest/946""}"
947,947,75,created,2025-06-12 20:00:17,"{""short_code"":""wFes7F"",""original_url"":""https://seeded.app/ember/pioneer/947""}"
948,948,170,created,2025-02-22 17:43:12,"{""short_code"":""B7DpYU"",""original_url"":""https://example.com/calm/orbit/948""}"
949,949,91,created,2025-04-24 10:57:26,"{""short_code"":""bby6fF"",""original_url"":""https://hackstack.io/young/pioneer/949""}"
950,950,192,created,2025-01-01 14:15:49,"{""short_code"":""SDIeAu"",""original_url"":""https://relay.cloud/dawn/delta/950""}"
951,951,24,created,2025-05-05 22:23:58,"{""short_code"":""Zk9UFw"",""original_url"":""https://hackstack.io/opal/network/951""}"
952,952,288,created,2025-06-21 08:57:07,"{""short_code"":""QlkKUJ"",""original_url"":""https://example.com/lively/valley/952""}"
953,953,154,created,2025-03-17 20:41:56,"{""short_code"":""eAqPMb"",""original_url"":""https://acme.dev/calm/delta/953""}"
954,954,92,created,2025-09-09 14:28:19,"{""short_code"":""mMwWBL"",""original_url"":""https://opswise.net/clear/lagoon/954""}"
955,955,325,created,2025-06-06 04:22:38,"{""short_code"":""bSpRKs"",""original_url"":""https://acme.dev/vivid/yard/955""}"
956,956,119,created,2025-08-05 23:19:18,"{""short_code"":""J0Ne3Q"",""original_url"":""https://opswise.net/jade/anchor/956""}"
957,957,221,created,2025-11-26 22:34:46,"{""short_code"":""xTE1MX"",""original_url"":""https://acme.dev/mellow/pioneer/957""}"
958,958,60,created,2025-03-24 08:53:34,"{""short_code"":""nexHvz"",""original_url"":""https://acme.dev/keen/beacon/958""}"
959,959,63,created,2025-03-30 19:21:17,"{""short_code"":""x6rFcd"",""original_url"":""https://opswise.net/jade/quartz/959""}"
960,960,381,created,2025-04-03 00:50:51,"{""short_code"":""ZAn42L"",""original_url"":""https://acme.dev/ember/anchor/960""}"
961,961,340,created,2025-05-16 14:47:47,"{""short_code"":""dzjkXw"",""original_url"":""https://seeded.app/calm/zenith/961""}"
962,962,207,created,2025-05-27 03:33:51,"{""short_code"":""XXS8Rb"",""original_url"":""https://seeded.app/warm/yard/962""}"
963,963,70,created,2025-09-24 01:34:36,"{""short_code"":""Ze0eRx"",""original_url"":""https://example.com/warm/delta/963""}"
964,964,349,created,2025-12-27 10:47:40,"{""short_code"":""goF2uG"",""original_url"":""https://seeded.app/navy/valley/964""}"
965,965,363,created,2025-01-16 14:56:47,"{""short_code"":""6un9Ry"",""original_url"":""https://relay.cloud/mellow/trail/965""}"
966,966,271,created,2025-01-29 13:33:26,"{""short_code"":""HIEJpq"",""original_url"":""https://example.com/quiet/trail/966""}"
967,967,251,created,2025-03-30 16:10:14,"{""short_code"":""rBB4DT"",""original_url"":""https://seeded.app/jade/island/967""}"
968,968,375,created,2025-09-18 17:25:06,"{""short_code"":""nYughM"",""original_url"":""https://seeded.app/tidy/orbit/968""}"
969,969,18,created,2026-02-15 22:47:57,"{""short_code"":""vxb3q4"",""original_url"":""https://example.com/forest/kernel/969""}"
970,970,136,created,2025-11-13 18:45:49,"{""short_code"":""XLhvp3"",""original_url"":""https://acme.dev/young/trail/970""}"
971,971,115,created,2025-02-28 07:24:57,"{""short_code"":""DtKcyV"",""original_url"":""https://relay.cloud/clear/beacon/971""}"
972,972,94,created,2025-09-12 13:31:10,"{""short_code"":""bjUqWj"",""original_url"":""https://hackstack.io/gold/kernel/972""}"
973,973,191,created,2025-10-04 17:02:38,"{""short_code"":""oMB3LB"",""original_url"":""https://opswise.net/forest/engine/973""}"
974,974,290,created,2026-02-13 12:14:59,"{""short_code"":""OYdb1E"",""original_url"":""https://acme.dev/quiet/island/974""}"
975,975,399,created,2025-09-05 01:07:50,"{""short_code"":""7UfzdV"",""original_url"":""https://opswise.net/ivory/uplink/975""}"
976,976,17,created,2025-04-02 18:47:59,"{""short_code"":""58vr3f"",""original_url"":""https://seeded.app/dawn/trail/976""}"
977,977,180,created,2025-05-17 13:28:11,"{""short_code"":""mnFi0p"",""original_url"":""https://relay.cloud/jade/signal/977""}"
978,978,60,created,2025-01-02 18:37:25,"{""short_code"":""HS6I5l"",""original_url"":""https://example.com/ember/pioneer/978""}"
979,979,30,created,2025-07-02 20:45:30,"{""short_code"":""i6912y"",""original_url"":""https://relay.cloud/warm/network/979""}"
980,980,206,created,2025-01-03 15:54:12,"{""short_code"":""txqH4v"",""original_url"":""https://opswise.net/brisk/beacon/980""}"
981,981,57,created,2026-01-26 02:31:09,"{""short_code"":""I47sRB"",""original_url"":""https://relay.cloud/young/garden/981""}"
982,982,146,created,2025-04-02 18:55:46,"{""short_code"":""ZKBB4A"",""original_url"":""https://relay.cloud/ivory/beacon/982""}"
983,983,220,created,2025-11-23 22:46:15,"{""short_code"":""uCrc7Y"",""original_url"":""https://example.com/opal/field/983""}"
984,984,30,created,2025-02-20 05:19:07,"{""short_code"":""6DK8Bb"",""original_url"":""https://example.com/forest/meadow/984""}"
985,985,362,created,2025-03-19 14:39:05,"{""short_code"":""q1L56X"",""original_url"":""https://hackstack.io/rapid/signal/985""}"
986,986,12,created,2025-07-27 20:43:18,"{""short_code"":""lU7EFv"",""original_url"":""https://opswise.net/forest/engine/986""}"
987,987,229,created,2025-12-23 20:33:03,"{""short_code"":""14Rrlp"",""original_url"":""https://relay.cloud/clear/harvest/987""}"
988,988,229,created,2025-10-14 05:54:23,"{""short_code"":""rWYeSv"",""original_url"":""https://acme.dev/warm/kernel/988""}"
989,989,84,created,2025-11-27 14:39:51,"{""short_code"":""umFrst"",""original_url"":""https://relay.cloud/mellow/zenith/989""}"
990,990,189,created,2025-03-08 04:19:33,"{""short_code"":""xisRgC"",""original_url"":""https://hackstack.io/vivid/zenith/990""}"
991,991,306,created,2025-11-04 04:32:20,"{""short_code"":""sF9NTa"",""original_url"":""https://example.com/lively/zenith/991""}"
992,992,267,created,2025-02-09 17:21:47,"{""short_code"":""dEFWlF"",""original_url"":""https://relay.cloud/lively/kernel/992""}"
993,993,342,created,2025-11-09 23:51:41,"{""short_code"":""XcGVm3"",""original_url"":""https://example.com/ember/anchor/993""}"
994,994,337,created,2025-11-26 11:20:17,"{""short_code"":""wAkaoi"",""original_url"":""https://acme.dev/jade/trail/994""}"
995,995,390,created,2025-01-03 20:06:13,"{""short_code"":""THq0S4"",""original_url"":""https://example.com/rapid/yard/995""}"
996,996,20,created,2025-03-01 09:40:41,"{""short_code"":""wSc9sX"",""original_url"":""https://acme.dev/gold/lagoon/996""}"
997,997,14,created,2025-01-28 03:49:11,"{""short_code"":""I4gUmW"",""original_url"":""https://acme.dev/vivid/orbit/997""}"
998,998,42,created,2025-03-20 19:06:04,"{""short_code"":""hMVEcJ"",""original_url"":""https://opswise.net/keen/signal/998""}"
999,999,163,created,2025-07-10 03:48:17,"{""short_code"":""bYJ0hq"",""original_url"":""https://relay.cloud/young/zenith/999""}"
1000,1000,42,created,2025-08-18 13:27:30,"{""short_code"":""q3EVCh"",""original_url"":""https://opswise.net/warm/beacon/1000""}"
1001,1001,120,created,2025-07-23 02:17:44,"{""short_code"":""p3SY1n"",""original_url"":""https://seeded.app/forest/lagoon/1001""}"
1002,1002,245,created,2025-10-29 05:11:09,"{""short_code"":""IdpOIi"",""original_url"":""https://example.com/young/quartz/1002""}"
1003,1003,390,created,2025-05-25 10:29:14,"{""short_code"":""6mBd10"",""original_url"":""https://hackstack.io/mellow/anchor/1003""}"
1004,1004,139,created,2025-10-12 05:36:02,"{""short_code"":""jIhSAx"",""original_url"":""https://acme.dev/proud/signal/1004""}"
1005,1005,372,created,2025-04-02 11:00:25,"{""short_code"":""omHyoV"",""original_url"":""https://seeded.app/harbor/quartz/1005""}"
1006,1006,81,created,2025-04-20 15:53:08,"{""short_code"":""i7ZZdp"",""original_url"":""https://acme.dev/opal/valley/1006""}"
1007,1007,244,created,2025-09-03 01:50:58,"{""short_code"":""9ffQsn"",""original_url"":""https://acme.dev/amber/orbit/1007""}"
1008,1008,120,created,2025-06-20 13:32:22,"{""short_code"":""rnYKUe"",""original_url"":""https://relay.cloud/harbor/uplink/1008""}"
1009,1009,32,created,2025-04-19 04:54:53,"{""short_code"":""BxYw9X"",""original_url"":""https://example.com/navy/pioneer/1009""}"
1010,1010,343,created,2025-04-02 17:21:23,"{""short_code"":""9uGbXt"",""original_url"":""https://hackstack.io/warm/network/1010""}"
1011,1011,251,created,2025-05-23 00:16:27,"{""short_code"":""CDUFH6"",""original_url"":""https://seeded.app/gold/beacon/1011""}"
1012,1012,294,created,2025-06-22 23:01:48,"{""short_code"":""7pWoJS"",""original_url"":""https://relay.cloud/navy/network/1012""}"
1013,1013,376,created,2025-08-29 03:11:27,"{""short_code"":""3cVKM6"",""original_url"":""https://acme.dev/ember/field/1013""}"
1014,1014,80,created,2026-01-19 08:58:25,"{""short_code"":""kZDONQ"",""original_url"":""https://acme.dev/brisk/quartz/1014""}"
1015,1015,329,created,2026-02-20 06:58:27,"{""short_code"":""xYHSUS"",""original_url"":""https://relay.cloud/jade/quartz/1015""}"
1016,1016,93,created,2025-12-30 15:58:40,"{""short_code"":""HyRHer"",""original_url"":""https://hackstack.io/urban/trail/1016""}"
1017,1017,159,created,2025-01-29 11:42:37,"{""short_code"":""vkgd1m"",""original_url"":""https://acme.dev/amber/uplink/1017""}"
1018,1018,47,created,2025-04-23 21:19:43,"{""short_code"":""7xNt0c"",""original_url"":""https://relay.cloud/quiet/network/1018""}"
1019,1019,173,created,2025-08-11 06:43:05,"{""short_code"":""hUtAHD"",""original_url"":""https://hackstack.io/urban/river/1019""}"
1020,1020,304,created,2025-01-30 04:58:54,"{""short_code"":""KtiiV9"",""original_url"":""https://acme.dev/mellow/trail/1020""}"
1021,1021,213,created,2026-02-19 03:34:49,"{""short_code"":""UR8gsm"",""original_url"":""https://seeded.app/navy/zenith/1021""}"
1022,1022,42,created,2025-03-05 13:00:22,"{""short_code"":""gg4Sp7"",""original_url"":""https://relay.cloud/opal/lagoon/1022""}"
1023,1023,36,created,2025-01-27 11:53:43,"{""short_code"":""KupNWm"",""original_url"":""https://opswise.net/tidy/pioneer/1023""}"
1024,1024,241,created,2025-01-31 06:26:13,"{""short_code"":""9LZVJh"",""original_url"":""https://opswise.net/warm/quartz/1024""}"
1025,1025,375,created,2025-03-19 23:00:39,"{""short_code"":""t2iWdg"",""original_url"":""https://opswise.net/opal/window/1025""}"
1026,1026,224,created,2025-01-27 04:28:04,"{""short_code"":""RFJeJ0"",""original_url"":""https://opswise.net/proud/kernel/1026""}"
1027,1027,11,created,2025-10-07 06:08:41,"{""short_code"":""VORX1l"",""original_url"":""https://hackstack.io/rapid/zenith/1027""}"
1028,1028,43,created,2026-01-21 05:35:20,"{""short_code"":""aaQNWV"",""original_url"":""https://example.com/cobalt/meadow/1028""}"
1029,1029,306,created,2025-02-15 18:13:16,"{""short_code"":""xMkOpn"",""original_url"":""https://example.com/harbor/kernel/1029""}"
1030,1030,229,created,2025-11-12 16:15:41,"{""short_code"":""bpvHHg"",""original_url"":""https://hackstack.io/navy/harvest/1030""}"
1031,1031,86,created,2025-07-01 01:34:04,"{""short_code"":""k2F3jE"",""original_url"":""https://relay.cloud/amber/lagoon/1031""}"
1032,1032,355,created,2025-03-28 05:55:50,"{""short_code"":""fbEUrg"",""original_url"":""https://seeded.app/young/island/1032""}"
1033,1033,60,created,2025-05-13 17:43:14,"{""short_code"":""AXoqUp"",""original_url"":""https://example.com/warm/pioneer/1033""}"
1034,1034,1,created,2025-05-15 02:44:21,"{""short_code"":""IYaV03"",""original_url"":""https://hackstack.io/amber/meadow/1034""}"
1035,1035,59,created,2025-02-08 21:10:53,"{""short_code"":""3TbvVv"",""original_url"":""https://seeded.app/keen/journey/1035""}"
1036,1036,87,created,2025-02-19 02:32:32,"{""short_code"":""Y7WaBI"",""original_url"":""https://acme.dev/proud/meadow/1036""}"
1037,1037,162,created,2025-07-24 17:42:07,"{""short_code"":""X1fN7b"",""original_url"":""https://hackstack.io/vivid/signal/1037""}"
1038,1038,215,created,2025-02-26 04:37:46,"{""short_code"":""vBDJry"",""original_url"":""https://seeded.app/amber/island/1038""}"
1039,1039,350,created,2025-07-09 21:18:19,"{""short_code"":""vF5jH8"",""original_url"":""https://hackstack.io/urban/window/1039""}"
1040,1040,339,created,2025-05-17 18:34:24,"{""short_code"":""qeGzaY"",""original_url"":""https://hackstack.io/quiet/trail/1040""}"
1041,1041,105,created,2025-10-06 03:33:15,"{""short_code"":""hJxzr1"",""original_url"":""https://acme.dev/forest/window/1041""}"
1042,1042,281,created,2025-06-07 03:17:03,"{""short_code"":""4qw0of"",""original_url"":""https://example.com/gold/garden/1042""}"
1043,1043,48,created,2025-03-27 23:45:55,"{""short_code"":""Qr5Uac"",""original_url"":""https://example.com/warm/island/1043""}"
1044,1044,237,created,2025-03-07 03:14:33,"{""short_code"":""rgvNfd"",""original_url"":""https://seeded.app/amber/canyon/1044""}"
1045,1045,355,created,2025-06-02 23:25:35,"{""short_code"":""BvzUU5"",""original_url"":""https://opswise.net/quiet/trail/1045""}"
1046,1046,22,created,2025-10-31 01:08:26,"{""short_code"":""6DXOUt"",""original_url"":""https://relay.cloud/clear/valley/1046""}"
1047,1047,312,created,2025-04-30 11:04:49,"{""short_code"":""IAapn1"",""original_url"":""https://hackstack.io/silver/beacon/1047""}"
1048,1048,372,created,2025-05-12 00:53:21,"{""short_code"":""9p1ufm"",""original_url"":""https://acme.dev/warm/delta/1048""}"
1049,1049,237,created,2025-03-09 10:39:09,"{""short_code"":""VD6QyO"",""original_url"":""https://example.com/quiet/trail/1049""}"
1050,1050,377,created,2025-11-17 17:29:20,"{""short_code"":""b13PAe"",""original_url"":""https://seeded.app/navy/harvest/1050""}"
1051,1051,96,created,2025-01-10 09:51:47,"{""short_code"":""NWaMxC"",""original_url"":""https://acme.dev/warm/network/1051""}"
1052,1052,209,created,2025-08-29 15:37:28,"{""short_code"":""UqoHhl"",""original_url"":""https://acme.dev/mellow/zenith/1052""}"
1053,1053,76,created,2025-03-31 17:35:31,"{""short_code"":""2LzIZv"",""original_url"":""https://opswise.net/gold/delta/1053""}"
1054,1054,364,created,2026-01-28 17:48:25,"{""short_code"":""kfTZgv"",""original_url"":""https://hackstack.io/gold/river/1054""}"
1055,1055,3,created,2025-05-21 15:27:59,"{""short_code"":""FRI8WM"",""original_url"":""https://acme.dev/amber/beacon/1055""}"
1056,1056,187,created,2025-01-31 11:03:42,"{""short_code"":""LtSjY7"",""original_url"":""https://opswise.net/clear/trail/1056""}"
1057,1057,379,created,2025-06-04 23:59:22,"{""short_code"":""NNcshY"",""original_url"":""https://hackstack.io/silver/quartz/1057""}"
1058,1058,208,created,2025-03-05 15:49:23,"{""short_code"":""atfmeP"",""original_url"":""https://example.com/jade/kernel/1058""}"
1059,1059,223,created,2025-11-28 04:32:38,"{""short_code"":""i2PUFv"",""original_url"":""https://seeded.app/quiet/signal/1059""}"
1060,1060,248,created,2025-09-02 00:57:26,"{""short_code"":""SqATqm"",""original_url"":""https://acme.dev/ember/quartz/1060""}"
1061,1061,257,created,2025-08-03 13:05:32,"{""short_code"":""R8q5qv"",""original_url"":""https://relay.cloud/clear/window/1061""}"
1062,1062,183,created,2025-05-25 15:08:33,"{""short_code"":""3xfWhg"",""original_url"":""https://seeded.app/silver/yard/1062""}"
1063,1063,185,created,2025-05-13 01:37:53,"{""short_code"":""QFYjcd"",""original_url"":""https://seeded.app/lively/window/1063""}"
1064,1064,368,created,2025-03-07 17:12:47,"{""short_code"":""hZgBLA"",""original_url"":""https://hackstack.io/lively/yard/1064""}"
1065,1065,309,created,2025-02-12 10:29:25,"{""short_code"":""Ot1rwm"",""original_url"":""https://example.com/cobalt/harvest/1065""}"
1066,1066,71,created,2025-03-08 19:49:25,"{""short_code"":""clOkLN"",""original_url"":""https://opswise.net/harbor/uplink/1066""}"
1067,1067,382,created,2025-12-17 03:01:11,"{""short_code"":""5QPwCU"",""original_url"":""https://relay.cloud/navy/river/1067""}"
1068,1068,104,created,2025-08-12 05:18:20,"{""short_code"":""svWdHi"",""original_url"":""https://relay.cloud/silver/quartz/1068""}"
1069,1069,342,created,2025-07-01 16:39:47,"{""short_code"":""1YULYr"",""original_url"":""https://hackstack.io/ember/river/1069""}"
1070,1070,216,created,2025-06-26 01:15:37,"{""short_code"":""MV2dJ4"",""original_url"":""https://hackstack.io/harbor/river/1070""}"
1071,1071,144,created,2026-01-18 13:59:04,"{""short_code"":""1jYJra"",""original_url"":""https://hackstack.io/tidy/valley/1071""}"
1072,1072,293,created,2026-01-21 17:38:14,"{""short_code"":""P1p38D"",""original_url"":""https://relay.cloud/harbor/anchor/1072""}"
1073,1073,245,created,2025-02-08 05:13:28,"{""short_code"":""qf2tqF"",""original_url"":""https://example.com/jade/anchor/1073""}"
1074,1074,172,created,2026-01-21 13:48:55,"{""short_code"":""aHg6Qv"",""original_url"":""https://hackstack.io/calm/valley/1074""}"
1075,1075,141,created,2026-02-19 01:25:10,"{""short_code"":""HZ4DAr"",""original_url"":""https://acme.dev/ivory/window/1075""}"
1076,1076,198,created,2025-08-30 15:48:37,"{""short_code"":""IIc3Qq"",""original_url"":""https://relay.cloud/harbor/network/1076""}"
1077,1077,309,created,2025-04-02 07:28:56,"{""short_code"":""t0wc0t"",""original_url"":""https://hackstack.io/ember/orbit/1077""}"
1078,1078,387,created,2025-01-26 04:17:55,"{""short_code"":""Mz2vhr"",""original_url"":""https://hackstack.io/dawn/meadow/1078""}"
1079,1079,212,created,2025-02-15 20:20:35,"{""short_code"":""I7mNPl"",""original_url"":""https://relay.cloud/brisk/pioneer/1079""}"
1080,1080,75,created,2025-03-13 03:18:27,"{""short_code"":""s9nAgs"",""original_url"":""https://opswise.net/lively/canyon/1080""}"
1081,1081,205,created,2025-12-22 02:31:42,"{""short_code"":""SLQ5Jt"",""original_url"":""https://acme.dev/dawn/kernel/1081""}"
1082,1082,206,created,2025-04-28 19:15:13,"{""short_code"":""I5UjVG"",""original_url"":""https://hackstack.io/ivory/engine/1082""}"
1083,1083,254,created,2025-07-11 11:34:45,"{""short_code"":""2Fo6uS"",""original_url"":""https://seeded.app/tidy/orbit/1083""}"
1084,1084,322,created,2025-01-09 23:24:17,"{""short_code"":""uTEPyt"",""original_url"":""https://relay.cloud/harbor/quartz/1084""}"
1085,1085,271,created,2025-07-23 05:17:08,"{""short_code"":""6Coosf"",""original_url"":""https://opswise.net/jade/window/1085""}"
1086,1086,202,created,2025-12-14 13:18:42,"{""short_code"":""KiZYaA"",""original_url"":""https://seeded.app/navy/meadow/1086""}"
1087,1087,129,created,2025-02-14 13:58:03,"{""short_code"":""ZsZyr6"",""original_url"":""https://opswise.net/lively/yard/1087""}"
1088,1088,169,created,2025-05-21 19:55:56,"{""short_code"":""IB0soK"",""original_url"":""https://acme.dev/proud/kernel/1088""}"
1089,1089,292,created,2025-10-24 22:47:19,"{""short_code"":""dDRo6c"",""original_url"":""https://hackstack.io/silver/beacon/1089""}"
1090,1090,260,created,2025-05-31 22:13:13,"{""short_code"":""pnx3C4"",""original_url"":""https://acme.dev/clear/river/1090""}"
1091,1091,310,created,2025-12-02 09:05:59,"{""short_code"":""aXhzEU"",""original_url"":""https://example.com/brisk/uplink/1091""}"
1092,1092,107,created,2025-03-22 08:47:52,"{""short_code"":""CiFKsa"",""original_url"":""https://example.com/harbor/signal/1092""}"
1093,1093,290,created,2025-03-08 09:58:12,"{""short_code"":""lNFNve"",""original_url"":""https://hackstack.io/dawn/anchor/1093""}"
1094,1094,306,created,2025-11-26 00:44:01,"{""short_code"":""iH7JNR"",""original_url"":""https://relay.cloud/ember/window/1094""}"
1095,1095,383,created,2025-10-09 23:56:17,"{""short_code"":""I9pan6"",""original_url"":""https://acme.dev/calm/quartz/1095""}"
1096,1096,61,created,2025-10-03 12:17:04,"{""short_code"":""dg51oZ"",""original_url"":""https://hackstack.io/clear/orbit/1096""}"
1097,1097,126,created,2025-08-30 22:57:48,"{""short_code"":""RDsT1J"",""original_url"":""https://relay.cloud/gold/garden/1097""}"
1098,1098,284,created,2025-11-30 16:22:06,"{""short_code"":""mHouT6"",""original_url"":""https://opswise.net/vivid/garden/1098""}"
1099,1099,391,created,2025-01-20 00:08:12,"{""short_code"":""dJXYv1"",""original_url"":""https://opswise.net/quiet/orbit/1099""}"
1100,1100,186,created,2025-01-15 05:05:54,"{""short_code"":""Cfo4GF"",""original_url"":""https://seeded.app/opal/lagoon/1100""}"
1101,1101,359,created,2025-02-20 11:02:58,"{""short_code"":""aNiDQQ"",""original_url"":""https://relay.cloud/calm/river/1101""}"
1102,1102,162,created,2025-04-25 19:26:36,"{""short_code"":""VJnk2d"",""original_url"":""https://example.com/ember/orbit/1102""}"
1103,1103,328,created,2025-12-30 03:59:24,"{""short_code"":""XJlBhP"",""original_url"":""https://example.com/young/delta/1103""}"
1104,1104,29,created,2025-03-02 20:38:19,"{""short_code"":""IJ6iiX"",""original_url"":""https://relay.cloud/calm/kernel/1104""}"
1105,1105,192,created,2025-11-11 04:42:48,"{""short_code"":""YKdOmT"",""original_url"":""https://acme.dev/proud/trail/1105""}"
1106,1106,217,created,2025-09-11 19:41:27,"{""short_code"":""hGH28e"",""original_url"":""https://seeded.app/calm/river/1106""}"
1107,1107,161,created,2025-04-30 07:10:29,"{""short_code"":""GSrgDz"",""original_url"":""https://relay.cloud/warm/orbit/1107""}"
1108,1108,222,created,2025-11-04 14:39:08,"{""short_code"":""AjA2w1"",""original_url"":""https://acme.dev/gold/harvest/1108""}"
1109,1109,286,created,2025-10-06 11:09:49,"{""short_code"":""JroyRQ"",""original_url"":""https://opswise.net/harbor/island/1109""}"
1110,1110,19,created,2025-07-29 03:34:34,"{""short_code"":""FcxGup"",""original_url"":""https://acme.dev/silver/delta/1110""}"
1111,1111,305,created,2025-08-12 18:28:10,"{""short_code"":""FFzoOp"",""original_url"":""https://hackstack.io/rapid/engine/1111""}"
1112,1112,162,created,2025-06-23 15:49:47,"{""short_code"":""pXB2jx"",""original_url"":""https://example.com/dawn/beacon/1112""}"
1113,1113,340,created,2025-03-20 21:58:59,"{""short_code"":""3HYpfX"",""original_url"":""https://acme.dev/forest/trail/1113""}"
1114,1114,342,created,2025-03-23 19:23:58,"{""short_code"":""1WvDqw"",""original_url"":""https://relay.cloud/keen/river/1114""}"
1115,1115,41,created,2026-01-04 23:31:28,"{""short_code"":""V5ldBM"",""original_url"":""https://relay.cloud/dawn/anchor/1115""}"
1116,1116,75,created,2025-03-27 01:41:33,"{""short_code"":""iw1PkK"",""original_url"":""https://acme.dev/clear/valley/1116""}"
1117,1117,325,created,2025-03-07 00:27:36,"{""short_code"":""wj3vUk"",""original_url"":""https://example.com/ivory/network/1117""}"
1118,1118,339,created,2025-07-10 20:08:33,"{""short_code"":""qe6EYq"",""original_url"":""https://hackstack.io/calm/island/1118""}"
1119,1119,144,created,2025-02-21 22:26:16,"{""short_code"":""n1znrX"",""original_url"":""https://hackstack.io/silver/canyon/1119""}"
1120,1120,234,created,2025-03-03 21:49:59,"{""short_code"":""CacHNc"",""original_url"":""https://seeded.app/opal/orbit/1120""}"
1121,1121,202,created,2025-12-02 00:46:55,"{""short_code"":""x6Th0v"",""original_url"":""https://acme.dev/mellow/canyon/1121""}"
1122,1122,39,created,2025-02-05 10:55:54,"{""short_code"":""lyxCo3"",""original_url"":""https://example.com/cobalt/garden/1122""}"
1123,1123,20,created,2025-01-08 02:57:58,"{""short_code"":""dBHV8l"",""original_url"":""https://acme.dev/keen/network/1123""}"
1124,1124,319,created,2025-07-17 11:44:12,"{""short_code"":""UQTCL6"",""original_url"":""https://seeded.app/silver/window/1124""}"
1125,1125,46,created,2025-02-05 22:09:53,"{""short_code"":""Dp5Zfc"",""original_url"":""https://relay.cloud/tidy/trail/1125""}"
1126,1126,18,created,2025-10-17 21:44:14,"{""short_code"":""rpFyM4"",""original_url"":""https://acme.dev/young/kernel/1126""}"
1127,1127,100,created,2025-11-30 18:40:27,"{""short_code"":""qIpt1x"",""original_url"":""https://opswise.net/tidy/delta/1127""}"
1128,1128,214,created,2025-09-24 06:29:35,"{""short_code"":""ofvRbw"",""original_url"":""https://acme.dev/brisk/island/1128""}"
1129,1129,361,created,2025-12-13 08:23:24,"{""short_code"":""LyLGXE"",""original_url"":""https://hackstack.io/clear/anchor/1129""}"
1130,1130,293,created,2025-03-25 21:54:41,"{""short_code"":""xVtlGH"",""original_url"":""https://acme.dev/ivory/orbit/1130""}"
1131,1131,304,created,2025-10-15 18:08:06,"{""short_code"":""YhMct8"",""original_url"":""https://example.com/brisk/beacon/1131""}"
1132,1132,161,created,2025-03-17 02:37:20,"{""short_code"":""2BllKF"",""original_url"":""https://opswise.net/silver/delta/1132""}"
1133,1133,213,created,2026-02-14 10:51:24,"{""short_code"":""NYA7W2"",""original_url"":""https://opswise.net/brisk/delta/1133""}"
1134,1134,169,created,2025-12-25 10:36:06,"{""short_code"":""N8b4ZY"",""original_url"":""https://acme.dev/brisk/yard/1134""}"
1135,1135,81,created,2025-12-29 12:41:02,"{""short_code"":""ta1wrd"",""original_url"":""https://hackstack.io/opal/journey/1135""}"
1136,1136,187,created,2025-03-08 19:22:33,"{""short_code"":""00Q1nv"",""original_url"":""https://opswise.net/jade/zenith/1136""}"
1137,1137,132,created,2025-12-03 08:14:09,"{""short_code"":""HhIWSa"",""original_url"":""https://example.com/jade/quartz/1137""}"
1138,1138,164,created,2025-12-13 01:29:57,"{""short_code"":""fl0dh0"",""original_url"":""https://seeded.app/opal/garden/1138""}"
1139,1139,193,created,2025-02-07 14:37:33,"{""short_code"":""fJgIgr"",""original_url"":""https://seeded.app/warm/uplink/1139""}"
1140,1140,361,created,2026-01-29 05:32:17,"{""short_code"":""xxxEvF"",""original_url"":""https://relay.cloud/harbor/yard/1140""}"
1141,1141,272,created,2026-01-01 18:02:14,"{""short_code"":""AaBVgL"",""original_url"":""https://acme.dev/ember/kernel/1141""}"
1142,1142,386,created,2025-12-29 11:16:19,"{""short_code"":""MU027V"",""original_url"":""https://acme.dev/urban/garden/1142""}"
1143,1143,374,created,2025-09-14 17:38:55,"{""short_code"":""vjR6V8"",""original_url"":""https://opswise.net/harbor/journey/1143""}"
1144,1144,201,created,2025-04-22 15:30:01,"{""short_code"":""52I5am"",""original_url"":""https://hackstack.io/ivory/signal/1144""}"
1145,1145,2,created,2025-07-31 05:57:34,"{""short_code"":""YgszGd"",""original_url"":""https://relay.cloud/ember/trail/1145""}"
1146,1146,297,created,2025-03-03 11:47:08,"{""short_code"":""fN4MYf"",""original_url"":""https://example.com/ivory/anchor/1146""}"
1147,1147,163,created,2025-06-23 03:05:01,"{""short_code"":""6AFlLa"",""original_url"":""https://relay.cloud/lively/anchor/1147""}"
1148,1148,69,created,2025-03-06 19:02:47,"{""short_code"":""JTKa9e"",""original_url"":""https://hackstack.io/cobalt/yard/1148""}"
1149,1149,39,created,2026-01-31 12:43:05,"{""short_code"":""ea6pIF"",""original_url"":""https://seeded.app/forest/delta/1149""}"
1150,1150,248,created,2025-12-03 11:35:00,"{""short_code"":""UvzrMF"",""original_url"":""https://opswise.net/proud/river/1150""}"
1151,1151,319,created,2025-11-08 23:57:49,"{""short_code"":""xkXrrA"",""original_url"":""https://relay.cloud/vivid/field/1151""}"
1152,1152,3,created,2025-04-16 08:34:32,"{""short_code"":""EVzArM"",""original_url"":""https://acme.dev/vivid/canyon/1152""}"
1153,1153,151,created,2025-09-19 10:02:05,"{""short_code"":""9ua0rv"",""original_url"":""https://acme.dev/keen/delta/1153""}"
1154,1154,168,created,2025-01-10 09:26:18,"{""short_code"":""ZruX4J"",""original_url"":""https://relay.cloud/quiet/orbit/1154""}"
1155,1155,182,created,2025-02-28 01:08:25,"{""short_code"":""na5Lax"",""original_url"":""https://opswise.net/forest/zenith/1155""}"
1156,1156,67,created,2025-09-20 20:13:36,"{""short_code"":""HpJ3Ij"",""original_url"":""https://relay.cloud/jade/signal/1156""}"
1157,1157,298,created,2025-03-03 05:03:13,"{""short_code"":""XcwJSm"",""original_url"":""https://acme.dev/clear/garden/1157""}"
1158,1158,178,created,2025-04-23 03:44:55,"{""short_code"":""ph3iEa"",""original_url"":""https://seeded.app/harbor/beacon/1158""}"
1159,1159,281,created,2025-03-31 02:28:37,"{""short_code"":""YNl9w3"",""original_url"":""https://acme.dev/young/river/1159""}"
1160,1160,192,created,2025-01-26 08:56:11,"{""short_code"":""KSU6AB"",""original_url"":""https://example.com/ivory/trail/1160""}"
1161,1161,74,created,2025-01-14 03:35:26,"{""short_code"":""xLoZUq"",""original_url"":""https://acme.dev/tidy/kernel/1161""}"
1162,1162,345,created,2025-08-07 16:43:40,"{""short_code"":""K0r5cK"",""original_url"":""https://opswise.net/opal/meadow/1162""}"
1163,1163,192,created,2025-03-21 14:24:00,"{""short_code"":""N42nR1"",""original_url"":""https://hackstack.io/gold/yard/1163""}"
1164,1164,137,created,2026-01-18 00:33:22,"{""short_code"":""MNPLUF"",""original_url"":""https://acme.dev/keen/river/1164""}"
1165,1165,297,created,2025-08-26 21:47:23,"{""short_code"":""9iTF4L"",""original_url"":""https://relay.cloud/keen/lagoon/1165""}"
1166,1166,389,created,2025-09-14 12:47:29,"{""short_code"":""JHwHSI"",""original_url"":""https://acme.dev/silver/anchor/1166""}"
1167,1167,67,created,2025-02-19 02:29:27,"{""short_code"":""vx7GY2"",""original_url"":""https://opswise.net/young/anchor/1167""}"
1168,1168,384,created,2025-04-18 10:06:04,"{""short_code"":""VvYtj1"",""original_url"":""https://opswise.net/ivory/island/1168""}"
1169,1169,257,created,2025-10-31 06:19:27,"{""short_code"":""byisf4"",""original_url"":""https://relay.cloud/young/delta/1169""}"
1170,1170,1,created,2025-06-18 19:48:30,"{""short_code"":""P9FfXR"",""original_url"":""https://opswise.net/calm/window/1170""}"
1171,1171,15,created,2025-03-02 16:15:21,"{""short_code"":""3lqWDJ"",""original_url"":""https://relay.cloud/rapid/river/1171""}"
1172,1172,95,created,2025-07-05 03:42:06,"{""short_code"":""Uu2cSI"",""original_url"":""https://hackstack.io/keen/river/1172""}"
1173,1173,302,created,2025-08-29 23:05:43,"{""short_code"":""Oez6eD"",""original_url"":""https://acme.dev/mellow/meadow/1173""}"
1174,1174,280,created,2025-04-29 12:48:51,"{""short_code"":""S8gi7U"",""original_url"":""https://acme.dev/harbor/pioneer/1174""}"
1175,1175,308,created,2025-03-06 20:57:43,"{""short_code"":""3I1eWr"",""original_url"":""https://hackstack.io/dawn/valley/1175""}"
1176,1176,73,created,2025-02-09 10:24:48,"{""short_code"":""A6Z3R1"",""original_url"":""https://hackstack.io/silver/trail/1176""}"
1177,1177,138,created,2025-11-28 12:51:28,"{""short_code"":""V1kHGg"",""original_url"":""https://acme.dev/warm/lagoon/1177""}"
1178,1178,81,created,2025-05-26 06:02:56,"{""short_code"":""azDa7D"",""original_url"":""https://acme.dev/navy/meadow/1178""}"
1179,1179,338,created,2025-04-17 20:43:58,"{""short_code"":""CUsonV"",""original_url"":""https://hackstack.io/rapid/orbit/1179""}"
1180,1180,395,created,2025-03-29 16:58:57,"{""short_code"":""19nPsG"",""original_url"":""https://example.com/quiet/window/1180""}"
1181,1181,271,created,2025-08-08 17:53:13,"{""short_code"":""SXqFIU"",""original_url"":""https://seeded.app/harbor/journey/1181""}"
1182,1182,274,created,2025-07-24 00:43:42,"{""short_code"":""S3WAbg"",""original_url"":""https://opswise.net/ivory/pioneer/1182""}"
1183,1183,193,created,2025-04-22 23:47:15,"{""short_code"":""vWeccl"",""original_url"":""https://hackstack.io/keen/lagoon/1183""}"
1184,1184,15,created,2025-01-16 11:02:37,"{""short_code"":""hgEwuS"",""original_url"":""https://seeded.app/gold/window/1184""}"
1185,1185,149,created,2025-06-17 09:58:01,"{""short_code"":""P9FPwf"",""original_url"":""https://acme.dev/lively/network/1185""}"
1186,1186,360,created,2025-12-12 15:54:43,"{""short_code"":""LGljdO"",""original_url"":""https://relay.cloud/silver/meadow/1186""}"
1187,1187,256,created,2025-01-08 07:14:46,"{""short_code"":""BGWTOC"",""original_url"":""https://relay.cloud/gold/beacon/1187""}"
1188,1188,382,created,2025-07-20 01:05:11,"{""short_code"":""vXDoyR"",""original_url"":""https://relay.cloud/navy/engine/1188""}"
1189,1189,301,created,2025-06-09 22:33:23,"{""short_code"":""45LZkp"",""original_url"":""https://hackstack.io/dawn/delta/1189""}"
1190,1190,239,created,2025-07-09 19:16:49,"{""short_code"":""Z3QaHO"",""original_url"":""https://acme.dev/clear/network/1190""}"
1191,1191,85,created,2025-03-01 11:02:50,"{""short_code"":""Mi1v6a"",""original_url"":""https://seeded.app/silver/meadow/1191""}"
1192,1192,74,created,2025-08-10 14:30:14,"{""short_code"":""wC9nW2"",""original_url"":""https://seeded.app/brisk/anchor/1192""}"
1193,1193,54,created,2025-10-03 20:26:03,"{""short_code"":""3Sv3Lx"",""original_url"":""https://relay.cloud/brisk/beacon/1193""}"
1194,1194,263,created,2025-03-19 05:45:07,"{""short_code"":""ixKN4k"",""original_url"":""https://hackstack.io/amber/orbit/1194""}"
1195,1195,27,created,2025-01-20 23:39:14,"{""short_code"":""iW7WwP"",""original_url"":""https://relay.cloud/ember/valley/1195""}"
1196,1196,324,created,2025-12-27 05:55:28,"{""short_code"":""OIC5I2"",""original_url"":""https://hackstack.io/quiet/kernel/1196""}"
1197,1197,43,created,2025-06-14 18:06:23,"{""short_code"":""7bYxUL"",""original_url"":""https://acme.dev/amber/signal/1197""}"
1198,1198,191,created,2025-10-05 22:51:07,"{""short_code"":""CkjBeE"",""original_url"":""https://example.com/mellow/river/1198""}"
1199,1199,228,created,2025-09-16 21:35:41,"{""short_code"":""4ZYTYz"",""original_url"":""https://opswise.net/tidy/journey/1199""}"
1200,1200,130,created,2025-03-03 07:02:16,"{""short_code"":""hFvGwe"",""original_url"":""https://seeded.app/forest/kernel/1200""}"
1201,1201,350,created,2025-05-09 03:37:18,"{""short_code"":""M8s3kK"",""original_url"":""https://seeded.app/ivory/beacon/1201""}"
1202,1202,370,created,2025-03-17 15:44:11,"{""short_code"":""XgAri5"",""original_url"":""https://acme.dev/opal/uplink/1202""}"
1203,1203,75,created,2025-02-07 13:52:43,"{""short_code"":""0AQlFU"",""original_url"":""https://example.com/gold/delta/1203""}"
1204,1204,225,created,2025-11-06 09:09:27,"{""short_code"":""KEfSFz"",""original_url"":""https://acme.dev/lively/anchor/1204""}"
1205,1205,315,created,2025-05-31 00:13:12,"{""short_code"":""uGujHC"",""original_url"":""https://opswise.net/quiet/yard/1205""}"
1206,1206,43,created,2025-09-29 00:57:47,"{""short_code"":""Rlp2QR"",""original_url"":""https://acme.dev/mellow/harvest/1206""}"
1207,1207,274,created,2025-01-02 13:51:31,"{""short_code"":""t0BmMJ"",""original_url"":""https://example.com/lively/network/1207""}"
1208,1208,228,created,2025-02-03 22:51:03,"{""short_code"":""nypE2W"",""original_url"":""https://acme.dev/warm/quartz/1208""}"
1209,1209,180,created,2025-03-03 12:19:02,"{""short_code"":""JPC12C"",""original_url"":""https://seeded.app/silver/zenith/1209""}"
1210,1210,190,created,2025-04-01 16:13:42,"{""short_code"":""07HKLP"",""original_url"":""https://acme.dev/ember/lagoon/1210""}"
1211,1211,6,created,2025-04-01 11:58:14,"{""short_code"":""H1dTVj"",""original_url"":""https://hackstack.io/clear/river/1211""}"
1212,1212,11,created,2025-04-06 16:04:14,"{""short_code"":""iWnvcA"",""original_url"":""https://example.com/vivid/river/1212""}"
1213,1213,80,created,2025-09-20 15:57:32,"{""short_code"":""sKtmTU"",""original_url"":""https://acme.dev/jade/pioneer/1213""}"
1214,1214,227,created,2025-03-17 21:42:20,"{""short_code"":""QVlkT9"",""original_url"":""https://opswise.net/calm/engine/1214""}"
1215,1215,350,created,2025-10-10 02:38:28,"{""short_code"":""rAMR3P"",""original_url"":""https://example.com/amber/island/1215""}"
1216,1216,121,created,2025-07-04 06:59:20,"{""short_code"":""TBZn4M"",""original_url"":""https://seeded.app/dawn/signal/1216""}"
1217,1217,364,created,2025-11-25 15:22:31,"{""short_code"":""K2yfSH"",""original_url"":""https://relay.cloud/opal/orbit/1217""}"
1218,1218,86,created,2025-02-24 07:44:17,"{""short_code"":""2A2gJR"",""original_url"":""https://example.com/quiet/valley/1218""}"
1219,1219,46,created,2025-02-19 14:40:00,"{""short_code"":""n5sKvl"",""original_url"":""https://example.com/rapid/canyon/1219""}"
1220,1220,130,created,2025-06-12 21:53:52,"{""short_code"":""z3lE0L"",""original_url"":""https://hackstack.io/urban/field/1220""}"
1221,1221,113,created,2026-02-11 10:48:34,"{""short_code"":""z3SsUA"",""original_url"":""https://relay.cloud/young/quartz/1221""}"
1222,1222,223,created,2025-01-19 17:04:41,"{""short_code"":""zuutQQ"",""original_url"":""https://relay.cloud/rapid/quartz/1222""}"
1223,1223,326,created,2025-01-29 03:50:34,"{""short_code"":""f3XHTz"",""original_url"":""https://hackstack.io/silver/network/1223""}"
1224,1224,174,created,2025-01-16 17:56:29,"{""short_code"":""02FcnE"",""original_url"":""https://example.com/gold/harvest/1224""}"
1225,1225,140,created,2025-05-30 18:55:27,"{""short_code"":""vd0kVR"",""original_url"":""https://seeded.app/proud/field/1225""}"
1226,1226,175,created,2025-12-18 10:54:07,"{""short_code"":""EHhs9J"",""original_url"":""https://seeded.app/quiet/pioneer/1226""}"
1227,1227,244,created,2025-05-10 23:32:39,"{""short_code"":""84JC6j"",""original_url"":""https://example.com/rapid/island/1227""}"
1228,1228,52,created,2025-01-02 19:49:22,"{""short_code"":""YGJ5nl"",""original_url"":""https://relay.cloud/opal/orbit/1228""}"
1229,1229,105,created,2025-01-02 22:14:34,"{""short_code"":""WMLxqd"",""original_url"":""https://relay.cloud/young/beacon/1229""}"
1230,1230,122,created,2025-07-03 13:09:50,"{""short_code"":""13mTkr"",""original_url"":""https://acme.dev/ivory/island/1230""}"
1231,1231,298,created,2025-10-02 03:04:07,"{""short_code"":""YAmzI0"",""original_url"":""https://example.com/navy/uplink/1231""}"
1232,1232,148,created,2025-10-22 00:25:37,"{""short_code"":""9vNVGB"",""original_url"":""https://seeded.app/tidy/meadow/1232""}"
1233,1233,28,created,2025-07-05 19:51:40,"{""short_code"":""HtoSme"",""original_url"":""https://example.com/lively/river/1233""}"
1234,1234,340,created,2025-06-10 03:26:26,"{""short_code"":""UMfypn"",""original_url"":""https://opswise.net/brisk/valley/1234""}"
1235,1235,246,created,2025-07-05 10:17:19,"{""short_code"":""PhVcN3"",""original_url"":""https://seeded.app/brisk/uplink/1235""}"
1236,1236,294,created,2026-02-01 06:59:54,"{""short_code"":""teNwXc"",""original_url"":""https://acme.dev/vivid/trail/1236""}"
1237,1237,6,created,2025-09-17 01:30:01,"{""short_code"":""lfpLnV"",""original_url"":""https://acme.dev/opal/lagoon/1237""}"
1238,1238,338,created,2025-05-10 23:05:39,"{""short_code"":""Jr76qv"",""original_url"":""https://acme.dev/keen/garden/1238""}"
1239,1239,115,created,2025-11-21 11:07:59,"{""short_code"":""Ft7e3g"",""original_url"":""https://hackstack.io/warm/pioneer/1239""}"
1240,1240,226,created,2025-01-03 18:34:49,"{""short_code"":""Ebl1XV"",""original_url"":""https://hackstack.io/clear/field/1240""}"
1241,1241,386,created,2025-12-17 03:33:19,"{""short_code"":""VkcDz5"",""original_url"":""https://relay.cloud/gold/lagoon/1241""}"
1242,1242,187,created,2025-10-11 12:12:08,"{""short_code"":""nX2Crd"",""original_url"":""https://example.com/cobalt/signal/1242""}"
1243,1243,230,created,2025-01-23 21:38:08,"{""short_code"":""AevFW4"",""original_url"":""https://example.com/tidy/uplink/1243""}"
1244,1244,244,created,2025-10-23 14:21:45,"{""short_code"":""4E8q4I"",""original_url"":""https://seeded.app/quiet/pioneer/1244""}"
1245,1245,290,created,2025-12-11 19:33:42,"{""short_code"":""HY2O8C"",""original_url"":""https://opswise.net/tidy/valley/1245""}"
1246,1246,47,created,2025-05-08 10:38:04,"{""short_code"":""YEgefv"",""original_url"":""https://acme.dev/calm/yard/1246""}"
1247,1247,296,created,2025-09-26 11:50:29,"{""short_code"":""8wtg2L"",""original_url"":""https://hackstack.io/jade/trail/1247""}"
1248,1248,36,created,2025-12-16 01:15:38,"{""short_code"":""IhxmuG"",""original_url"":""https://relay.cloud/silver/trail/1248""}"
1249,1249,122,created,2025-06-28 13:34:43,"{""short_code"":""ORdVOU"",""original_url"":""https://seeded.app/dawn/meadow/1249""}"
1250,1250,115,created,2025-03-14 20:35:06,"{""short_code"":""JHMV2d"",""original_url"":""https://hackstack.io/tidy/orbit/1250""}"
1251,1251,114,created,2026-01-25 06:58:09,"{""short_code"":""jyFsbU"",""original_url"":""https://seeded.app/warm/delta/1251""}"
1252,1252,394,created,2025-08-25 18:32:05,"{""short_code"":""QugrSA"",""original_url"":""https://acme.dev/lively/engine/1252""}"
1253,1253,351,created,2025-12-31 01:59:06,"{""short_code"":""vctYW1"",""original_url"":""https://opswise.net/warm/pioneer/1253""}"
1254,1254,141,created,2026-01-12 21:59:26,"{""short_code"":""eW7HcJ"",""original_url"":""https://acme.dev/lively/field/1254""}"
1255,1255,260,created,2025-05-13 17:46:54,"{""short_code"":""UVAt19"",""original_url"":""https://acme.dev/ember/quartz/1255""}"
1256,1256,27,created,2025-10-05 05:49:19,"{""short_code"":""PLbVHM"",""original_url"":""https://acme.dev/quiet/window/1256""}"
1257,1257,45,created,2025-01-16 23:25:49,"{""short_code"":""rRI0Yb"",""original_url"":""https://hackstack.io/warm/window/1257""}"
1258,1258,223,created,2026-01-29 22:02:04,"{""short_code"":""b8uRpB"",""original_url"":""https://seeded.app/quiet/meadow/1258""}"
1259,1259,54,created,2025-05-30 22:35:49,"{""short_code"":""10HWDE"",""original_url"":""https://example.com/harbor/lagoon/1259""}"
1260,1260,55,created,2025-06-01 17:32:23,"{""short_code"":""B3tgud"",""original_url"":""https://acme.dev/rapid/island/1260""}"
1261,1261,266,created,2025-11-24 08:24:21,"{""short_code"":""adPUXP"",""original_url"":""https://relay.cloud/harbor/window/1261""}"
1262,1262,156,created,2025-12-22 21:38:15,"{""short_code"":""8jlv6u"",""original_url"":""https://acme.dev/gold/network/1262""}"
1263,1263,32,created,2025-01-18 04:57:24,"{""short_code"":""2nJKUO"",""original_url"":""https://opswise.net/quiet/uplink/1263""}"
1264,1264,277,created,2025-04-21 17:30:07,"{""short_code"":""9tdvHb"",""original_url"":""https://acme.dev/silver/beacon/1264""}"
1265,1265,312,created,2025-04-10 19:12:00,"{""short_code"":""ZDuYUc"",""original_url"":""https://example.com/quiet/river/1265""}"
1266,1266,67,created,2025-03-15 04:45:21,"{""short_code"":""1A9Fkx"",""original_url"":""https://example.com/quiet/river/1266""}"
1267,1267,300,created,2025-09-12 23:18:43,"{""short_code"":""XhUMgx"",""original_url"":""https://hackstack.io/gold/engine/1267""}"
1268,1268,79,created,2025-07-27 04:06:46,"{""short_code"":""pie79S"",""original_url"":""https://acme.dev/ember/canyon/1268""}"
1269,1269,136,created,2025-06-15 16:54:48,"{""short_code"":""54YgIR"",""original_url"":""https://hackstack.io/lively/trail/1269""}"
1270,1270,53,created,2025-04-13 15:31:45,"{""short_code"":""XoZ0ZS"",""original_url"":""https://opswise.net/silver/canyon/1270""}"
1271,1271,388,created,2025-11-05 05:25:36,"{""short_code"":""k9AgAf"",""original_url"":""https://example.com/young/anchor/1271""}"
1272,1272,307,created,2025-03-10 09:35:17,"{""short_code"":""nkClJB"",""original_url"":""https://relay.cloud/dawn/valley/1272""}"
1273,1273,42,created,2025-08-05 18:03:14,"{""short_code"":""Aj0TJR"",""original_url"":""https://seeded.app/harbor/pioneer/1273""}"
1274,1274,178,created,2025-01-31 18:50:14,"{""short_code"":""UhXTdS"",""original_url"":""https://acme.dev/rapid/harvest/1274""}"
1275,1275,385,created,2026-01-21 12:23:41,"{""short_code"":""VUsJ2r"",""original_url"":""https://hackstack.io/urban/lagoon/1275""}"
1276,1276,292,created,2026-02-06 04:28:56,"{""short_code"":""GG13h2"",""original_url"":""https://example.com/silver/signal/1276""}"
1277,1277,65,created,2025-02-19 07:29:57,"{""short_code"":""zDRMII"",""original_url"":""https://relay.cloud/warm/river/1277""}"
1278,1278,370,created,2026-01-20 01:53:40,"{""short_code"":""ejsuLW"",""original_url"":""https://acme.dev/brisk/valley/1278""}"
1279,1279,318,created,2025-08-16 23:28:27,"{""short_code"":""IV9McA"",""original_url"":""https://hackstack.io/urban/delta/1279""}"
1280,1280,92,created,2025-06-20 07:09:41,"{""short_code"":""L6LuLT"",""original_url"":""https://example.com/clear/journey/1280""}"
1281,1281,27,created,2025-06-12 04:19:11,"{""short_code"":""yjE2U9"",""original_url"":""https://relay.cloud/dawn/trail/1281""}"
1282,1282,142,created,2026-02-09 17:30:53,"{""short_code"":""JpMls6"",""original_url"":""https://seeded.app/warm/journey/1282""}"
1283,1283,108,created,2025-01-03 06:33:08,"{""short_code"":""WyZuZ9"",""original_url"":""https://example.com/ember/uplink/1283""}"
1284,1284,78,created,2025-07-11 19:46:20,"{""short_code"":""FBRu6t"",""original_url"":""https://acme.dev/lively/orbit/1284""}"
1285,1285,52,created,2025-10-22 11:34:33,"{""short_code"":""6eyByh"",""original_url"":""https://opswise.net/keen/canyon/1285""}"
1286,1286,55,created,2026-01-03 14:32:12,"{""short_code"":""HCFvDz"",""original_url"":""https://seeded.app/mellow/beacon/1286""}"
1287,1287,201,created,2025-12-27 21:37:30,"{""short_code"":""3FaEjm"",""original_url"":""https://example.com/urban/orbit/1287""}"
1288,1288,84,created,2025-10-19 06:39:14,"{""short_code"":""pv5xJF"",""original_url"":""https://hackstack.io/harbor/field/1288""}"
1289,1289,17,created,2025-07-17 12:31:57,"{""short_code"":""LbqVsC"",""original_url"":""https://example.com/dawn/river/1289""}"
1290,1290,312,created,2025-08-14 06:50:00,"{""short_code"":""9hmg3u"",""original_url"":""https://seeded.app/forest/window/1290""}"
1291,1291,242,created,2025-05-22 09:27:12,"{""short_code"":""m74U5L"",""original_url"":""https://hackstack.io/silver/uplink/1291""}"
1292,1292,174,created,2025-03-06 08:30:54,"{""short_code"":""aLsZkT"",""original_url"":""https://acme.dev/lively/quartz/1292""}"
1293,1293,139,created,2025-01-20 16:18:16,"{""short_code"":""WyheGg"",""original_url"":""https://relay.cloud/young/garden/1293""}"
1294,1294,25,created,2025-08-20 04:16:59,"{""short_code"":""gFJMyR"",""original_url"":""https://relay.cloud/clear/journey/1294""}"
1295,1295,101,created,2025-05-02 11:06:52,"{""short_code"":""DO4prd"",""original_url"":""https://hackstack.io/mellow/orbit/1295""}"
1296,1296,271,created,2025-11-05 07:06:21,"{""short_code"":""UdBafA"",""original_url"":""https://example.com/brisk/anchor/1296""}"
1297,1297,353,created,2025-03-23 11:12:25,"{""short_code"":""ZfAoGg"",""original_url"":""https://relay.cloud/forest/valley/1297""}"
1298,1298,253,created,2025-03-21 00:05:49,"{""short_code"":""JxwMbK"",""original_url"":""https://hackstack.io/vivid/delta/1298""}"
1299,1299,85,created,2025-02-22 20:23:29,"{""short_code"":""J2nm66"",""original_url"":""https://example.com/cobalt/engine/1299""}"
1300,1300,315,created,2025-05-31 16:59:44,"{""short_code"":""ZGHLjk"",""original_url"":""https://relay.cloud/calm/window/1300""}"
1301,1301,385,created,2026-01-02 19:45:41,"{""short_code"":""ywIMAI"",""original_url"":""https://hackstack.io/vivid/lagoon/1301""}"
1302,1302,131,created,2025-09-01 18:13:20,"{""short_code"":""WoiJsV"",""original_url"":""https://seeded.app/ivory/river/1302""}"
1303,1303,240,created,2025-04-24 07:39:18,"{""short_code"":""adAFQo"",""original_url"":""https://example.com/young/journey/1303""}"
1304,1304,181,created,2026-01-18 12:57:50,"{""short_code"":""9RdQJW"",""original_url"":""https://relay.cloud/forest/valley/1304""}"
1305,1305,131,created,2025-10-17 14:20:56,"{""short_code"":""1WjE93"",""original_url"":""https://relay.cloud/quiet/orbit/1305""}"
1306,1306,214,created,2025-03-31 23:16:43,"{""short_code"":""fK97kM"",""original_url"":""https://example.com/clear/network/1306""}"
1307,1307,313,created,2026-01-27 15:20:37,"{""short_code"":""0tpeGK"",""original_url"":""https://opswise.net/forest/meadow/1307""}"
1308,1308,385,created,2025-04-01 14:35:11,"{""short_code"":""LuJVtF"",""original_url"":""https://relay.cloud/vivid/journey/1308""}"
1309,1309,39,created,2025-08-13 04:45:42,"{""short_code"":""g2VBgS"",""original_url"":""https://acme.dev/brisk/beacon/1309""}"
1310,1310,338,created,2025-05-31 05:06:37,"{""short_code"":""cFPKZC"",""original_url"":""https://example.com/clear/uplink/1310""}"
1311,1311,179,created,2025-09-12 05:53:29,"{""short_code"":""M0Axpq"",""original_url"":""https://opswise.net/quiet/delta/1311""}"
1312,1312,154,created,2025-04-23 03:16:44,"{""short_code"":""qpUkMn"",""original_url"":""https://relay.cloud/keen/zenith/1312""}"
1313,1313,120,created,2025-06-04 12:20:43,"{""short_code"":""MEiEHw"",""original_url"":""https://example.com/quiet/kernel/1313""}"
1314,1314,313,created,2025-12-29 10:50:24,"{""short_code"":""aDm0mx"",""original_url"":""https://seeded.app/amber/canyon/1314""}"
1315,1315,77,created,2025-01-27 09:58:33,"{""short_code"":""g4Ej1L"",""original_url"":""https://example.com/quiet/meadow/1315""}"
1316,1316,97,created,2025-08-18 13:40:52,"{""short_code"":""lj7aX5"",""original_url"":""https://seeded.app/silver/island/1316""}"
1317,1317,278,created,2025-01-23 19:35:02,"{""short_code"":""94IKIZ"",""original_url"":""https://opswise.net/brisk/kernel/1317""}"
1318,1318,102,created,2025-07-09 20:30:18,"{""short_code"":""n5tpBC"",""original_url"":""https://acme.dev/ivory/network/1318""}"
1319,1319,205,created,2025-10-31 09:06:38,"{""short_code"":""dVC8iH"",""original_url"":""https://seeded.app/keen/lagoon/1319""}"
1320,1320,19,created,2025-08-22 09:50:17,"{""short_code"":""atX4Vg"",""original_url"":""https://example.com/ember/engine/1320""}"
1321,1321,220,created,2025-10-13 16:52:29,"{""short_code"":""XV3OPV"",""original_url"":""https://example.com/gold/field/1321""}"
1322,1322,231,created,2025-05-10 13:37:01,"{""short_code"":""tXvuuf"",""original_url"":""https://example.com/lively/lagoon/1322""}"
1323,1323,175,created,2025-07-31 15:26:43,"{""short_code"":""rBwsvL"",""original_url"":""https://hackstack.io/keen/orbit/1323""}"
1324,1324,24,created,2025-06-30 01:30:02,"{""short_code"":""j1yAlp"",""original_url"":""https://relay.cloud/ember/garden/1324""}"
1325,1325,68,created,2025-11-18 20:54:53,"{""short_code"":""nLgSjw"",""original_url"":""https://acme.dev/calm/lagoon/1325""}"
1326,1326,331,created,2025-05-22 08:28:04,"{""short_code"":""H2Pnmh"",""original_url"":""https://hackstack.io/amber/field/1326""}"
1327,1327,58,created,2025-06-26 12:33:45,"{""short_code"":""cmyluX"",""original_url"":""https://relay.cloud/warm/beacon/1327""}"
1328,1328,143,created,2025-11-18 17:23:06,"{""short_code"":""tKPqnV"",""original_url"":""https://opswise.net/brisk/lagoon/1328""}"
1329,1329,213,created,2026-01-26 14:35:56,"{""short_code"":""IZYB8j"",""original_url"":""https://relay.cloud/urban/canyon/1329""}"
1330,1330,181,created,2026-01-26 18:13:52,"{""short_code"":""JBTVUN"",""original_url"":""https://acme.dev/brisk/beacon/1330""}"
1331,1331,362,created,2025-05-17 11:31:29,"{""short_code"":""3q7X8Z"",""original_url"":""https://opswise.net/gold/garden/1331""}"
1332,1332,184,created,2025-05-15 00:54:59,"{""short_code"":""1KwJGW"",""original_url"":""https://seeded.app/rapid/zenith/1332""}"
1333,1333,190,created,2025-12-31 13:02:02,"{""short_code"":""jVLRg3"",""original_url"":""https://acme.dev/harbor/field/1333""}"
1334,1334,258,created,2025-11-03 05:07:04,"{""short_code"":""DNTDFT"",""original_url"":""https://relay.cloud/jade/lagoon/1334""}"
1335,1335,215,created,2025-04-24 03:23:52,"{""short_code"":""Pn2eyy"",""original_url"":""https://opswise.net/jade/garden/1335""}"
1336,1336,84,created,2025-09-07 09:26:32,"{""short_code"":""vC6JX3"",""original_url"":""https://opswise.net/jade/delta/1336""}"
1337,1337,319,created,2025-06-27 02:38:32,"{""short_code"":""7aolCG"",""original_url"":""https://hackstack.io/warm/anchor/1337""}"
1338,1338,286,created,2026-01-12 17:30:37,"{""short_code"":""lCMpJC"",""original_url"":""https://relay.cloud/rapid/engine/1338""}"
1339,1339,178,created,2025-09-05 18:10:53,"{""short_code"":""FlGAWJ"",""original_url"":""https://seeded.app/dawn/engine/1339""}"
1340,1340,144,created,2025-03-31 03:29:50,"{""short_code"":""lsMvsv"",""original_url"":""https://acme.dev/calm/zenith/1340""}"
1341,1341,359,created,2025-10-13 23:32:50,"{""short_code"":""juqaBI"",""original_url"":""https://acme.dev/clear/signal/1341""}"
1342,1342,189,created,2025-02-11 15:49:53,"{""short_code"":""jeRbGS"",""original_url"":""https://seeded.app/gold/harvest/1342""}"
1343,1343,22,created,2025-04-17 21:04:53,"{""short_code"":""Dal5bq"",""original_url"":""https://example.com/calm/quartz/1343""}"
1344,1344,121,created,2025-08-17 17:56:27,"{""short_code"":""lUECUN"",""original_url"":""https://acme.dev/opal/trail/1344""}"
1345,1345,371,created,2025-12-31 09:24:06,"{""short_code"":""P37dia"",""original_url"":""https://example.com/harbor/island/1345""}"
1346,1346,218,created,2025-02-19 18:17:29,"{""short_code"":""jKezaN"",""original_url"":""https://seeded.app/cobalt/uplink/1346""}"
1347,1347,330,created,2025-09-06 02:32:16,"{""short_code"":""CPZAEr"",""original_url"":""https://seeded.app/forest/window/1347""}"
1348,1348,200,created,2025-07-10 01:20:51,"{""short_code"":""AtlaPy"",""original_url"":""https://seeded.app/ivory/river/1348""}"
1349,1349,235,created,2025-03-06 19:19:14,"{""short_code"":""WIPKoN"",""original_url"":""https://relay.cloud/forest/lagoon/1349""}"
1350,1350,105,created,2026-01-02 10:38:50,"{""short_code"":""bPZDmi"",""original_url"":""https://seeded.app/calm/harvest/1350""}"
1351,1351,282,created,2025-08-25 08:02:24,"{""short_code"":""JMNzU1"",""original_url"":""https://opswise.net/clear/orbit/1351""}"
1352,1352,170,created,2025-11-13 10:59:56,"{""short_code"":""O9Pjlf"",""original_url"":""https://acme.dev/opal/network/1352""}"
1353,1353,93,created,2025-06-17 19:08:30,"{""short_code"":""r3HjbR"",""original_url"":""https://acme.dev/silver/orbit/1353""}"
1354,1354,293,created,2025-05-18 22:14:42,"{""short_code"":""bDAUmd"",""original_url"":""https://acme.dev/vivid/orbit/1354""}"
1355,1355,331,created,2026-01-08 06:56:09,"{""short_code"":""DIb0Vd"",""original_url"":""https://seeded.app/gold/delta/1355""}"
1356,1356,366,created,2025-10-08 18:59:24,"{""short_code"":""Tgwz0X"",""original_url"":""https://example.com/urban/engine/1356""}"
1357,1357,211,created,2025-03-01 09:29:37,"{""short_code"":""EgVUEA"",""original_url"":""https://hackstack.io/proud/anchor/1357""}"
1358,1358,188,created,2026-01-07 03:34:59,"{""short_code"":""6rOJs4"",""original_url"":""https://example.com/mellow/network/1358""}"
1359,1359,211,created,2025-05-19 21:19:23,"{""short_code"":""mHfcWA"",""original_url"":""https://hackstack.io/vivid/garden/1359""}"
1360,1360,242,created,2025-01-31 12:19:44,"{""short_code"":""RnxbhF"",""original_url"":""https://seeded.app/warm/network/1360""}"
1361,1361,193,created,2025-03-17 19:43:45,"{""short_code"":""P6Qvnx"",""original_url"":""https://seeded.app/mellow/garden/1361""}"
1362,1362,187,created,2025-10-10 12:42:17,"{""short_code"":""VXexHU"",""original_url"":""https://relay.cloud/tidy/trail/1362""}"
1363,1363,295,created,2025-09-26 03:13:14,"{""short_code"":""zqsGDe"",""original_url"":""https://opswise.net/calm/anchor/1363""}"
1364,1364,81,created,2026-01-07 17:53:19,"{""short_code"":""gEI7p6"",""original_url"":""https://hackstack.io/harbor/beacon/1364""}"
1365,1365,282,created,2025-11-28 17:52:10,"{""short_code"":""Y38Fth"",""original_url"":""https://acme.dev/dawn/garden/1365""}"
1366,1366,316,created,2025-05-23 02:45:33,"{""short_code"":""dtRXDk"",""original_url"":""https://opswise.net/vivid/window/1366""}"
1367,1367,88,created,2025-07-12 19:23:54,"{""short_code"":""1CKZpW"",""original_url"":""https://acme.dev/quiet/window/1367""}"
1368,1368,244,created,2025-04-26 10:05:46,"{""short_code"":""ACcLYd"",""original_url"":""https://opswise.net/navy/pioneer/1368""}"
1369,1369,122,created,2025-08-13 07:32:52,"{""short_code"":""4raDw5"",""original_url"":""https://seeded.app/cobalt/window/1369""}"
1370,1370,338,created,2025-11-25 06:14:39,"{""short_code"":""r3ATm8"",""original_url"":""https://example.com/keen/island/1370""}"
1371,1371,152,created,2025-04-21 06:22:34,"{""short_code"":""47TkFz"",""original_url"":""https://acme.dev/keen/window/1371""}"
1372,1372,45,created,2025-11-29 05:40:45,"{""short_code"":""aJsN9y"",""original_url"":""https://seeded.app/quiet/network/1372""}"
1373,1373,23,created,2025-11-11 16:39:51,"{""short_code"":""ojrqG6"",""original_url"":""https://seeded.app/quiet/canyon/1373""}"
1374,1374,92,created,2025-08-29 22:24:25,"{""short_code"":""KX1ncR"",""original_url"":""https://opswise.net/ember/trail/1374""}"
1375,1375,202,created,2025-11-15 13:58:19,"{""short_code"":""d4MZuK"",""original_url"":""https://relay.cloud/silver/zenith/1375""}"
1376,1376,223,created,2026-01-06 05:28:52,"{""short_code"":""dUwQTv"",""original_url"":""https://hackstack.io/cobalt/valley/1376""}"
1377,1377,105,created,2025-05-21 10:05:21,"{""short_code"":""yozQWS"",""original_url"":""https://relay.cloud/clear/canyon/1377""}"
1378,1378,84,created,2025-03-10 18:04:47,"{""short_code"":""7LEB2r"",""original_url"":""https://relay.cloud/tidy/journey/1378""}"
1379,1379,380,created,2025-03-25 03:33:21,"{""short_code"":""ETdCRu"",""original_url"":""https://example.com/opal/engine/1379""}"
1380,1380,107,created,2025-04-04 18:43:47,"{""short_code"":""5sGaTo"",""original_url"":""https://seeded.app/cobalt/network/1380""}"
1381,1381,276,created,2025-12-10 06:49:14,"{""short_code"":""mBHMnQ"",""original_url"":""https://relay.cloud/opal/meadow/1381""}"
1382,1382,129,created,2025-01-06 18:43:13,"{""short_code"":""bEG87a"",""original_url"":""https://acme.dev/harbor/lagoon/1382""}"
1383,1383,279,created,2025-03-23 00:59:41,"{""short_code"":""K3nAx1"",""original_url"":""https://acme.dev/young/garden/1383""}"
1384,1384,254,created,2025-04-05 04:34:57,"{""short_code"":""XokaBY"",""original_url"":""https://example.com/lively/yard/1384""}"
1385,1385,313,created,2025-06-26 21:45:48,"{""short_code"":""LgemeU"",""original_url"":""https://example.com/dawn/yard/1385""}"
1386,1386,58,created,2025-11-05 04:18:03,"{""short_code"":""SEK6Wp"",""original_url"":""https://relay.cloud/gold/river/1386""}"
1387,1387,365,created,2025-05-29 01:01:05,"{""short_code"":""832Pab"",""original_url"":""https://seeded.app/vivid/pioneer/1387""}"
1388,1388,72,created,2025-12-23 16:47:32,"{""short_code"":""3dPDza"",""original_url"":""https://relay.cloud/clear/zenith/1388""}"
1389,1389,301,created,2025-09-26 13:32:28,"{""short_code"":""WiAa3a"",""original_url"":""https://relay.cloud/ember/engine/1389""}"
1390,1390,248,created,2025-12-17 11:36:07,"{""short_code"":""EMea7B"",""original_url"":""https://example.com/silver/harvest/1390""}"
1391,1391,65,created,2025-04-27 08:22:05,"{""short_code"":""1RFoCW"",""original_url"":""https://relay.cloud/jade/island/1391""}"
1392,1392,228,created,2025-03-02 00:28:01,"{""short_code"":""0GzcyB"",""original_url"":""https://relay.cloud/proud/lagoon/1392""}"
1393,1393,174,created,2025-03-26 21:57:49,"{""short_code"":""Mzi7WI"",""original_url"":""https://example.com/brisk/lagoon/1393""}"
1394,1394,200,created,2025-10-22 08:28:34,"{""short_code"":""abYO7z"",""original_url"":""https://seeded.app/tidy/meadow/1394""}"
1395,1395,48,created,2025-12-16 07:25:45,"{""short_code"":""TcksTo"",""original_url"":""https://example.com/amber/journey/1395""}"
1396,1396,160,created,2025-10-03 02:07:02,"{""short_code"":""6TaBtu"",""original_url"":""https://seeded.app/navy/journey/1396""}"
1397,1397,239,created,2026-02-09 04:55:47,"{""short_code"":""7i2b6x"",""original_url"":""https://acme.dev/urban/harvest/1397""}"
1398,1398,249,created,2025-03-20 09:04:14,"{""short_code"":""9ppDuN"",""original_url"":""https://opswise.net/quiet/delta/1398""}"
1399,1399,197,created,2025-09-07 06:53:29,"{""short_code"":""opLJhu"",""original_url"":""https://hackstack.io/cobalt/lagoon/1399""}"
1400,1400,373,created,2025-09-06 09:24:59,"{""short_code"":""r2PPmh"",""original_url"":""https://seeded.app/gold/meadow/1400""}"
1401,1401,214,created,2025-03-30 15:24:51,"{""short_code"":""GhiVYs"",""original_url"":""https://opswise.net/keen/yard/1401""}"
1402,1402,214,created,2025-09-23 22:47:42,"{""short_code"":""r8ULLk"",""original_url"":""https://opswise.net/proud/signal/1402""}"
1403,1403,382,created,2025-03-30 07:04:06,"{""short_code"":""GPXNcu"",""original_url"":""https://opswise.net/young/anchor/1403""}"
1404,1404,279,created,2025-12-11 01:16:50,"{""short_code"":""63aPKq"",""original_url"":""https://seeded.app/quiet/pioneer/1404""}"
1405,1405,347,created,2025-07-06 20:57:42,"{""short_code"":""0OXFCG"",""original_url"":""https://relay.cloud/harbor/garden/1405""}"
1406,1406,251,created,2025-02-26 19:48:47,"{""short_code"":""1ij7GM"",""original_url"":""https://acme.dev/amber/engine/1406""}"
1407,1407,118,created,2025-06-15 14:47:59,"{""short_code"":""LmQJIT"",""original_url"":""https://opswise.net/navy/zenith/1407""}"
1408,1408,186,created,2025-11-13 09:18:10,"{""short_code"":""lczEN4"",""original_url"":""https://opswise.net/ember/valley/1408""}"
1409,1409,122,created,2025-01-21 12:24:14,"{""short_code"":""wsvAyG"",""original_url"":""https://seeded.app/mellow/zenith/1409""}"
1410,1410,398,created,2025-08-22 15:04:40,"{""short_code"":""6SjcN0"",""original_url"":""https://relay.cloud/brisk/uplink/1410""}"
1411,1411,240,created,2025-03-25 00:19:22,"{""short_code"":""tmlu6d"",""original_url"":""https://seeded.app/forest/meadow/1411""}"
1412,1412,345,created,2025-01-17 10:46:53,"{""short_code"":""1IUnIO"",""original_url"":""https://seeded.app/young/field/1412""}"
1413,1413,25,created,2025-07-26 15:47:22,"{""short_code"":""2YiVco"",""original_url"":""https://relay.cloud/keen/harvest/1413""}"
1414,1414,86,created,2025-03-03 19:00:02,"{""short_code"":""8hoJaf"",""original_url"":""https://acme.dev/harbor/garden/1414""}"
1415,1415,150,created,2025-12-02 01:55:16,"{""short_code"":""2BKOFP"",""original_url"":""https://example.com/mellow/garden/1415""}"
1416,1416,92,created,2025-01-28 05:24:01,"{""short_code"":""pNTeor"",""original_url"":""https://acme.dev/warm/zenith/1416""}"
1417,1417,4,created,2025-04-02 21:55:05,"{""short_code"":""xhMEfb"",""original_url"":""https://acme.dev/rapid/journey/1417""}"
1418,1418,371,created,2025-06-12 07:38:19,"{""short_code"":""w6YmFs"",""original_url"":""https://opswise.net/forest/uplink/1418""}"
1419,1419,32,created,2025-03-23 11:11:31,"{""short_code"":""HudoWW"",""original_url"":""https://acme.dev/calm/yard/1419""}"
1420,1420,84,created,2025-07-21 01:01:31,"{""short_code"":""ZA0lJW"",""original_url"":""https://example.com/opal/uplink/1420""}"
1421,1421,389,created,2025-07-17 17:11:20,"{""short_code"":""zgK7c3"",""original_url"":""https://example.com/opal/network/1421""}"
1422,1422,65,created,2025-04-23 16:17:34,"{""short_code"":""AfOcQT"",""original_url"":""https://acme.dev/amber/kernel/1422""}"
1423,1423,257,created,2025-08-28 22:05:27,"{""short_code"":""yMr3fS"",""original_url"":""https://relay.cloud/dawn/zenith/1423""}"
1424,1424,243,created,2026-01-29 11:29:15,"{""short_code"":""WqFCdF"",""original_url"":""https://opswise.net/young/island/1424""}"
1425,1425,293,created,2025-03-11 14:31:06,"{""short_code"":""OsDevv"",""original_url"":""https://example.com/lively/orbit/1425""}"
1426,1426,164,created,2025-06-10 21:43:38,"{""short_code"":""ufideI"",""original_url"":""https://relay.cloud/forest/network/1426""}"
1427,1427,392,created,2025-08-27 18:15:07,"{""short_code"":""75TZ0f"",""original_url"":""https://acme.dev/amber/canyon/1427""}"
1428,1428,177,created,2025-12-11 02:57:17,"{""short_code"":""65iKeH"",""original_url"":""https://acme.dev/silver/uplink/1428""}"
1429,1429,214,created,2025-03-17 03:40:11,"{""short_code"":""iSWRlt"",""original_url"":""https://hackstack.io/quiet/yard/1429""}"
1430,1430,346,created,2025-06-19 23:36:22,"{""short_code"":""0yjFM8"",""original_url"":""https://acme.dev/forest/engine/1430""}"
1431,1431,6,created,2025-03-06 00:30:48,"{""short_code"":""OZcdGv"",""original_url"":""https://hackstack.io/calm/yard/1431""}"
1432,1432,190,created,2025-10-18 10:12:47,"{""short_code"":""HgHcIi"",""original_url"":""https://example.com/cobalt/journey/1432""}"
1433,1433,370,created,2025-08-16 02:27:22,"{""short_code"":""TrGong"",""original_url"":""https://relay.cloud/calm/network/1433""}"
1434,1434,366,created,2025-12-18 15:53:06,"{""short_code"":""KiyHKd"",""original_url"":""https://hackstack.io/proud/field/1434""}"
1435,1435,239,created,2025-01-23 18:17:44,"{""short_code"":""S6dkAG"",""original_url"":""https://hackstack.io/navy/delta/1435""}"
1436,1436,185,created,2025-12-08 17:17:10,"{""short_code"":""VdOd0Q"",""original_url"":""https://acme.dev/tidy/zenith/1436""}"
1437,1437,341,created,2025-05-27 07:41:06,"{""short_code"":""Hnr06I"",""original_url"":""https://opswise.net/keen/harvest/1437""}"
1438,1438,344,created,2025-08-21 05:18:54,"{""short_code"":""0g3WAe"",""original_url"":""https://example.com/opal/journey/1438""}"
1439,1439,304,created,2025-07-11 02:31:34,"{""short_code"":""75iEP6"",""original_url"":""https://example.com/rapid/island/1439""}"
1440,1440,220,created,2025-04-05 18:45:36,"{""short_code"":""WDmqxx"",""original_url"":""https://seeded.app/dawn/window/1440""}"
1441,1441,74,created,2025-10-20 23:10:25,"{""short_code"":""S5i2o3"",""original_url"":""https://opswise.net/quiet/river/1441""}"
1442,1442,376,created,2025-06-01 15:42:15,"{""short_code"":""kA5PEE"",""original_url"":""https://acme.dev/urban/trail/1442""}"
1443,1443,46,created,2025-03-07 20:53:48,"{""short_code"":""apl0ih"",""original_url"":""https://seeded.app/silver/signal/1443""}"
1444,1444,280,created,2025-04-04 10:54:18,"{""short_code"":""l3PJhC"",""original_url"":""https://acme.dev/silver/lagoon/1444""}"
1445,1445,325,created,2025-05-25 16:47:18,"{""short_code"":""PH73zA"",""original_url"":""https://hackstack.io/urban/zenith/1445""}"
1446,1446,97,created,2025-05-19 14:54:57,"{""short_code"":""wNR08l"",""original_url"":""https://example.com/vivid/river/1446""}"
1447,1447,8,created,2025-03-13 14:07:50,"{""short_code"":""8cUYPv"",""original_url"":""https://relay.cloud/warm/engine/1447""}"
1448,1448,321,created,2025-04-21 03:58:26,"{""short_code"":""HFm4G2"",""original_url"":""https://seeded.app/harbor/harvest/1448""}"
1449,1449,269,created,2025-09-21 17:17:11,"{""short_code"":""jM5rln"",""original_url"":""https://hackstack.io/urban/signal/1449""}"
1450,1450,248,created,2025-04-18 15:54:49,"{""short_code"":""VzoY6I"",""original_url"":""https://relay.cloud/brisk/beacon/1450""}"
1451,1451,139,created,2025-09-30 03:29:51,"{""short_code"":""ys2V2d"",""original_url"":""https://seeded.app/rapid/window/1451""}"
1452,1452,82,created,2026-01-01 03:17:32,"{""short_code"":""l7RyDY"",""original_url"":""https://acme.dev/silver/window/1452""}"
1453,1453,392,created,2025-01-19 18:45:26,"{""short_code"":""qmp6zf"",""original_url"":""https://relay.cloud/urban/island/1453""}"
1454,1454,62,created,2025-12-12 07:51:00,"{""short_code"":""jQD61K"",""original_url"":""https://seeded.app/ivory/quartz/1454""}"
1455,1455,165,created,2025-11-12 11:10:52,"{""short_code"":""QNAYXj"",""original_url"":""https://acme.dev/cobalt/signal/1455""}"
1456,1456,164,created,2025-10-31 12:51:31,"{""short_code"":""b5kdYc"",""original_url"":""https://acme.dev/quiet/trail/1456""}"
1457,1457,225,created,2025-05-31 12:06:24,"{""short_code"":""u0I8J1"",""original_url"":""https://seeded.app/brisk/zenith/1457""}"
1458,1458,217,created,2025-12-11 04:06:28,"{""short_code"":""JnzX0O"",""original_url"":""https://acme.dev/opal/field/1458""}"
1459,1459,97,created,2025-12-06 23:39:52,"{""short_code"":""64DsoB"",""original_url"":""https://relay.cloud/ivory/river/1459""}"
1460,1460,179,created,2025-04-16 16:35:35,"{""short_code"":""bc1VT1"",""original_url"":""https://example.com/vivid/meadow/1460""}"
1461,1461,287,created,2025-09-05 09:20:13,"{""short_code"":""rZJpCj"",""original_url"":""https://seeded.app/warm/engine/1461""}"
1462,1462,130,created,2025-04-05 06:51:25,"{""short_code"":""Lfb6d1"",""original_url"":""https://acme.dev/calm/delta/1462""}"
1463,1463,367,created,2025-02-18 13:22:06,"{""short_code"":""rFdMAf"",""original_url"":""https://hackstack.io/opal/island/1463""}"
1464,1464,92,created,2025-02-27 07:14:15,"{""short_code"":""LGneWn"",""original_url"":""https://hackstack.io/silver/island/1464""}"
1465,1465,277,created,2025-03-25 12:50:09,"{""short_code"":""3iHkC5"",""original_url"":""https://hackstack.io/gold/engine/1465""}"
1466,1466,324,created,2025-04-06 17:46:04,"{""short_code"":""n6yBAN"",""original_url"":""https://opswise.net/tidy/garden/1466""}"
1467,1467,315,created,2025-12-21 05:29:46,"{""short_code"":""UP4rej"",""original_url"":""https://relay.cloud/proud/garden/1467""}"
1468,1468,83,created,2025-01-16 03:11:08,"{""short_code"":""4bLJqX"",""original_url"":""https://relay.cloud/keen/kernel/1468""}"
1469,1469,308,created,2026-02-11 13:09:46,"{""short_code"":""iKFL7r"",""original_url"":""https://hackstack.io/forest/harvest/1469""}"
1470,1470,274,created,2025-02-15 06:47:05,"{""short_code"":""jAMrPX"",""original_url"":""https://relay.cloud/jade/kernel/1470""}"
1471,1471,144,created,2026-01-04 04:54:33,"{""short_code"":""mjA9xB"",""original_url"":""https://hackstack.io/rapid/canyon/1471""}"
1472,1472,289,created,2026-01-15 08:10:06,"{""short_code"":""LWrfZ7"",""original_url"":""https://hackstack.io/amber/anchor/1472""}"
1473,1473,120,created,2025-05-23 05:26:21,"{""short_code"":""0lFmyx"",""original_url"":""https://seeded.app/amber/harvest/1473""}"
1474,1474,38,created,2025-10-02 21:02:59,"{""short_code"":""hSynPx"",""original_url"":""https://relay.cloud/lively/window/1474""}"
1475,1475,314,created,2025-04-14 09:07:59,"{""short_code"":""j9YRC1"",""original_url"":""https://example.com/ember/yard/1475""}"
1476,1476,307,created,2025-08-30 22:48:14,"{""short_code"":""nz04fO"",""original_url"":""https://hackstack.io/proud/orbit/1476""}"
1477,1477,175,created,2025-02-11 09:49:07,"{""short_code"":""vnxaVo"",""original_url"":""https://hackstack.io/rapid/kernel/1477""}"
1478,1478,207,created,2025-08-30 22:50:54,"{""short_code"":""juZaA9"",""original_url"":""https://hackstack.io/jade/river/1478""}"
1479,1479,113,created,2026-01-17 19:32:27,"{""short_code"":""LDBOal"",""original_url"":""https://relay.cloud/proud/meadow/1479""}"
1480,1480,164,created,2025-11-24 05:00:52,"{""short_code"":""ucivGf"",""original_url"":""https://hackstack.io/tidy/beacon/1480""}"
1481,1481,292,created,2025-03-25 10:48:06,"{""short_code"":""AjCl65"",""original_url"":""https://relay.cloud/mellow/field/1481""}"
1482,1482,275,created,2025-03-26 12:15:36,"{""short_code"":""a04tke"",""original_url"":""https://opswise.net/warm/canyon/1482""}"
1483,1483,283,created,2025-12-08 19:49:35,"{""short_code"":""mTY9y6"",""original_url"":""https://example.com/mellow/yard/1483""}"
1484,1484,171,created,2025-01-02 11:26:29,"{""short_code"":""y2XfTF"",""original_url"":""https://example.com/vivid/journey/1484""}"
1485,1485,138,created,2025-01-11 06:17:08,"{""short_code"":""7NRike"",""original_url"":""https://hackstack.io/gold/delta/1485""}"
1486,1486,181,created,2025-11-26 23:27:44,"{""short_code"":""W1WDKH"",""original_url"":""https://relay.cloud/keen/delta/1486""}"
1487,1487,231,created,2025-01-05 17:07:24,"{""short_code"":""Owwnh9"",""original_url"":""https://hackstack.io/mellow/field/1487""}"
1488,1488,192,created,2025-02-09 14:37:04,"{""short_code"":""LWAOjL"",""original_url"":""https://example.com/warm/quartz/1488""}"
1489,1489,102,created,2026-01-24 10:46:07,"{""short_code"":""XQBjVK"",""original_url"":""https://hackstack.io/vivid/uplink/1489""}"
1490,1490,349,created,2026-02-04 09:21:16,"{""short_code"":""91EdyN"",""original_url"":""https://relay.cloud/ivory/lagoon/1490""}"
1491,1491,326,created,2025-10-17 05:55:59,"{""short_code"":""RGZlHs"",""original_url"":""https://opswise.net/harbor/river/1491""}"
1492,1492,317,created,2025-10-21 11:38:01,"{""short_code"":""pwalWI"",""original_url"":""https://acme.dev/young/island/1492""}"
1493,1493,254,created,2025-12-17 05:55:02,"{""short_code"":""Vtrj6H"",""original_url"":""https://opswise.net/calm/lagoon/1493""}"
1494,1494,222,created,2025-04-08 16:56:48,"{""short_code"":""up4PZ0"",""original_url"":""https://seeded.app/young/field/1494""}"
1495,1495,143,created,2025-11-26 23:18:00,"{""short_code"":""IhF4vf"",""original_url"":""https://relay.cloud/keen/network/1495""}"
1496,1496,6,created,2026-01-20 14:55:02,"{""short_code"":""8JAb1f"",""original_url"":""https://relay.cloud/clear/field/1496""}"
1497,1497,12,created,2025-10-25 23:09:45,"{""short_code"":""21mYzN"",""original_url"":""https://acme.dev/lively/delta/1497""}"
1498,1498,174,created,2026-01-01 08:23:27,"{""short_code"":""4eUggd"",""original_url"":""https://hackstack.io/calm/pioneer/1498""}"
1499,1499,99,created,2026-02-09 02:15:45,"{""short_code"":""DUc82S"",""original_url"":""https://example.com/calm/delta/1499""}"
1500,1500,331,created,2025-04-24 02:04:43,"{""short_code"":""Fq6Pqp"",""original_url"":""https://opswise.net/dawn/journey/1500""}"
1501,1501,98,created,2025-01-01 20:04:36,"{""short_code"":""67gVVV"",""original_url"":""https://relay.cloud/opal/uplink/1501""}"
1502,1502,335,created,2025-02-03 21:55:33,"{""short_code"":""ZVvL5d"",""original_url"":""https://relay.cloud/keen/pioneer/1502""}"
1503,1503,191,created,2025-02-22 18:33:35,"{""short_code"":""ENCEL4"",""original_url"":""https://opswise.net/silver/trail/1503""}"
1504,1504,233,created,2025-09-01 13:08:51,"{""short_code"":""MNPrgp"",""original_url"":""https://opswise.net/forest/lagoon/1504""}"
1505,1505,353,created,2025-10-08 20:30:04,"{""short_code"":""wX2Bnf"",""original_url"":""https://example.com/brisk/field/1505""}"
1506,1506,343,created,2025-12-29 18:28:18,"{""short_code"":""TY4QLs"",""original_url"":""https://seeded.app/brisk/lagoon/1506""}"
1507,1507,82,created,2025-03-20 15:14:52,"{""short_code"":""fXvoWp"",""original_url"":""https://example.com/brisk/yard/1507""}"
1508,1508,359,created,2025-06-15 12:23:04,"{""short_code"":""oUO0CX"",""original_url"":""https://relay.cloud/amber/canyon/1508""}"
1509,1509,125,created,2025-04-29 01:55:27,"{""short_code"":""pYShrJ"",""original_url"":""https://hackstack.io/brisk/yard/1509""}"
1510,1510,117,created,2025-01-26 09:59:19,"{""short_code"":""UTBUds"",""original_url"":""https://hackstack.io/ivory/river/1510""}"
1511,1511,260,created,2025-09-19 12:39:08,"{""short_code"":""4AZSeS"",""original_url"":""https://hackstack.io/brisk/quartz/1511""}"
1512,1512,180,created,2025-06-13 23:01:11,"{""short_code"":""Jsn9Ea"",""original_url"":""https://example.com/tidy/window/1512""}"
1513,1513,44,created,2025-07-05 07:53:15,"{""short_code"":""nt8Eq1"",""original_url"":""https://seeded.app/urban/uplink/1513""}"
1514,1514,66,created,2025-12-26 21:39:44,"{""short_code"":""x4ZiJj"",""original_url"":""https://seeded.app/proud/journey/1514""}"
1515,1515,174,created,2025-04-13 07:49:12,"{""short_code"":""uLJdHi"",""original_url"":""https://acme.dev/rapid/meadow/1515""}"
1516,1516,98,created,2025-03-04 15:33:11,"{""short_code"":""M0pVL3"",""original_url"":""https://acme.dev/opal/field/1516""}"
1517,1517,315,created,2025-11-04 07:54:46,"{""short_code"":""bZLM1M"",""original_url"":""https://acme.dev/ivory/meadow/1517""}"
1518,1518,318,created,2025-04-06 10:25:31,"{""short_code"":""6jvNRE"",""original_url"":""https://relay.cloud/jade/garden/1518""}"
1519,1519,43,created,2025-05-28 20:48:48,"{""short_code"":""eSRDmS"",""original_url"":""https://example.com/warm/valley/1519""}"
1520,1520,284,created,2025-07-20 07:28:00,"{""short_code"":""lKADay"",""original_url"":""https://acme.dev/ember/delta/1520""}"
1521,1521,292,created,2025-02-28 17:11:25,"{""short_code"":""ri8O3x"",""original_url"":""https://hackstack.io/jade/quartz/1521""}"
1522,1522,328,created,2025-10-05 06:58:27,"{""short_code"":""uSYBlI"",""original_url"":""https://acme.dev/lively/kernel/1522""}"
1523,1523,338,created,2025-05-27 07:21:50,"{""short_code"":""slVoRp"",""original_url"":""https://hackstack.io/lively/engine/1523""}"
1524,1524,141,created,2025-05-12 18:49:52,"{""short_code"":""5rd6sy"",""original_url"":""https://example.com/gold/trail/1524""}"
1525,1525,31,created,2025-07-08 21:58:48,"{""short_code"":""1lXB8i"",""original_url"":""https://hackstack.io/vivid/river/1525""}"
1526,1526,350,created,2025-11-06 17:58:01,"{""short_code"":""OMBgvn"",""original_url"":""https://example.com/ember/zenith/1526""}"
1527,1527,207,created,2025-09-05 02:03:28,"{""short_code"":""xyKutM"",""original_url"":""https://seeded.app/silver/kernel/1527""}"
1528,1528,93,created,2025-05-16 02:23:45,"{""short_code"":""H5IuxS"",""original_url"":""https://acme.dev/quiet/river/1528""}"
1529,1529,81,created,2025-11-05 05:28:14,"{""short_code"":""H25T0M"",""original_url"":""https://example.com/cobalt/window/1529""}"
1530,1530,103,created,2025-03-09 09:39:02,"{""short_code"":""1dvDXU"",""original_url"":""https://acme.dev/ember/island/1530""}"
1531,1531,362,created,2025-06-22 12:35:20,"{""short_code"":""d36WPW"",""original_url"":""https://hackstack.io/amber/island/1531""}"
1532,1532,360,created,2025-12-14 19:18:19,"{""short_code"":""zcHJRa"",""original_url"":""https://acme.dev/lively/quartz/1532""}"
1533,1533,310,created,2025-03-11 00:37:55,"{""short_code"":""KNuqxN"",""original_url"":""https://acme.dev/lively/signal/1533""}"
1534,1534,175,created,2025-11-22 18:33:12,"{""short_code"":""vmUXgz"",""original_url"":""https://opswise.net/calm/quartz/1534""}"
1535,1535,370,created,2025-02-26 09:42:59,"{""short_code"":""ofSl89"",""original_url"":""https://opswise.net/lively/pioneer/1535""}"
1536,1536,348,created,2026-02-20 02:18:42,"{""short_code"":""w3SZNu"",""original_url"":""https://hackstack.io/calm/kernel/1536""}"
1537,1537,175,created,2025-11-12 18:56:43,"{""short_code"":""GhBfo1"",""original_url"":""https://acme.dev/opal/engine/1537""}"
1538,1538,367,created,2025-12-02 03:11:16,"{""short_code"":""tTbXKK"",""original_url"":""https://hackstack.io/quiet/island/1538""}"
1539,1539,213,created,2025-09-09 13:48:24,"{""short_code"":""4DTNIg"",""original_url"":""https://seeded.app/warm/signal/1539""}"
1540,1540,298,created,2025-01-09 08:24:38,"{""short_code"":""Y2tq7W"",""original_url"":""https://relay.cloud/ember/island/1540""}"
1541,1541,79,created,2025-03-06 20:36:46,"{""short_code"":""fyDdM9"",""original_url"":""https://example.com/forest/field/1541""}"
1542,1542,154,created,2025-11-16 08:57:25,"{""short_code"":""kVBAE8"",""original_url"":""https://relay.cloud/gold/window/1542""}"
1543,1543,183,created,2025-11-05 16:04:19,"{""short_code"":""nnuWMY"",""original_url"":""https://opswise.net/proud/beacon/1543""}"
1544,1544,54,created,2025-06-20 10:33:25,"{""short_code"":""l8nxB6"",""original_url"":""https://hackstack.io/warm/field/1544""}"
1545,1545,310,created,2025-09-07 09:45:50,"{""short_code"":""OoDr9J"",""original_url"":""https://opswise.net/dawn/canyon/1545""}"
1546,1546,142,created,2025-02-09 02:44:16,"{""short_code"":""L0atf9"",""original_url"":""https://acme.dev/silver/zenith/1546""}"
1547,1547,200,created,2025-05-13 04:35:53,"{""short_code"":""vQmCcp"",""original_url"":""https://seeded.app/vivid/quartz/1547""}"
1548,1548,182,created,2025-11-05 09:41:03,"{""short_code"":""KQttuc"",""original_url"":""https://hackstack.io/harbor/network/1548""}"
1549,1549,248,created,2025-06-24 10:39:58,"{""short_code"":""Wedskw"",""original_url"":""https://opswise.net/ember/meadow/1549""}"
1550,1550,269,created,2025-12-24 16:56:43,"{""short_code"":""9YErEP"",""original_url"":""https://example.com/proud/quartz/1550""}"
1551,1551,27,created,2026-02-18 04:40:34,"{""short_code"":""TDWYb1"",""original_url"":""https://example.com/urban/beacon/1551""}"
1552,1552,201,created,2025-02-19 19:04:43,"{""short_code"":""61TBoW"",""original_url"":""https://hackstack.io/cobalt/meadow/1552""}"
1553,1553,192,created,2025-01-25 16:34:31,"{""short_code"":""lAd00l"",""original_url"":""https://acme.dev/gold/river/1553""}"
1554,1554,207,created,2025-02-26 04:47:37,"{""short_code"":""rwFlbP"",""original_url"":""https://acme.dev/opal/delta/1554""}"
1555,1555,169,created,2025-03-16 11:50:44,"{""short_code"":""S2B1Hw"",""original_url"":""https://opswise.net/mellow/river/1555""}"
1556,1556,277,created,2026-02-14 12:11:55,"{""short_code"":""tDMmXz"",""original_url"":""https://seeded.app/navy/trail/1556""}"
1557,1557,167,created,2026-02-12 12:53:19,"{""short_code"":""9kDDC7"",""original_url"":""https://example.com/young/network/1557""}"
1558,1558,379,created,2025-05-15 00:52:05,"{""short_code"":""FSvRtr"",""original_url"":""https://example.com/quiet/island/1558""}"
1559,1559,172,created,2026-01-10 09:25:13,"{""short_code"":""EzN5qZ"",""original_url"":""https://acme.dev/forest/delta/1559""}"
1560,1560,64,created,2025-12-30 01:34:32,"{""short_code"":""6tnNv9"",""original_url"":""https://relay.cloud/opal/quartz/1560""}"
1561,1561,155,created,2025-09-17 17:56:31,"{""short_code"":""1tkAVE"",""original_url"":""https://opswise.net/clear/beacon/1561""}"
1562,1562,181,created,2026-01-12 00:09:53,"{""short_code"":""a7mRJn"",""original_url"":""https://seeded.app/proud/pioneer/1562""}"
1563,1563,337,created,2025-11-30 07:21:00,"{""short_code"":""smonrD"",""original_url"":""https://seeded.app/dawn/window/1563""}"
1564,1564,153,created,2025-04-12 04:18:44,"{""short_code"":""dV0eUf"",""original_url"":""https://opswise.net/ivory/meadow/1564""}"
1565,1565,133,created,2025-06-03 14:08:40,"{""short_code"":""uCqHnI"",""original_url"":""https://opswise.net/brisk/signal/1565""}"
1566,1566,326,created,2025-07-13 21:00:02,"{""short_code"":""RSHL0w"",""original_url"":""https://opswise.net/navy/pioneer/1566""}"
1567,1567,116,created,2025-10-14 06:36:38,"{""short_code"":""ocasP9"",""original_url"":""https://hackstack.io/silver/network/1567""}"
1568,1568,141,created,2025-07-27 19:25:47,"{""short_code"":""EQlNCQ"",""original_url"":""https://opswise.net/clear/harvest/1568""}"
1569,1569,313,created,2025-04-30 22:47:30,"{""short_code"":""d8X1qB"",""original_url"":""https://seeded.app/amber/yard/1569""}"
1570,1570,283,created,2025-05-04 16:52:26,"{""short_code"":""ZUiahQ"",""original_url"":""https://hackstack.io/silver/lagoon/1570""}"
1571,1571,347,created,2025-07-22 20:35:33,"{""short_code"":""kZdKwy"",""original_url"":""https://seeded.app/tidy/canyon/1571""}"
1572,1572,44,created,2025-04-05 16:45:36,"{""short_code"":""ppTRNZ"",""original_url"":""https://example.com/proud/pioneer/1572""}"
1573,1573,148,created,2025-09-17 08:49:08,"{""short_code"":""lKTqFF"",""original_url"":""https://relay.cloud/jade/orbit/1573""}"
1574,1574,16,created,2025-09-21 03:28:49,"{""short_code"":""nXmuSN"",""original_url"":""https://relay.cloud/rapid/zenith/1574""}"
1575,1575,262,created,2025-11-20 19:37:29,"{""short_code"":""dfeHSx"",""original_url"":""https://relay.cloud/clear/window/1575""}"
1576,1576,126,created,2025-04-03 17:16:45,"{""short_code"":""dOYoaF"",""original_url"":""https://hackstack.io/silver/beacon/1576""}"
1577,1577,394,created,2025-11-01 01:22:04,"{""short_code"":""AwZzam"",""original_url"":""https://relay.cloud/calm/zenith/1577""}"
1578,1578,52,created,2025-02-16 08:15:25,"{""short_code"":""8cPxHP"",""original_url"":""https://hackstack.io/jade/river/1578""}"
1579,1579,345,created,2025-03-19 01:54:48,"{""short_code"":""IVLtlE"",""original_url"":""https://hackstack.io/mellow/field/1579""}"
1580,1580,124,created,2025-11-25 05:54:49,"{""short_code"":""izpZYR"",""original_url"":""https://example.com/brisk/lagoon/1580""}"
1581,1581,132,created,2025-05-12 01:31:38,"{""short_code"":""X6ECUq"",""original_url"":""https://relay.cloud/proud/anchor/1581""}"
1582,1582,198,created,2026-02-05 23:57:19,"{""short_code"":""jZksII"",""original_url"":""https://relay.cloud/forest/journey/1582""}"
1583,1583,164,created,2025-01-05 17:08:49,"{""short_code"":""n19KCH"",""original_url"":""https://example.com/keen/lagoon/1583""}"
1584,1584,75,created,2025-09-26 10:30:37,"{""short_code"":""OoNJ29"",""original_url"":""https://seeded.app/ivory/pioneer/1584""}"
1585,1585,153,created,2026-01-10 09:24:06,"{""short_code"":""ZyoHk8"",""original_url"":""https://seeded.app/harbor/field/1585""}"
1586,1586,157,created,2025-11-03 23:38:02,"{""short_code"":""XrL4FI"",""original_url"":""https://acme.dev/vivid/uplink/1586""}"
1587,1587,175,created,2025-03-13 05:45:51,"{""short_code"":""2ykcSO"",""original_url"":""https://opswise.net/silver/beacon/1587""}"
1588,1588,360,created,2025-10-23 22:38:54,"{""short_code"":""V6WTGl"",""original_url"":""https://relay.cloud/vivid/orbit/1588""}"
1589,1589,106,created,2025-07-14 09:42:54,"{""short_code"":""aDfrSc"",""original_url"":""https://seeded.app/keen/yard/1589""}"
1590,1590,342,created,2026-01-18 12:50:39,"{""short_code"":""Y01nju"",""original_url"":""https://opswise.net/urban/window/1590""}"
1591,1591,25,created,2025-06-16 08:47:56,"{""short_code"":""pQmYqp"",""original_url"":""https://opswise.net/clear/meadow/1591""}"
1592,1592,237,created,2026-01-22 09:28:34,"{""short_code"":""GZe1lJ"",""original_url"":""https://acme.dev/forest/meadow/1592""}"
1593,1593,116,created,2025-07-28 16:56:11,"{""short_code"":""CMgnGf"",""original_url"":""https://relay.cloud/dawn/trail/1593""}"
1594,1594,204,created,2026-02-04 13:37:56,"{""short_code"":""NVQl7l"",""original_url"":""https://opswise.net/clear/meadow/1594""}"
1595,1595,137,created,2025-04-01 21:56:07,"{""short_code"":""0rNu6S"",""original_url"":""https://seeded.app/clear/delta/1595""}"
1596,1596,141,created,2025-02-19 16:23:12,"{""short_code"":""GqzRO9"",""original_url"":""https://hackstack.io/lively/meadow/1596""}"
1597,1597,122,created,2025-10-23 16:59:37,"{""short_code"":""wMe4V7"",""original_url"":""https://hackstack.io/gold/lagoon/1597""}"
1598,1598,210,created,2025-12-25 00:12:36,"{""short_code"":""aTWxko"",""original_url"":""https://acme.dev/ember/journey/1598""}"
1599,1599,198,created,2025-03-08 14:23:35,"{""short_code"":""mZM3CE"",""original_url"":""https://hackstack.io/navy/river/1599""}"
1600,1600,356,created,2025-05-26 18:59:34,"{""short_code"":""DNBvfY"",""original_url"":""https://opswise.net/ivory/quartz/1600""}"
1601,1601,211,created,2025-02-01 20:52:53,"{""short_code"":""fFvuZX"",""original_url"":""https://opswise.net/ivory/valley/1601""}"
1602,1602,225,created,2025-04-27 09:58:03,"{""short_code"":""06cNfW"",""original_url"":""https://hackstack.io/warm/anchor/1602""}"
1603,1603,362,created,2025-03-27 09:15:58,"{""short_code"":""PNuyTi"",""original_url"":""https://seeded.app/calm/harvest/1603""}"
1604,1604,120,created,2025-06-06 09:16:16,"{""short_code"":""qXR2EO"",""original_url"":""https://opswise.net/ember/delta/1604""}"
1605,1605,245,created,2025-02-04 09:59:51,"{""short_code"":""5eGlf7"",""original_url"":""https://hackstack.io/cobalt/canyon/1605""}"
1606,1606,322,created,2025-09-02 10:40:34,"{""short_code"":""oWe46G"",""original_url"":""https://relay.cloud/ember/canyon/1606""}"
1607,1607,51,created,2026-01-26 09:50:30,"{""short_code"":""2UedZy"",""original_url"":""https://seeded.app/silver/engine/1607""}"
1608,1608,303,created,2025-01-10 14:06:18,"{""short_code"":""HpG2Ry"",""original_url"":""https://relay.cloud/quiet/engine/1608""}"
1609,1609,259,created,2025-07-06 21:48:21,"{""short_code"":""SnJmZM"",""original_url"":""https://example.com/urban/yard/1609""}"
1610,1610,236,created,2025-01-03 11:15:19,"{""short_code"":""sNlXCG"",""original_url"":""https://acme.dev/cobalt/river/1610""}"
1611,1611,190,created,2025-07-02 00:23:33,"{""short_code"":""hg8zAw"",""original_url"":""https://opswise.net/vivid/garden/1611""}"
1612,1612,320,created,2025-10-25 15:14:42,"{""short_code"":""W9KBZg"",""original_url"":""https://example.com/quiet/kernel/1612""}"
1613,1613,163,created,2025-07-11 19:44:13,"{""short_code"":""xxwD5q"",""original_url"":""https://acme.dev/young/yard/1613""}"
1614,1614,313,created,2025-10-28 22:07:50,"{""short_code"":""Wiu7Fl"",""original_url"":""https://seeded.app/silver/canyon/1614""}"
1615,1615,65,created,2025-02-11 22:35:58,"{""short_code"":""Xqkawa"",""original_url"":""https://relay.cloud/jade/kernel/1615""}"
1616,1616,135,created,2025-08-30 11:26:59,"{""short_code"":""ZijJow"",""original_url"":""https://hackstack.io/vivid/valley/1616""}"
1617,1617,170,created,2026-02-20 20:53:18,"{""short_code"":""TTBm4l"",""original_url"":""https://acme.dev/opal/zenith/1617""}"
1618,1618,189,created,2025-12-15 03:51:44,"{""short_code"":""6FZYZI"",""original_url"":""https://relay.cloud/opal/kernel/1618""}"
1619,1619,238,created,2025-11-28 08:15:56,"{""short_code"":""tMq6mg"",""original_url"":""https://relay.cloud/urban/signal/1619""}"
1620,1620,312,created,2025-02-23 20:12:04,"{""short_code"":""y9nkDq"",""original_url"":""https://relay.cloud/gold/island/1620""}"
1621,1621,337,created,2025-04-21 16:11:24,"{""short_code"":""CjK4lB"",""original_url"":""https://hackstack.io/calm/field/1621""}"
1622,1622,254,created,2025-08-26 01:08:02,"{""short_code"":""HyWuZz"",""original_url"":""https://seeded.app/calm/island/1622""}"
1623,1623,143,created,2025-11-27 07:21:18,"{""short_code"":""xA6NZS"",""original_url"":""https://seeded.app/cobalt/orbit/1623""}"
1624,1624,294,created,2025-02-04 19:47:07,"{""short_code"":""MNNFMv"",""original_url"":""https://relay.cloud/urban/uplink/1624""}"
1625,1625,162,created,2025-08-08 12:14:07,"{""short_code"":""mHcLdg"",""original_url"":""https://example.com/mellow/lagoon/1625""}"
1626,1626,349,created,2025-06-12 06:42:45,"{""short_code"":""gZWJFx"",""original_url"":""https://hackstack.io/tidy/window/1626""}"
1627,1627,345,created,2025-08-21 10:14:27,"{""short_code"":""smm5cT"",""original_url"":""https://opswise.net/urban/anchor/1627""}"
1628,1628,280,created,2025-05-27 12:36:21,"{""short_code"":""N6JPlZ"",""original_url"":""https://seeded.app/brisk/garden/1628""}"
1629,1629,29,created,2025-08-11 00:50:21,"{""short_code"":""UnjTFh"",""original_url"":""https://relay.cloud/amber/lagoon/1629""}"
1630,1630,95,created,2025-09-12 23:03:38,"{""short_code"":""0A9f3f"",""original_url"":""https://example.com/lively/kernel/1630""}"
1631,1631,372,created,2025-12-22 06:14:52,"{""short_code"":""hGaTtk"",""original_url"":""https://acme.dev/tidy/uplink/1631""}"
1632,1632,99,created,2026-02-07 11:31:50,"{""short_code"":""yDQVGw"",""original_url"":""https://example.com/dawn/meadow/1632""}"
1633,1633,189,created,2025-12-18 01:21:36,"{""short_code"":""QJ3pGM"",""original_url"":""https://acme.dev/silver/kernel/1633""}"
1634,1634,313,created,2025-12-02 22:18:22,"{""short_code"":""qcVcOu"",""original_url"":""https://example.com/brisk/signal/1634""}"
1635,1635,396,created,2025-09-24 14:24:36,"{""short_code"":""pwLgFQ"",""original_url"":""https://example.com/calm/engine/1635""}"
1636,1636,23,created,2025-09-19 06:00:44,"{""short_code"":""ZpZ2gk"",""original_url"":""https://seeded.app/cobalt/valley/1636""}"
1637,1637,342,created,2025-03-02 01:15:24,"{""short_code"":""SxDYkD"",""original_url"":""https://acme.dev/dawn/river/1637""}"
1638,1638,236,created,2025-07-28 19:49:41,"{""short_code"":""KJgJu3"",""original_url"":""https://seeded.app/dawn/lagoon/1638""}"
1639,1639,175,created,2025-07-24 20:57:27,"{""short_code"":""KWDv1e"",""original_url"":""https://opswise.net/silver/network/1639""}"
1640,1640,67,created,2025-01-10 21:06:39,"{""short_code"":""VJunBD"",""original_url"":""https://example.com/warm/delta/1640""}"
1641,1641,111,created,2025-11-16 05:58:44,"{""short_code"":""ytg8wg"",""original_url"":""https://hackstack.io/jade/meadow/1641""}"
1642,1642,13,created,2025-07-29 08:14:07,"{""short_code"":""I4ysPn"",""original_url"":""https://opswise.net/lively/garden/1642""}"
1643,1643,34,created,2025-02-20 16:10:30,"{""short_code"":""8QgOXN"",""original_url"":""https://hackstack.io/amber/journey/1643""}"
1644,1644,168,created,2025-06-16 17:49:53,"{""short_code"":""kKAaA2"",""original_url"":""https://hackstack.io/jade/canyon/1644""}"
1645,1645,286,created,2026-01-22 23:39:35,"{""short_code"":""SsCuFm"",""original_url"":""https://opswise.net/proud/meadow/1645""}"
1646,1646,124,created,2025-01-14 14:47:35,"{""short_code"":""scsnWi"",""original_url"":""https://opswise.net/cobalt/delta/1646""}"
1647,1647,46,created,2025-12-20 22:27:41,"{""short_code"":""zEfSc3"",""original_url"":""https://example.com/calm/island/1647""}"
1648,1648,62,created,2025-11-18 04:56:29,"{""short_code"":""FvMbqO"",""original_url"":""https://acme.dev/forest/canyon/1648""}"
1649,1649,259,created,2025-11-12 17:10:02,"{""short_code"":""p5ieks"",""original_url"":""https://hackstack.io/dawn/kernel/1649""}"
1650,1650,53,created,2026-01-28 12:23:38,"{""short_code"":""sKIMSY"",""original_url"":""https://hackstack.io/ivory/engine/1650""}"
1651,1651,150,created,2026-01-26 19:53:51,"{""short_code"":""XfvZQu"",""original_url"":""https://hackstack.io/navy/island/1651""}"
1652,1652,288,created,2025-07-15 17:23:11,"{""short_code"":""iL9kvP"",""original_url"":""https://hackstack.io/young/canyon/1652""}"
1653,1653,172,created,2025-12-15 22:22:40,"{""short_code"":""sjOoFp"",""original_url"":""https://relay.cloud/lively/island/1653""}"
1654,1654,196,created,2025-01-12 09:31:30,"{""short_code"":""JAP0bq"",""original_url"":""https://hackstack.io/harbor/trail/1654""}"
1655,1655,341,created,2025-09-01 07:59:24,"{""short_code"":""2SJzy6"",""original_url"":""https://example.com/urban/kernel/1655""}"
1656,1656,167,created,2025-07-24 22:38:07,"{""short_code"":""gj8RZL"",""original_url"":""https://opswise.net/urban/uplink/1656""}"
1657,1657,81,created,2025-03-11 20:01:51,"{""short_code"":""iiHAPX"",""original_url"":""https://seeded.app/silver/lagoon/1657""}"
1658,1658,311,created,2026-01-30 02:09:18,"{""short_code"":""gqxqlp"",""original_url"":""https://example.com/lively/delta/1658""}"
1659,1659,127,created,2025-01-25 09:43:08,"{""short_code"":""dQHRWr"",""original_url"":""https://relay.cloud/dawn/engine/1659""}"
1660,1660,360,created,2025-08-13 13:16:47,"{""short_code"":""5FsBgx"",""original_url"":""https://hackstack.io/opal/quartz/1660""}"
1661,1661,57,created,2025-07-25 22:25:22,"{""short_code"":""WDv0t7"",""original_url"":""https://relay.cloud/urban/yard/1661""}"
1662,1662,200,created,2026-01-21 11:05:09,"{""short_code"":""ZQTDUg"",""original_url"":""https://hackstack.io/warm/signal/1662""}"
1663,1663,147,created,2025-01-13 12:35:28,"{""short_code"":""Uhj5Km"",""original_url"":""https://seeded.app/quiet/anchor/1663""}"
1664,1664,143,created,2025-03-20 17:57:33,"{""short_code"":""6WEaQL"",""original_url"":""https://example.com/ember/beacon/1664""}"
1665,1665,157,created,2025-11-14 11:01:58,"{""short_code"":""HWDmel"",""original_url"":""https://acme.dev/brisk/valley/1665""}"
1666,1666,257,created,2025-07-13 10:25:01,"{""short_code"":""G70yK4"",""original_url"":""https://example.com/quiet/beacon/1666""}"
1667,1667,355,created,2025-05-05 17:14:57,"{""short_code"":""FasB6p"",""original_url"":""https://seeded.app/brisk/canyon/1667""}"
1668,1668,387,created,2025-05-22 09:13:41,"{""short_code"":""S3mGEe"",""original_url"":""https://example.com/lively/delta/1668""}"
1669,1669,285,created,2025-04-24 08:28:59,"{""short_code"":""BSdjJS"",""original_url"":""https://example.com/tidy/harvest/1669""}"
1670,1670,389,created,2025-06-10 22:04:27,"{""short_code"":""8OEWqh"",""original_url"":""https://seeded.app/ember/window/1670""}"
1671,1671,90,created,2025-01-25 14:34:45,"{""short_code"":""4EswZQ"",""original_url"":""https://opswise.net/brisk/trail/1671""}"
1672,1672,216,created,2026-01-30 20:35:05,"{""short_code"":""IUgKSX"",""original_url"":""https://acme.dev/young/delta/1672""}"
1673,1673,205,created,2025-11-14 00:13:09,"{""short_code"":""0wqBTZ"",""original_url"":""https://relay.cloud/young/engine/1673""}"
1674,1674,207,created,2025-07-22 14:36:36,"{""short_code"":""x968Yk"",""original_url"":""https://example.com/calm/engine/1674""}"
1675,1675,77,created,2025-01-09 02:14:24,"{""short_code"":""dVV5en"",""original_url"":""https://hackstack.io/vivid/window/1675""}"
1676,1676,221,created,2025-05-04 16:52:34,"{""short_code"":""TYXqoH"",""original_url"":""https://hackstack.io/cobalt/river/1676""}"
1677,1677,350,created,2025-09-18 13:38:57,"{""short_code"":""hFq0qy"",""original_url"":""https://relay.cloud/jade/field/1677""}"
1678,1678,331,created,2025-06-11 13:04:03,"{""short_code"":""ekpr7z"",""original_url"":""https://opswise.net/young/river/1678""}"
1679,1679,105,created,2025-10-04 00:21:18,"{""short_code"":""MviLl8"",""original_url"":""https://acme.dev/amber/kernel/1679""}"
1680,1680,206,created,2025-10-16 23:53:52,"{""short_code"":""U0Nbc9"",""original_url"":""https://example.com/young/meadow/1680""}"
1681,1681,13,created,2025-03-13 22:59:59,"{""short_code"":""Rv3laj"",""original_url"":""https://hackstack.io/jade/trail/1681""}"
1682,1682,182,created,2025-11-20 09:06:47,"{""short_code"":""9odWkC"",""original_url"":""https://opswise.net/proud/anchor/1682""}"
1683,1683,352,created,2025-08-09 10:00:58,"{""short_code"":""yuV5lt"",""original_url"":""https://seeded.app/tidy/signal/1683""}"
1684,1684,123,created,2025-03-04 05:57:25,"{""short_code"":""XS7djf"",""original_url"":""https://seeded.app/quiet/network/1684""}"
1685,1685,328,created,2025-11-23 13:13:13,"{""short_code"":""5R0RJs"",""original_url"":""https://acme.dev/navy/yard/1685""}"
1686,1686,375,created,2025-08-20 14:05:19,"{""short_code"":""2ESt8U"",""original_url"":""https://hackstack.io/jade/meadow/1686""}"
1687,1687,26,created,2025-09-01 01:19:47,"{""short_code"":""kVoXLi"",""original_url"":""https://seeded.app/ivory/kernel/1687""}"
1688,1688,32,created,2025-05-18 14:18:45,"{""short_code"":""Eh7CA2"",""original_url"":""https://seeded.app/calm/signal/1688""}"
1689,1689,323,created,2025-04-04 12:21:05,"{""short_code"":""Uvv4AB"",""original_url"":""https://opswise.net/ember/island/1689""}"
1690,1690,400,created,2026-02-15 09:01:57,"{""short_code"":""fWqD0Y"",""original_url"":""https://seeded.app/brisk/signal/1690""}"
1691,1691,354,created,2025-03-29 13:58:43,"{""short_code"":""BKeIPZ"",""original_url"":""https://seeded.app/brisk/garden/1691""}"
1692,1692,97,created,2025-06-23 09:05:32,"{""short_code"":""z5zzqk"",""original_url"":""https://hackstack.io/keen/signal/1692""}"
1693,1693,64,created,2025-06-27 07:20:50,"{""short_code"":""4FOUZB"",""original_url"":""https://acme.dev/lively/quartz/1693""}"
1694,1694,21,created,2025-03-10 22:15:10,"{""short_code"":""oWIRWr"",""original_url"":""https://example.com/ember/network/1694""}"
1695,1695,201,created,2025-12-05 04:26:50,"{""short_code"":""LunkGe"",""original_url"":""https://hackstack.io/clear/journey/1695""}"
1696,1696,247,created,2025-01-02 19:04:56,"{""short_code"":""shfX7t"",""original_url"":""https://opswise.net/urban/field/1696""}"
1697,1697,33,created,2025-01-06 07:44:44,"{""short_code"":""QAH2Na"",""original_url"":""https://example.com/brisk/engine/1697""}"
1698,1698,137,created,2026-01-19 02:46:23,"{""short_code"":""rPzh7b"",""original_url"":""https://hackstack.io/ivory/window/1698""}"
1699,1699,3,created,2025-12-20 01:54:43,"{""short_code"":""jotsAO"",""original_url"":""https://example.com/urban/orbit/1699""}"
1700,1700,250,created,2025-02-01 17:35:32,"{""short_code"":""TlTxmj"",""original_url"":""https://acme.dev/opal/harvest/1700""}"
1701,1701,232,created,2025-08-03 02:53:30,"{""short_code"":""tjEunu"",""original_url"":""https://acme.dev/opal/field/1701""}"
1702,1702,31,created,2025-12-29 15:32:51,"{""short_code"":""Gha7SB"",""original_url"":""https://example.com/urban/garden/1702""}"
1703,1703,394,created,2025-06-19 17:51:07,"{""short_code"":""cfh2wg"",""original_url"":""https://opswise.net/opal/valley/1703""}"
1704,1704,193,created,2025-09-30 17:12:48,"{""short_code"":""qZZjcj"",""original_url"":""https://example.com/clear/signal/1704""}"
1705,1705,113,created,2026-02-12 13:40:18,"{""short_code"":""RmyQhp"",""original_url"":""https://acme.dev/young/anchor/1705""}"
1706,1706,388,created,2025-04-21 17:37:24,"{""short_code"":""1n4MKd"",""original_url"":""https://hackstack.io/forest/lagoon/1706""}"
1707,1707,148,created,2025-07-05 09:09:00,"{""short_code"":""zBk0FB"",""original_url"":""https://relay.cloud/gold/anchor/1707""}"
1708,1708,327,created,2025-12-28 09:29:44,"{""short_code"":""fwYgbU"",""original_url"":""https://seeded.app/clear/harvest/1708""}"
1709,1709,30,created,2025-03-11 18:13:58,"{""short_code"":""Qm5mP0"",""original_url"":""https://example.com/urban/anchor/1709""}"
1710,1710,46,created,2025-11-25 10:45:53,"{""short_code"":""tQ8WjJ"",""original_url"":""https://example.com/clear/uplink/1710""}"
1711,1711,245,created,2025-06-13 09:40:22,"{""short_code"":""Ogn2ye"",""original_url"":""https://opswise.net/keen/valley/1711""}"
1712,1712,8,created,2025-11-26 13:08:41,"{""short_code"":""D2I9BK"",""original_url"":""https://relay.cloud/warm/orbit/1712""}"
1713,1713,334,created,2025-04-26 07:57:55,"{""short_code"":""xJKKAk"",""original_url"":""https://hackstack.io/quiet/river/1713""}"
1714,1714,335,created,2025-08-18 12:11:31,"{""short_code"":""7PFHTh"",""original_url"":""https://hackstack.io/keen/network/1714""}"
1715,1715,259,created,2025-02-20 22:58:59,"{""short_code"":""C35wmh"",""original_url"":""https://hackstack.io/gold/window/1715""}"
1716,1716,143,created,2025-08-01 18:24:11,"{""short_code"":""mLipS6"",""original_url"":""https://relay.cloud/dawn/anchor/1716""}"
1717,1717,231,created,2025-04-22 05:10:01,"{""short_code"":""esdzvE"",""original_url"":""https://acme.dev/tidy/delta/1717""}"
1718,1718,279,created,2025-01-02 06:15:19,"{""short_code"":""nxzkY2"",""original_url"":""https://relay.cloud/tidy/pioneer/1718""}"
1719,1719,266,created,2026-01-04 22:47:46,"{""short_code"":""AUENw9"",""original_url"":""https://example.com/proud/zenith/1719""}"
1720,1720,304,created,2026-02-03 14:45:03,"{""short_code"":""glRDyu"",""original_url"":""https://hackstack.io/opal/canyon/1720""}"
1721,1721,84,created,2025-03-05 06:04:29,"{""short_code"":""nmX6vA"",""original_url"":""https://hackstack.io/gold/field/1721""}"
1722,1722,209,created,2025-04-02 00:16:07,"{""short_code"":""CVidMw"",""original_url"":""https://opswise.net/young/island/1722""}"
1723,1723,235,created,2025-05-06 02:27:53,"{""short_code"":""gmpXl3"",""original_url"":""https://hackstack.io/tidy/garden/1723""}"
1724,1724,308,created,2025-04-01 10:43:58,"{""short_code"":""d0xNMU"",""original_url"":""https://example.com/brisk/yard/1724""}"
1725,1725,351,created,2025-01-21 23:15:49,"{""short_code"":""nOKhgy"",""original_url"":""https://seeded.app/tidy/valley/1725""}"
1726,1726,277,created,2025-09-04 19:56:41,"{""short_code"":""i1r737"",""original_url"":""https://relay.cloud/brisk/beacon/1726""}"
1727,1727,37,created,2025-01-23 20:46:48,"{""short_code"":""VKibFY"",""original_url"":""https://example.com/lively/orbit/1727""}"
1728,1728,145,created,2025-02-01 05:11:02,"{""short_code"":""IzlvYN"",""original_url"":""https://opswise.net/dawn/orbit/1728""}"
1729,1729,348,created,2025-08-20 11:33:58,"{""short_code"":""5CiPIk"",""original_url"":""https://opswise.net/vivid/anchor/1729""}"
1730,1730,283,created,2025-01-17 07:40:42,"{""short_code"":""qN0ZlB"",""original_url"":""https://seeded.app/mellow/orbit/1730""}"
1731,1731,152,created,2026-01-27 15:23:26,"{""short_code"":""wH4Jhl"",""original_url"":""https://hackstack.io/proud/journey/1731""}"
1732,1732,176,created,2025-06-03 17:58:18,"{""short_code"":""M02Xdu"",""original_url"":""https://opswise.net/mellow/canyon/1732""}"
1733,1733,328,created,2025-08-29 08:47:40,"{""short_code"":""7kQepb"",""original_url"":""https://relay.cloud/ember/valley/1733""}"
1734,1734,193,created,2025-10-09 11:12:36,"{""short_code"":""X2yaA6"",""original_url"":""https://hackstack.io/vivid/meadow/1734""}"
1735,1735,146,created,2025-09-10 18:41:51,"{""short_code"":""0j6nOH"",""original_url"":""https://acme.dev/young/garden/1735""}"
1736,1736,12,created,2025-02-06 17:38:44,"{""short_code"":""wkyHI8"",""original_url"":""https://hackstack.io/gold/canyon/1736""}"
1737,1737,198,created,2025-11-11 20:11:35,"{""short_code"":""T3LrRn"",""original_url"":""https://relay.cloud/ivory/orbit/1737""}"
1738,1738,35,created,2025-06-13 02:22:28,"{""short_code"":""WvFXir"",""original_url"":""https://relay.cloud/vivid/orbit/1738""}"
1739,1739,65,created,2025-02-19 02:53:02,"{""short_code"":""v4Tcjj"",""original_url"":""https://acme.dev/quiet/orbit/1739""}"
1740,1740,390,created,2026-01-30 09:58:57,"{""short_code"":""uSgUBh"",""original_url"":""https://example.com/opal/trail/1740""}"
1741,1741,281,created,2025-04-22 06:47:49,"{""short_code"":""Cc1Vss"",""original_url"":""https://opswise.net/clear/orbit/1741""}"
1742,1742,62,created,2025-11-06 22:04:02,"{""short_code"":""U0Q9Wy"",""original_url"":""https://acme.dev/warm/engine/1742""}"
1743,1743,299,created,2026-02-05 17:03:41,"{""short_code"":""vriJON"",""original_url"":""https://acme.dev/silver/kernel/1743""}"
1744,1744,158,created,2025-08-23 15:32:02,"{""short_code"":""FFVw2a"",""original_url"":""https://opswise.net/keen/river/1744""}"
1745,1745,276,created,2025-08-20 01:18:30,"{""short_code"":""VfNVG2"",""original_url"":""https://seeded.app/silver/beacon/1745""}"
1746,1746,276,created,2025-12-08 23:58:51,"{""short_code"":""MVYg0y"",""original_url"":""https://hackstack.io/clear/signal/1746""}"
1747,1747,201,created,2025-01-13 13:53:55,"{""short_code"":""NI1opj"",""original_url"":""https://acme.dev/amber/window/1747""}"
1748,1748,66,created,2025-07-24 20:19:53,"{""short_code"":""2mi87u"",""original_url"":""https://opswise.net/ember/island/1748""}"
1749,1749,304,created,2025-11-28 06:06:13,"{""short_code"":""G6Y1WG"",""original_url"":""https://seeded.app/quiet/garden/1749""}"
1750,1750,284,created,2025-12-01 13:19:14,"{""short_code"":""q7vEWw"",""original_url"":""https://relay.cloud/proud/meadow/1750""}"
1751,1751,394,created,2025-11-19 11:38:13,"{""short_code"":""rdcHtD"",""original_url"":""https://opswise.net/rapid/kernel/1751""}"
1752,1752,158,created,2025-01-20 05:56:52,"{""short_code"":""9uYXfx"",""original_url"":""https://acme.dev/brisk/anchor/1752""}"
1753,1753,288,created,2025-05-13 23:30:56,"{""short_code"":""lbw5pL"",""original_url"":""https://example.com/ember/pioneer/1753""}"
1754,1754,333,created,2026-01-31 10:30:53,"{""short_code"":""4hw1P0"",""original_url"":""https://hackstack.io/mellow/trail/1754""}"
1755,1755,288,created,2025-03-08 17:31:37,"{""short_code"":""SjvQf4"",""original_url"":""https://seeded.app/harbor/anchor/1755""}"
1756,1756,193,created,2025-10-11 05:16:03,"{""short_code"":""eCdwzc"",""original_url"":""https://relay.cloud/keen/engine/1756""}"
1757,1757,100,created,2025-01-09 15:01:53,"{""short_code"":""FLofVD"",""original_url"":""https://acme.dev/urban/delta/1757""}"
1758,1758,252,created,2025-05-01 14:47:07,"{""short_code"":""q7DLQZ"",""original_url"":""https://opswise.net/opal/pioneer/1758""}"
1759,1759,230,created,2025-10-31 17:33:42,"{""short_code"":""RHrf0h"",""original_url"":""https://opswise.net/silver/engine/1759""}"
1760,1760,98,created,2025-12-06 21:06:39,"{""short_code"":""f9vqnR"",""original_url"":""https://seeded.app/opal/kernel/1760""}"
1761,1761,395,created,2025-10-26 06:43:01,"{""short_code"":""Hw1DUo"",""original_url"":""https://opswise.net/vivid/delta/1761""}"
1762,1762,21,created,2025-10-24 12:54:02,"{""short_code"":""9sMOz7"",""original_url"":""https://hackstack.io/jade/island/1762""}"
1763,1763,73,created,2025-03-07 00:14:52,"{""short_code"":""ZA38uM"",""original_url"":""https://example.com/brisk/window/1763""}"
1764,1764,208,created,2025-09-13 01:58:37,"{""short_code"":""oz5Dxd"",""original_url"":""https://acme.dev/ember/delta/1764""}"
1765,1765,88,created,2026-02-03 15:22:16,"{""short_code"":""0c2kJF"",""original_url"":""https://relay.cloud/mellow/river/1765""}"
1766,1766,197,created,2025-05-01 05:26:43,"{""short_code"":""XRI270"",""original_url"":""https://opswise.net/keen/delta/1766""}"
1767,1767,337,created,2025-06-12 06:17:24,"{""short_code"":""Fw0poJ"",""original_url"":""https://seeded.app/tidy/valley/1767""}"
1768,1768,380,created,2025-07-12 22:29:04,"{""short_code"":""akyCkW"",""original_url"":""https://relay.cloud/proud/kernel/1768""}"
1769,1769,242,created,2025-02-17 22:55:19,"{""short_code"":""MVLUgR"",""original_url"":""https://hackstack.io/quiet/anchor/1769""}"
1770,1770,400,created,2025-10-17 13:56:47,"{""short_code"":""EK1ATt"",""original_url"":""https://relay.cloud/quiet/meadow/1770""}"
1771,1771,395,created,2025-03-09 08:09:33,"{""short_code"":""YcMwQL"",""original_url"":""https://relay.cloud/mellow/harvest/1771""}"
1772,1772,140,created,2025-08-11 11:05:43,"{""short_code"":""Rn36fh"",""original_url"":""https://opswise.net/harbor/anchor/1772""}"
1773,1773,279,created,2025-02-20 16:35:48,"{""short_code"":""rLDxzk"",""original_url"":""https://acme.dev/calm/zenith/1773""}"
1774,1774,168,created,2025-12-09 15:29:22,"{""short_code"":""bg3eyP"",""original_url"":""https://acme.dev/keen/quartz/1774""}"
1775,1775,368,created,2025-08-04 23:24:44,"{""short_code"":""uUE1Yd"",""original_url"":""https://relay.cloud/brisk/quartz/1775""}"
1776,1776,290,created,2025-12-22 10:51:08,"{""short_code"":""iOcAvo"",""original_url"":""https://opswise.net/brisk/field/1776""}"
1777,1777,200,created,2025-11-18 23:11:08,"{""short_code"":""Mn5Sz4"",""original_url"":""https://hackstack.io/gold/valley/1777""}"
1778,1778,10,created,2025-12-12 05:55:36,"{""short_code"":""6rSYpj"",""original_url"":""https://relay.cloud/tidy/journey/1778""}"
1779,1779,71,created,2025-05-16 20:16:06,"{""short_code"":""mZhxjv"",""original_url"":""https://hackstack.io/harbor/pioneer/1779""}"
1780,1780,116,created,2025-05-03 10:12:04,"{""short_code"":""tKmuSu"",""original_url"":""https://hackstack.io/opal/uplink/1780""}"
1781,1781,188,created,2025-08-12 00:25:58,"{""short_code"":""v6Aru9"",""original_url"":""https://opswise.net/keen/yard/1781""}"
1782,1782,338,created,2026-01-26 19:18:37,"{""short_code"":""78Rex6"",""original_url"":""https://relay.cloud/tidy/journey/1782""}"
1783,1783,202,created,2025-06-19 11:17:33,"{""short_code"":""SGyieR"",""original_url"":""https://relay.cloud/rapid/field/1783""}"
1784,1784,46,created,2025-04-30 05:20:28,"{""short_code"":""Tevtf3"",""original_url"":""https://seeded.app/quiet/island/1784""}"
1785,1785,201,created,2025-10-07 03:40:51,"{""short_code"":""rni80x"",""original_url"":""https://opswise.net/amber/trail/1785""}"
1786,1786,317,created,2025-09-14 16:32:58,"{""short_code"":""WcjC2o"",""original_url"":""https://relay.cloud/harbor/trail/1786""}"
1787,1787,385,created,2025-10-31 23:10:04,"{""short_code"":""emYq9H"",""original_url"":""https://acme.dev/mellow/anchor/1787""}"
1788,1788,108,created,2025-02-04 20:41:50,"{""short_code"":""kxq8OD"",""original_url"":""https://relay.cloud/silver/kernel/1788""}"
1789,1789,105,created,2025-01-07 15:23:50,"{""short_code"":""3SYi0V"",""original_url"":""https://acme.dev/clear/journey/1789""}"
1790,1790,316,created,2026-02-08 03:19:18,"{""short_code"":""tLUuC8"",""original_url"":""https://seeded.app/cobalt/lagoon/1790""}"
1791,1791,101,created,2025-05-06 03:43:06,"{""short_code"":""5eW636"",""original_url"":""https://relay.cloud/ivory/valley/1791""}"
1792,1792,134,created,2025-02-05 18:12:19,"{""short_code"":""FBQiMJ"",""original_url"":""https://seeded.app/jade/garden/1792""}"
1793,1793,178,created,2025-01-07 05:56:02,"{""short_code"":""LURdBc"",""original_url"":""https://hackstack.io/keen/journey/1793""}"
1794,1794,25,created,2025-03-15 06:39:15,"{""short_code"":""036uw6"",""original_url"":""https://seeded.app/rapid/network/1794""}"
1795,1795,16,created,2025-11-29 16:14:00,"{""short_code"":""2Yw3uo"",""original_url"":""https://acme.dev/gold/valley/1795""}"
1796,1796,205,created,2025-02-16 19:00:02,"{""short_code"":""F38oGI"",""original_url"":""https://opswise.net/tidy/delta/1796""}"
1797,1797,165,created,2026-02-02 11:32:50,"{""short_code"":""kLL2IY"",""original_url"":""https://opswise.net/ember/quartz/1797""}"
1798,1798,331,created,2026-01-22 05:42:58,"{""short_code"":""slv4qs"",""original_url"":""https://example.com/gold/window/1798""}"
1799,1799,235,created,2025-12-16 17:51:27,"{""short_code"":""cLW6Bq"",""original_url"":""https://example.com/lively/orbit/1799""}"
1800,1800,77,created,2025-01-03 11:22:54,"{""short_code"":""xyyfMh"",""original_url"":""https://example.com/warm/kernel/1800""}"
1801,1801,322,created,2025-06-28 14:57:35,"{""short_code"":""hlVeBU"",""original_url"":""https://relay.cloud/calm/signal/1801""}"
1802,1802,139,created,2025-12-18 21:50:42,"{""short_code"":""iMNNBh"",""original_url"":""https://example.com/tidy/trail/1802""}"
1803,1803,190,created,2025-03-05 04:51:15,"{""short_code"":""ds2VTK"",""original_url"":""https://opswise.net/cobalt/lagoon/1803""}"
1804,1804,5,created,2025-08-28 08:24:27,"{""short_code"":""tj5jnb"",""original_url"":""https://opswise.net/lively/beacon/1804""}"
1805,1805,145,created,2025-06-11 18:33:45,"{""short_code"":""veXK3T"",""original_url"":""https://relay.cloud/forest/anchor/1805""}"
1806,1806,47,created,2026-01-13 08:49:51,"{""short_code"":""YovnFL"",""original_url"":""https://opswise.net/opal/field/1806""}"
1807,1807,13,created,2025-11-11 19:56:11,"{""short_code"":""QfDtHc"",""original_url"":""https://relay.cloud/forest/pioneer/1807""}"
1808,1808,310,created,2025-05-10 13:30:38,"{""short_code"":""LXk1hK"",""original_url"":""https://hackstack.io/clear/delta/1808""}"
1809,1809,187,created,2025-09-10 02:48:02,"{""short_code"":""tlqScm"",""original_url"":""https://relay.cloud/navy/trail/1809""}"
1810,1810,101,created,2025-08-14 12:16:26,"{""short_code"":""fyGTFk"",""original_url"":""https://acme.dev/navy/lagoon/1810""}"
1811,1811,178,created,2025-05-26 07:23:44,"{""short_code"":""xPaL0J"",""original_url"":""https://hackstack.io/ember/island/1811""}"
1812,1812,47,created,2025-07-25 13:38:56,"{""short_code"":""W5txHP"",""original_url"":""https://relay.cloud/brisk/delta/1812""}"
1813,1813,76,created,2025-08-27 22:25:40,"{""short_code"":""tVHqGY"",""original_url"":""https://example.com/mellow/pioneer/1813""}"
1814,1814,97,created,2026-01-20 02:16:32,"{""short_code"":""VRDXYL"",""original_url"":""https://example.com/young/canyon/1814""}"
1815,1815,250,created,2025-07-12 11:39:04,"{""short_code"":""ums4u6"",""original_url"":""https://example.com/quiet/river/1815""}"
1816,1816,157,created,2025-10-24 05:59:06,"{""short_code"":""tE5Ixg"",""original_url"":""https://relay.cloud/cobalt/field/1816""}"
1817,1817,263,created,2025-11-06 23:11:43,"{""short_code"":""IwgLzI"",""original_url"":""https://seeded.app/gold/yard/1817""}"
1818,1818,94,created,2025-09-16 09:52:46,"{""short_code"":""i7AHcb"",""original_url"":""https://acme.dev/brisk/window/1818""}"
1819,1819,236,created,2025-04-04 14:49:14,"{""short_code"":""5LehXp"",""original_url"":""https://hackstack.io/proud/window/1819""}"
1820,1820,306,created,2025-07-28 20:27:18,"{""short_code"":""QWunku"",""original_url"":""https://acme.dev/lively/pioneer/1820""}"
1821,1821,2,created,2025-11-29 20:34:28,"{""short_code"":""EbJLAl"",""original_url"":""https://opswise.net/forest/pioneer/1821""}"
1822,1822,42,created,2026-02-04 12:06:37,"{""short_code"":""baJVMc"",""original_url"":""https://seeded.app/gold/orbit/1822""}"
1823,1823,76,created,2025-11-08 09:47:22,"{""short_code"":""m1abQ7"",""original_url"":""https://seeded.app/ivory/yard/1823""}"
1824,1824,196,created,2026-01-15 06:56:40,"{""short_code"":""dAEOKe"",""original_url"":""https://hackstack.io/urban/delta/1824""}"
1825,1825,187,created,2025-01-21 13:10:38,"{""short_code"":""ol5f2T"",""original_url"":""https://acme.dev/lively/valley/1825""}"
1826,1826,5,created,2025-12-26 14:00:49,"{""short_code"":""P2c5OE"",""original_url"":""https://acme.dev/urban/meadow/1826""}"
1827,1827,375,created,2025-10-12 06:45:09,"{""short_code"":""4eepW9"",""original_url"":""https://acme.dev/calm/pioneer/1827""}"
1828,1828,43,created,2026-01-25 23:13:38,"{""short_code"":""vyDYsz"",""original_url"":""https://example.com/jade/island/1828""}"
1829,1829,194,created,2025-09-21 02:56:25,"{""short_code"":""ZnU8PA"",""original_url"":""https://relay.cloud/mellow/network/1829""}"
1830,1830,235,created,2025-10-29 07:41:43,"{""short_code"":""VAcNWi"",""original_url"":""https://relay.cloud/navy/field/1830""}"
1831,1831,111,created,2025-02-08 04:50:48,"{""short_code"":""s2OXz4"",""original_url"":""https://opswise.net/brisk/engine/1831""}"
1832,1832,250,created,2025-04-22 20:24:15,"{""short_code"":""eKbNIY"",""original_url"":""https://seeded.app/clear/harvest/1832""}"
1833,1833,165,created,2025-05-28 13:30:23,"{""short_code"":""Iwk3r0"",""original_url"":""https://relay.cloud/urban/signal/1833""}"
1834,1834,253,created,2025-07-27 16:03:19,"{""short_code"":""dDePo8"",""original_url"":""https://example.com/jade/canyon/1834""}"
1835,1835,219,created,2025-02-05 22:08:39,"{""short_code"":""M1JNzx"",""original_url"":""https://seeded.app/ivory/beacon/1835""}"
1836,1836,339,created,2025-09-18 06:01:25,"{""short_code"":""OGPBR0"",""original_url"":""https://relay.cloud/brisk/delta/1836""}"
1837,1837,339,created,2026-01-01 05:22:36,"{""short_code"":""zyuadK"",""original_url"":""https://seeded.app/harbor/pioneer/1837""}"
1838,1838,234,created,2025-08-26 19:25:59,"{""short_code"":""Kw2vVm"",""original_url"":""https://relay.cloud/ember/garden/1838""}"
1839,1839,127,created,2025-09-27 13:09:58,"{""short_code"":""9Bzg0r"",""original_url"":""https://seeded.app/dawn/orbit/1839""}"
1840,1840,60,created,2025-12-30 21:44:50,"{""short_code"":""ChyOBx"",""original_url"":""https://example.com/navy/network/1840""}"
1841,1841,3,created,2025-09-15 09:33:51,"{""short_code"":""5RVQzY"",""original_url"":""https://example.com/dawn/river/1841""}"
1842,1842,17,created,2025-11-27 11:42:12,"{""short_code"":""lpQ4Js"",""original_url"":""https://relay.cloud/lively/orbit/1842""}"
1843,1843,305,created,2025-08-06 19:32:18,"{""short_code"":""SXwFt2"",""original_url"":""https://acme.dev/brisk/river/1843""}"
1844,1844,265,created,2025-08-04 06:38:26,"{""short_code"":""h4ynKU"",""original_url"":""https://seeded.app/calm/delta/1844""}"
1845,1845,84,created,2025-07-16 05:04:30,"{""short_code"":""2t4Iec"",""original_url"":""https://acme.dev/rapid/uplink/1845""}"
1846,1846,111,created,2025-11-19 05:44:48,"{""short_code"":""ncKSLk"",""original_url"":""https://seeded.app/clear/trail/1846""}"
1847,1847,207,created,2026-01-29 03:09:06,"{""short_code"":""PkEKue"",""original_url"":""https://hackstack.io/quiet/garden/1847""}"
1848,1848,294,created,2025-09-04 00:37:52,"{""short_code"":""zXAtZG"",""original_url"":""https://hackstack.io/calm/meadow/1848""}"
1849,1849,82,created,2025-05-14 00:42:27,"{""short_code"":""vTbhmI"",""original_url"":""https://hackstack.io/proud/yard/1849""}"
1850,1850,125,created,2025-12-07 12:44:55,"{""short_code"":""R7zIrv"",""original_url"":""https://hackstack.io/jade/delta/1850""}"
1851,1851,150,created,2025-03-27 15:29:37,"{""short_code"":""x9pITy"",""original_url"":""https://seeded.app/cobalt/valley/1851""}"
1852,1852,21,created,2025-12-22 06:05:41,"{""short_code"":""JCC5dv"",""original_url"":""https://example.com/cobalt/pioneer/1852""}"
1853,1853,252,created,2026-02-11 22:42:03,"{""short_code"":""nBd3vk"",""original_url"":""https://opswise.net/navy/kernel/1853""}"
1854,1854,88,created,2025-04-30 03:20:25,"{""short_code"":""1zy5KL"",""original_url"":""https://seeded.app/urban/valley/1854""}"
1855,1855,201,created,2025-03-16 17:51:08,"{""short_code"":""aHr6d3"",""original_url"":""https://seeded.app/vivid/zenith/1855""}"
1856,1856,93,created,2025-10-07 12:29:13,"{""short_code"":""a3mWRN"",""original_url"":""https://relay.cloud/harbor/quartz/1856""}"
1857,1857,238,created,2025-11-10 19:31:11,"{""short_code"":""3lR1Uy"",""original_url"":""https://example.com/forest/uplink/1857""}"
1858,1858,262,created,2025-05-17 06:01:31,"{""short_code"":""ios9Fn"",""original_url"":""https://relay.cloud/forest/window/1858""}"
1859,1859,50,created,2025-10-21 22:11:51,"{""short_code"":""Wiu1qk"",""original_url"":""https://example.com/navy/island/1859""}"
1860,1860,359,created,2025-08-25 09:49:22,"{""short_code"":""u2HPaF"",""original_url"":""https://relay.cloud/dawn/river/1860""}"
1861,1861,358,created,2025-06-28 05:28:29,"{""short_code"":""PJpf3T"",""original_url"":""https://example.com/clear/harvest/1861""}"
1862,1862,96,created,2025-04-23 13:28:52,"{""short_code"":""Nokk6f"",""original_url"":""https://opswise.net/opal/beacon/1862""}"
1863,1863,215,created,2025-05-21 06:05:41,"{""short_code"":""MbKtvK"",""original_url"":""https://example.com/gold/pioneer/1863""}"
1864,1864,159,created,2025-08-17 19:46:21,"{""short_code"":""ATq5gV"",""original_url"":""https://seeded.app/ember/signal/1864""}"
1865,1865,239,created,2025-10-26 07:10:44,"{""short_code"":""VfyUb0"",""original_url"":""https://acme.dev/cobalt/quartz/1865""}"
1866,1866,78,created,2025-06-11 18:30:22,"{""short_code"":""U7GQnS"",""original_url"":""https://acme.dev/forest/engine/1866""}"
1867,1867,132,created,2025-03-24 22:05:23,"{""short_code"":""Q3jkjd"",""original_url"":""https://seeded.app/harbor/zenith/1867""}"
1868,1868,95,created,2025-01-17 10:30:56,"{""short_code"":""HIAiqn"",""original_url"":""https://relay.cloud/proud/delta/1868""}"
1869,1869,74,created,2025-01-15 14:29:40,"{""short_code"":""xmt9SW"",""original_url"":""https://hackstack.io/keen/window/1869""}"
1870,1870,319,created,2025-10-18 05:03:20,"{""short_code"":""4TvUki"",""original_url"":""https://relay.cloud/ember/uplink/1870""}"
1871,1871,292,created,2025-11-07 20:20:56,"{""short_code"":""1aRsmB"",""original_url"":""https://hackstack.io/proud/lagoon/1871""}"
1872,1872,155,created,2025-07-25 03:41:08,"{""short_code"":""BCfEci"",""original_url"":""https://acme.dev/forest/orbit/1872""}"
1873,1873,269,created,2026-01-11 23:39:46,"{""short_code"":""fktvU1"",""original_url"":""https://relay.cloud/calm/network/1873""}"
1874,1874,281,created,2025-12-02 00:47:12,"{""short_code"":""NMb3Hp"",""original_url"":""https://acme.dev/ember/journey/1874""}"
1875,1875,86,created,2025-03-09 23:41:55,"{""short_code"":""XqVXvk"",""original_url"":""https://opswise.net/calm/field/1875""}"
1876,1876,10,created,2025-02-02 00:34:41,"{""short_code"":""kh7KOy"",""original_url"":""https://acme.dev/harbor/window/1876""}"
1877,1877,181,created,2025-07-27 22:11:41,"{""short_code"":""vBWKAT"",""original_url"":""https://relay.cloud/opal/network/1877""}"
1878,1878,72,created,2025-04-03 20:53:32,"{""short_code"":""4Qlx85"",""original_url"":""https://seeded.app/young/harvest/1878""}"
1879,1879,184,created,2025-10-04 10:53:25,"{""short_code"":""cX68zH"",""original_url"":""https://opswise.net/clear/meadow/1879""}"
1880,1880,276,created,2026-01-27 10:47:17,"{""short_code"":""jr6y8c"",""original_url"":""https://hackstack.io/gold/delta/1880""}"
1881,1881,244,created,2025-04-12 23:11:40,"{""short_code"":""v7LfC8"",""original_url"":""https://relay.cloud/calm/zenith/1881""}"
1882,1882,212,created,2025-08-01 12:07:43,"{""short_code"":""4PJlCn"",""original_url"":""https://example.com/lively/lagoon/1882""}"
1883,1883,302,created,2025-01-19 13:56:51,"{""short_code"":""WP0bVB"",""original_url"":""https://acme.dev/lively/uplink/1883""}"
1884,1884,111,created,2025-07-16 23:14:24,"{""short_code"":""bczqyF"",""original_url"":""https://acme.dev/proud/beacon/1884""}"
1885,1885,67,created,2025-09-13 05:48:09,"{""short_code"":""JAP4Mu"",""original_url"":""https://relay.cloud/navy/canyon/1885""}"
1886,1886,189,created,2025-03-15 22:24:18,"{""short_code"":""41VVl4"",""original_url"":""https://acme.dev/ivory/pioneer/1886""}"
1887,1887,71,created,2025-12-11 19:43:01,"{""short_code"":""KUyrAl"",""original_url"":""https://opswise.net/brisk/trail/1887""}"
1888,1888,230,created,2025-06-18 06:13:22,"{""short_code"":""CBacZc"",""original_url"":""https://example.com/ivory/signal/1888""}"
1889,1889,251,created,2025-06-03 07:03:57,"{""short_code"":""pEMDTL"",""original_url"":""https://hackstack.io/ember/beacon/1889""}"
1890,1890,240,created,2025-11-17 03:48:41,"{""short_code"":""PeEP4t"",""original_url"":""https://relay.cloud/proud/yard/1890""}"
1891,1891,155,created,2025-05-01 19:32:38,"{""short_code"":""wYOeMA"",""original_url"":""https://example.com/gold/anchor/1891""}"
1892,1892,310,created,2025-10-23 14:16:45,"{""short_code"":""NBsRDQ"",""original_url"":""https://hackstack.io/harbor/island/1892""}"
1893,1893,305,created,2025-07-17 04:00:03,"{""short_code"":""gqijXj"",""original_url"":""https://relay.cloud/mellow/yard/1893""}"
1894,1894,10,created,2025-09-02 00:44:32,"{""short_code"":""Ascr6Q"",""original_url"":""https://seeded.app/amber/signal/1894""}"
1895,1895,211,created,2026-01-13 02:12:29,"{""short_code"":""6FbZgw"",""original_url"":""https://opswise.net/warm/garden/1895""}"
1896,1896,260,created,2026-02-16 12:18:33,"{""short_code"":""SLfJbb"",""original_url"":""https://seeded.app/warm/network/1896""}"
1897,1897,39,created,2025-11-25 09:23:21,"{""short_code"":""LJC5II"",""original_url"":""https://hackstack.io/keen/trail/1897""}"
1898,1898,88,created,2025-03-22 02:19:30,"{""short_code"":""5eLX1m"",""original_url"":""https://hackstack.io/harbor/quartz/1898""}"
1899,1899,204,created,2025-07-25 02:17:37,"{""short_code"":""lt2Vba"",""original_url"":""https://seeded.app/jade/kernel/1899""}"
1900,1900,303,created,2025-09-05 23:49:21,"{""short_code"":""wAIu9Q"",""original_url"":""https://relay.cloud/keen/pioneer/1900""}"
1901,1901,54,created,2025-03-11 10:12:46,"{""short_code"":""DSxO08"",""original_url"":""https://acme.dev/amber/valley/1901""}"
1902,1902,145,created,2025-07-22 21:53:56,"{""short_code"":""jNITk0"",""original_url"":""https://opswise.net/harbor/orbit/1902""}"
1903,1903,127,created,2025-10-26 12:22:15,"{""short_code"":""agiQVy"",""original_url"":""https://hackstack.io/keen/uplink/1903""}"
1904,1904,251,created,2025-03-04 11:38:00,"{""short_code"":""9VnpSP"",""original_url"":""https://seeded.app/opal/engine/1904""}"
1905,1905,72,created,2025-06-24 17:26:37,"{""short_code"":""wyzTJn"",""original_url"":""https://acme.dev/urban/yard/1905""}"
1906,1906,179,created,2025-02-26 03:18:10,"{""short_code"":""jFa5wg"",""original_url"":""https://seeded.app/clear/trail/1906""}"
1907,1907,138,created,2025-03-03 10:07:10,"{""short_code"":""f6PnZw"",""original_url"":""https://example.com/rapid/kernel/1907""}"
1908,1908,351,created,2025-04-25 13:33:33,"{""short_code"":""jh0hrU"",""original_url"":""https://opswise.net/brisk/canyon/1908""}"
1909,1909,157,created,2025-10-31 12:01:12,"{""short_code"":""w8dWTG"",""original_url"":""https://example.com/dawn/valley/1909""}"
1910,1910,267,created,2025-04-02 01:29:59,"{""short_code"":""w5mU0C"",""original_url"":""https://example.com/forest/zenith/1910""}"
1911,1911,105,created,2025-08-20 07:31:03,"{""short_code"":""ywMIJt"",""original_url"":""https://example.com/forest/engine/1911""}"
1912,1912,165,created,2025-12-29 07:54:29,"{""short_code"":""AlD7S5"",""original_url"":""https://hackstack.io/tidy/valley/1912""}"
1913,1913,78,created,2025-07-03 11:59:24,"{""short_code"":""TDrrOa"",""original_url"":""https://opswise.net/forest/delta/1913""}"
1914,1914,138,created,2026-01-25 12:59:05,"{""short_code"":""EI31ia"",""original_url"":""https://relay.cloud/harbor/window/1914""}"
1915,1915,322,created,2025-08-27 02:29:18,"{""short_code"":""cYDCxo"",""original_url"":""https://acme.dev/harbor/harvest/1915""}"
1916,1916,20,created,2025-07-02 18:43:54,"{""short_code"":""fCR1qI"",""original_url"":""https://relay.cloud/harbor/uplink/1916""}"
1917,1917,208,created,2025-02-08 20:53:19,"{""short_code"":""7iqDEg"",""original_url"":""https://hackstack.io/jade/canyon/1917""}"
1918,1918,289,created,2025-12-07 20:18:01,"{""short_code"":""RCH3yK"",""original_url"":""https://example.com/ivory/kernel/1918""}"
1919,1919,301,created,2025-11-26 09:40:58,"{""short_code"":""omzCTz"",""original_url"":""https://example.com/quiet/zenith/1919""}"
1920,1920,25,created,2025-12-05 13:29:09,"{""short_code"":""PhRMjv"",""original_url"":""https://hackstack.io/rapid/zenith/1920""}"
1921,1921,337,created,2025-02-09 01:31:13,"{""short_code"":""2YVoDJ"",""original_url"":""https://hackstack.io/keen/pioneer/1921""}"
1922,1922,121,created,2025-02-16 19:41:14,"{""short_code"":""uk7ghG"",""original_url"":""https://acme.dev/amber/journey/1922""}"
1923,1923,198,created,2025-10-11 17:54:53,"{""short_code"":""g2V0et"",""original_url"":""https://example.com/tidy/harvest/1923""}"
1924,1924,108,created,2025-12-17 09:52:22,"{""short_code"":""eCUc5G"",""original_url"":""https://opswise.net/ivory/network/1924""}"
1925,1925,382,created,2026-02-18 09:21:13,"{""short_code"":""v63hot"",""original_url"":""https://relay.cloud/forest/canyon/1925""}"
1926,1926,223,created,2025-10-07 08:11:01,"{""short_code"":""Vic9B2"",""original_url"":""https://seeded.app/silver/valley/1926""}"
1927,1927,249,created,2025-04-20 13:08:23,"{""short_code"":""yVg1gV"",""original_url"":""https://example.com/clear/harvest/1927""}"
1928,1928,345,created,2025-06-01 22:47:28,"{""short_code"":""PL4Nid"",""original_url"":""https://seeded.app/navy/quartz/1928""}"
1929,1929,71,created,2025-07-30 03:38:15,"{""short_code"":""5de7bx"",""original_url"":""https://relay.cloud/dawn/delta/1929""}"
1930,1930,135,created,2025-07-05 21:27:47,"{""short_code"":""QCCTbl"",""original_url"":""https://relay.cloud/ivory/anchor/1930""}"
1931,1931,154,created,2025-10-10 18:01:19,"{""short_code"":""wK964P"",""original_url"":""https://hackstack.io/dawn/beacon/1931""}"
1932,1932,287,created,2025-10-04 18:06:17,"{""short_code"":""MBfxJN"",""original_url"":""https://example.com/tidy/meadow/1932""}"
1933,1933,138,created,2025-09-19 00:52:20,"{""short_code"":""r7pyEv"",""original_url"":""https://opswise.net/lively/window/1933""}"
1934,1934,121,created,2025-04-22 21:51:38,"{""short_code"":""m5gi0G"",""original_url"":""https://opswise.net/ember/kernel/1934""}"
1935,1935,352,created,2025-03-13 20:21:03,"{""short_code"":""ta8BFU"",""original_url"":""https://opswise.net/urban/canyon/1935""}"
1936,1936,242,created,2025-12-25 08:15:03,"{""short_code"":""w0JAnx"",""original_url"":""https://acme.dev/dawn/delta/1936""}"
1937,1937,77,created,2025-05-28 15:14:04,"{""short_code"":""eSYm4r"",""original_url"":""https://seeded.app/gold/harvest/1937""}"
1938,1938,13,created,2025-11-05 07:14:18,"{""short_code"":""l7Th55"",""original_url"":""https://acme.dev/silver/uplink/1938""}"
1939,1939,331,created,2025-10-15 22:48:14,"{""short_code"":""zfEAPx"",""original_url"":""https://opswise.net/proud/orbit/1939""}"
1940,1940,153,created,2026-01-27 05:30:16,"{""short_code"":""HDeXRJ"",""original_url"":""https://seeded.app/ember/lagoon/1940""}"
1941,1941,336,created,2025-12-05 05:30:40,"{""short_code"":""fRlKBp"",""original_url"":""https://opswise.net/navy/field/1941""}"
1942,1942,12,created,2025-06-05 01:21:13,"{""short_code"":""UXD7wn"",""original_url"":""https://acme.dev/young/yard/1942""}"
1943,1943,259,created,2025-05-04 17:09:44,"{""short_code"":""wsfPM0"",""original_url"":""https://relay.cloud/warm/engine/1943""}"
1944,1944,371,created,2025-03-08 03:03:00,"{""short_code"":""PXOUNt"",""original_url"":""https://hackstack.io/quiet/garden/1944""}"
1945,1945,110,created,2025-11-11 19:23:49,"{""short_code"":""PESDkN"",""original_url"":""https://seeded.app/ember/meadow/1945""}"
1946,1946,190,created,2025-10-26 05:31:07,"{""short_code"":""Bt8ixL"",""original_url"":""https://relay.cloud/warm/beacon/1946""}"
1947,1947,395,created,2025-02-25 20:15:18,"{""short_code"":""9ljunN"",""original_url"":""https://relay.cloud/clear/anchor/1947""}"
1948,1948,173,created,2025-07-26 16:00:07,"{""short_code"":""nx3pNL"",""original_url"":""https://hackstack.io/dawn/canyon/1948""}"
1949,1949,133,created,2025-03-16 00:08:26,"{""short_code"":""X6b0qH"",""original_url"":""https://seeded.app/tidy/uplink/1949""}"
1950,1950,217,created,2025-04-15 02:21:41,"{""short_code"":""2ZQoSm"",""original_url"":""https://hackstack.io/young/garden/1950""}"
1951,1951,251,created,2025-05-06 12:08:28,"{""short_code"":""jMgNUW"",""original_url"":""https://seeded.app/silver/journey/1951""}"
1952,1952,350,created,2025-02-05 22:08:57,"{""short_code"":""Rb0cre"",""original_url"":""https://relay.cloud/clear/lagoon/1952""}"
1953,1953,35,created,2025-09-18 10:30:16,"{""short_code"":""8eyVRx"",""original_url"":""https://opswise.net/cobalt/meadow/1953""}"
1954,1954,318,created,2025-07-15 18:28:53,"{""short_code"":""YS4naW"",""original_url"":""https://opswise.net/warm/kernel/1954""}"
1955,1955,84,created,2025-01-04 04:27:25,"{""short_code"":""niY2Hv"",""original_url"":""https://acme.dev/lively/kernel/1955""}"
1956,1956,209,created,2025-12-27 01:53:20,"{""short_code"":""xuvJW9"",""original_url"":""https://example.com/cobalt/island/1956""}"
1957,1957,219,created,2025-09-28 19:15:34,"{""short_code"":""4xDaAc"",""original_url"":""https://hackstack.io/proud/island/1957""}"
1958,1958,278,created,2025-12-24 19:30:55,"{""short_code"":""J1di3v"",""original_url"":""https://acme.dev/harbor/orbit/1958""}"
1959,1959,99,created,2025-04-23 19:07:35,"{""short_code"":""MNCDna"",""original_url"":""https://example.com/forest/zenith/1959""}"
1960,1960,389,created,2025-03-15 20:00:01,"{""short_code"":""oylt8t"",""original_url"":""https://seeded.app/silver/engine/1960""}"
1961,1961,168,created,2025-07-20 00:49:40,"{""short_code"":""WgJmxi"",""original_url"":""https://hackstack.io/jade/anchor/1961""}"
1962,1962,264,created,2025-11-14 15:19:07,"{""short_code"":""wEm4qQ"",""original_url"":""https://seeded.app/clear/island/1962""}"
1963,1963,41,created,2025-01-22 17:49:21,"{""short_code"":""1MbyFQ"",""original_url"":""https://relay.cloud/vivid/meadow/1963""}"
1964,1964,162,created,2025-06-01 03:41:56,"{""short_code"":""INvpuY"",""original_url"":""https://hackstack.io/vivid/journey/1964""}"
1965,1965,335,created,2025-06-28 09:41:29,"{""short_code"":""yXwt8b"",""original_url"":""https://example.com/brisk/network/1965""}"
1966,1966,385,created,2025-01-17 06:29:51,"{""short_code"":""ElCcjF"",""original_url"":""https://opswise.net/rapid/field/1966""}"
1967,1967,348,created,2025-04-06 10:23:44,"{""short_code"":""hgp7xy"",""original_url"":""https://example.com/ivory/canyon/1967""}"
1968,1968,221,created,2025-04-12 01:31:27,"{""short_code"":""RyhaFt"",""original_url"":""https://acme.dev/young/anchor/1968""}"
1969,1969,335,created,2025-07-17 20:20:35,"{""short_code"":""6evGHE"",""original_url"":""https://opswise.net/urban/island/1969""}"
1970,1970,387,created,2026-01-07 04:09:21,"{""short_code"":""orUl6T"",""original_url"":""https://relay.cloud/brisk/network/1970""}"
1971,1971,161,created,2025-01-03 09:20:31,"{""short_code"":""GWalhk"",""original_url"":""https://hackstack.io/jade/quartz/1971""}"
1972,1972,26,created,2025-02-16 19:37:52,"{""short_code"":""WEMTWg"",""original_url"":""https://relay.cloud/jade/orbit/1972""}"
1973,1973,239,created,2025-11-26 08:15:09,"{""short_code"":""ROVAAp"",""original_url"":""https://acme.dev/mellow/valley/1973""}"
1974,1974,22,created,2025-05-02 07:27:33,"{""short_code"":""wDF2wv"",""original_url"":""https://example.com/jade/engine/1974""}"
1975,1975,319,created,2025-10-19 23:43:55,"{""short_code"":""QNDcXw"",""original_url"":""https://relay.cloud/forest/window/1975""}"
1976,1976,293,created,2025-04-26 17:44:29,"{""short_code"":""eTR7vM"",""original_url"":""https://hackstack.io/opal/canyon/1976""}"
1977,1977,390,created,2025-03-30 14:03:07,"{""short_code"":""HcoUGH"",""original_url"":""https://acme.dev/cobalt/quartz/1977""}"
1978,1978,286,created,2025-02-13 13:37:32,"{""short_code"":""7TWaIg"",""original_url"":""https://example.com/clear/signal/1978""}"
1979,1979,400,created,2025-05-05 01:04:15,"{""short_code"":""0LOSMr"",""original_url"":""https://hackstack.io/rapid/garden/1979""}"
1980,1980,155,created,2026-01-09 03:47:06,"{""short_code"":""WJeINQ"",""original_url"":""https://example.com/quiet/river/1980""}"
1981,1981,324,created,2025-01-30 20:55:39,"{""short_code"":""s8pnRj"",""original_url"":""https://seeded.app/silver/journey/1981""}"
1982,1982,80,created,2025-10-28 11:37:23,"{""short_code"":""mcEXVD"",""original_url"":""https://example.com/harbor/yard/1982""}"
1983,1983,61,created,2026-02-10 08:53:01,"{""short_code"":""9ou7C5"",""original_url"":""https://hackstack.io/brisk/valley/1983""}"
1984,1984,200,created,2025-02-14 01:19:36,"{""short_code"":""3ZjFWC"",""original_url"":""https://seeded.app/opal/window/1984""}"
1985,1985,216,created,2025-06-14 07:03:05,"{""short_code"":""yu9uSq"",""original_url"":""https://relay.cloud/forest/valley/1985""}"
1986,1986,227,created,2025-01-31 07:07:58,"{""short_code"":""dUeCfq"",""original_url"":""https://acme.dev/young/harvest/1986""}"
1987,1987,224,created,2026-01-17 02:07:23,"{""short_code"":""UcEiAw"",""original_url"":""https://seeded.app/opal/delta/1987""}"
1988,1988,63,created,2025-07-28 23:44:10,"{""short_code"":""kBredR"",""original_url"":""https://opswise.net/cobalt/kernel/1988""}"
1989,1989,230,created,2025-10-15 03:15:57,"{""short_code"":""YQKRZc"",""original_url"":""https://acme.dev/proud/delta/1989""}"
1990,1990,137,created,2025-03-22 00:53:38,"{""short_code"":""dHUmcn"",""original_url"":""https://seeded.app/ivory/river/1990""}"
1991,1991,247,created,2025-05-10 19:14:21,"{""short_code"":""HbS4B4"",""original_url"":""https://acme.dev/clear/orbit/1991""}"
1992,1992,243,created,2025-02-13 06:25:51,"{""short_code"":""fHG0Al"",""original_url"":""https://opswise.net/navy/engine/1992""}"
1993,1993,214,created,2025-10-22 09:21:52,"{""short_code"":""af3cPx"",""original_url"":""https://opswise.net/dawn/kernel/1993""}"
1994,1994,345,created,2025-05-16 22:14:41,"{""short_code"":""7owIfr"",""original_url"":""https://relay.cloud/keen/uplink/1994""}"
1995,1995,81,created,2025-05-15 03:20:40,"{""short_code"":""lw7hjs"",""original_url"":""https://seeded.app/harbor/anchor/1995""}"
1996,1996,100,created,2026-01-03 05:05:07,"{""short_code"":""D0kDSf"",""original_url"":""https://acme.dev/quiet/zenith/1996""}"
1997,1997,72,created,2025-02-22 12:05:34,"{""short_code"":""D8M8iQ"",""original_url"":""https://opswise.net/calm/meadow/1997""}"
1998,1998,39,created,2025-09-08 05:04:14,"{""short_code"":""M8ho0Q"",""original_url"":""https://hackstack.io/vivid/canyon/1998""}"
1999,1999,156,created,2025-11-25 17:51:31,"{""short_code"":""u294b8"",""original_url"":""https://relay.cloud/cobalt/orbit/1999""}"
2000,2000,70,created,2026-01-12 08:58:06,"{""short_code"":""holwCN"",""original_url"":""https://hackstack.io/calm/orbit/2000""}"
2001,1,1,updated,2025-04-23 15:28:09,"{""field"":""original_url"",""new_value"":""https://acme.dev/canyon/8006""}"
2002,1026,224,updated,2025-08-13 19:24:26,"{""field"":""title"",""new_value"":""quieted""}"
2003,1774,168,updated,2025-01-02 18:23:59,"{""field"":""title"",""new_value"":""promoted""}"
2004,1307,313,updated,2025-10-11 18:26:40,"{""field"":""is_active"",""new_value"":""patched""}"
2005,165,279,updated,2025-12-08 00:31:31,"{""field"":""is_active"",""new_value"":""archived""}"
2006,148,233,updated,2025-12-28 18:37:36,"{""field"":""is_active"",""new_value"":""archived""}"
2007,60,252,updated,2025-09-22 20:53:05,"{""field"":""title"",""new_value"":""rotated""}"
2008,1203,75,updated,2025-05-27 00:09:24,"{""field"":""title"",""new_value"":""promoted""}"
2009,1109,286,updated,2025-04-05 04:16:10,"{""field"":""title"",""new_value"":""rotated""}"
2010,384,195,updated,2025-05-11 05:41:19,"{""field"":""title"",""new_value"":""rotated""}"
2011,936,113,updated,2026-01-15 02:57:32,"{""field"":""is_active"",""new_value"":""refined""}"
2012,1889,251,updated,2026-01-25 21:17:57,"{""field"":""original_url"",""new_value"":""https://relay.cloud/orbit/886""}"
2013,1278,370,updated,2025-01-12 20:53:55,"{""field"":""original_url"",""new_value"":""https://seeded.app/harvest/2033""}"
2014,1419,32,updated,2025-07-14 19:47:59,"{""field"":""is_active"",""new_value"":""quieted""}"
2015,576,314,updated,2025-10-11 16:41:58,"{""field"":""is_active"",""new_value"":""refined""}"
2016,596,62,updated,2025-03-28 17:41:33,"{""field"":""title"",""new_value"":""refined""}"
2017,209,337,updated,2025-01-09 21:15:48,"{""field"":""title"",""new_value"":""quieted""}"
2018,360,310,updated,2025-11-21 13:35:50,"{""field"":""original_url"",""new_value"":""https://acme.dev/quartz/1894""}"
2019,1592,237,updated,2025-07-03 12:38:43,"{""field"":""title"",""new_value"":""rerouted""}"
2020,505,247,updated,2025-10-24 02:19:11,"{""field"":""title"",""new_value"":""boosted""}"
2021,1700,250,updated,2025-04-17 03:03:00,"{""field"":""title"",""new_value"":""promoted""}"
2022,1110,19,updated,2025-08-09 00:49:51,"{""field"":""is_active"",""new_value"":""boosted""}"
2023,1993,214,updated,2026-02-02 23:37:11,"{""field"":""original_url"",""new_value"":""https://seeded.app/zenith/3721""}"
2024,1869,74,updated,2025-11-30 07:40:42,"{""field"":""is_active"",""new_value"":""archived""}"
2025,794,360,updated,2025-09-14 15:03:20,"{""field"":""original_url"",""new_value"":""https://seeded.app/orbit/1541""}"
2026,1246,47,updated,2025-02-15 23:19:27,"{""field"":""original_url"",""new_value"":""https://acme.dev/canyon/6556""}"
2027,1836,339,updated,2025-10-28 10:55:05,"{""field"":""is_active"",""new_value"":""boosted""}"
2028,1020,304,updated,2025-03-31 15:38:24,"{""field"":""title"",""new_value"":""refined""}"
2029,1340,144,updated,2025-04-04 08:06:30,"{""field"":""is_active"",""new_value"":""rerouted""}"
2030,657,225,updated,2025-12-06 20:10:39,"{""field"":""title"",""new_value"":""rotated""}"
2031,1205,315,updated,2025-08-30 20:25:11,"{""field"":""title"",""new_value"":""promoted""}"
2032,1761,395,updated,2025-10-29 10:59:46,"{""field"":""title"",""new_value"":""rotated""}"
2033,877,78,updated,2025-03-06 16:30:38,"{""field"":""is_active"",""new_value"":""refined""}"
2034,311,245,updated,2025-04-17 09:28:28,"{""field"":""is_active"",""new_value"":""patched""}"
2035,1029,306,updated,2025-06-13 17:55:29,"{""field"":""is_active"",""new_value"":""boosted""}"
2036,1874,281,updated,2025-12-23 11:16:47,"{""field"":""original_url"",""new_value"":""https://example.com/meadow/3388""}"
2037,1732,176,updated,2025-12-10 10:47:49,"{""field"":""is_active"",""new_value"":""archived""}"
2038,1838,234,updated,2025-04-06 05:52:59,"{""field"":""title"",""new_value"":""rotated""}"
2039,493,206,updated,2025-08-24 05:09:09,"{""field"":""is_active"",""new_value"":""promoted""}"
2040,1509,125,updated,2025-02-20 11:27:36,"{""field"":""title"",""new_value"":""boosted""}"
2041,776,348,updated,2025-02-18 00:28:41,"{""field"":""is_active"",""new_value"":""rerouted""}"
2042,35,259,updated,2026-01-07 13:18:22,"{""field"":""is_active"",""new_value"":""quieted""}"
2043,1921,337,updated,2026-02-15 09:33:09,"{""field"":""title"",""new_value"":""patched""}"
2044,306,299,updated,2025-12-31 13:29:42,"{""field"":""title"",""new_value"":""quieted""}"
2045,427,338,updated,2025-07-03 15:23:37,"{""field"":""title"",""new_value"":""refined""}"
2046,320,274,updated,2025-12-14 14:45:33,"{""field"":""is_active"",""new_value"":""promoted""}"
2047,211,288,updated,2025-04-27 01:30:58,"{""field"":""title"",""new_value"":""boosted""}"
2048,1329,213,updated,2025-06-09 10:22:07,"{""field"":""title"",""new_value"":""boosted""}"
2049,260,215,updated,2025-01-05 01:43:34,"{""field"":""is_active"",""new_value"":""rerouted""}"
2050,1226,175,updated,2025-07-04 01:30:30,"{""field"":""is_active"",""new_value"":""quieted""}"
2051,1323,175,updated,2025-07-30 09:49:23,"{""field"":""title"",""new_value"":""promoted""}"
2052,1885,67,updated,2025-01-03 17:03:34,"{""field"":""title"",""new_value"":""quieted""}"
2053,447,37,updated,2025-06-08 14:20:57,"{""field"":""title"",""new_value"":""patched""}"
2054,1316,97,updated,2026-02-28 08:34:53,"{""field"":""title"",""new_value"":""archived""}"
2055,103,321,updated,2025-06-12 14:13:04,"{""field"":""original_url"",""new_value"":""https://opswise.net/island/6578""}"
2056,416,72,updated,2025-09-27 21:39:15,"{""field"":""is_active"",""new_value"":""archived""}"
2057,1346,218,updated,2025-11-04 04:18:42,"{""field"":""original_url"",""new_value"":""https://opswise.net/island/174""}"
2058,1288,84,updated,2025-05-08 07:09:14,"{""field"":""is_active"",""new_value"":""patched""}"
2059,1055,3,updated,2025-12-28 09:03:07,"{""field"":""original_url"",""new_value"":""https://acme.dev/engine/4210""}"
2060,586,28,updated,2026-01-08 16:53:09,"{""field"":""is_active"",""new_value"":""rotated""}"
2061,1925,382,updated,2026-01-19 16:44:15,"{""field"":""is_active"",""new_value"":""refined""}"
2062,322,8,updated,2026-02-18 02:21:31,"{""field"":""is_active"",""new_value"":""rerouted""}"
2063,1213,80,updated,2025-09-14 14:30:14,"{""field"":""is_active"",""new_value"":""promoted""}"
2064,1898,88,updated,2025-12-16 16:00:05,"{""field"":""is_active"",""new_value"":""rotated""}"
2065,1155,182,updated,2025-11-21 21:52:34,"{""field"":""title"",""new_value"":""promoted""}"
2066,84,265,updated,2026-02-20 19:06:35,"{""field"":""original_url"",""new_value"":""https://hackstack.io/island/4375""}"
2067,293,125,updated,2025-09-15 07:07:17,"{""field"":""original_url"",""new_value"":""https://seeded.app/journey/8475""}"
2068,1958,278,updated,2025-06-09 08:15:56,"{""field"":""title"",""new_value"":""promoted""}"
2069,1361,193,updated,2025-04-19 14:36:49,"{""field"":""title"",""new_value"":""rotated""}"
2070,161,210,updated,2026-02-06 20:45:22,"{""field"":""is_active"",""new_value"":""refined""}"
2071,385,255,updated,2025-04-24 11:12:18,"{""field"":""original_url"",""new_value"":""https://seeded.app/yard/3938""}"
2072,1924,108,updated,2025-06-05 06:02:39,"{""field"":""title"",""new_value"":""boosted""}"
2073,1642,13,updated,2025-09-18 05:44:32,"{""field"":""title"",""new_value"":""refined""}"
2074,864,39,updated,2026-01-14 23:38:14,"{""field"":""original_url"",""new_value"":""https://relay.cloud/lagoon/976""}"
2075,1358,188,updated,2025-07-28 04:21:31,"{""field"":""is_active"",""new_value"":""rerouted""}"
2076,450,93,updated,2025-09-29 05:09:04,"{""field"":""title"",""new_value"":""boosted""}"
2077,592,321,updated,2026-01-31 19:52:06,"{""field"":""title"",""new_value"":""archived""}"
2078,955,325,updated,2026-02-23 18:31:45,"{""field"":""original_url"",""new_value"":""https://opswise.net/pioneer/4257""}"
2079,44,198,updated,2025-08-15 20:48:56,"{""field"":""title"",""new_value"":""quieted""}"
2080,1621,337,updated,2026-02-20 09:51:11,"{""field"":""is_active"",""new_value"":""patched""}"
2081,1622,254,updated,2025-11-30 01:40:23,"{""field"":""title"",""new_value"":""quieted""}"
2082,225,244,updated,2025-04-10 15:25:08,"{""field"":""title"",""new_value"":""archived""}"
2083,887,227,updated,2025-12-17 09:17:11,"{""field"":""original_url"",""new_value"":""https://example.com/uplink/561""}"
2084,981,57,updated,2025-09-25 05:00:27,"{""field"":""title"",""new_value"":""patched""}"
2085,1531,362,updated,2026-02-20 15:57:05,"{""field"":""is_active"",""new_value"":""archived""}"
2086,249,29,updated,2025-11-08 00:50:04,"{""field"":""title"",""new_value"":""rotated""}"
2087,1659,127,updated,2025-08-16 14:25:29,"{""field"":""title"",""new_value"":""archived""}"
2088,861,245,updated,2025-07-23 09:55:43,"{""field"":""original_url"",""new_value"":""https://acme.dev/pioneer/2017""}"
2089,62,138,updated,2025-05-15 06:01:30,"{""field"":""is_active"",""new_value"":""quieted""}"
2090,1620,312,updated,2026-01-30 00:37:59,"{""field"":""original_url"",""new_value"":""https://seeded.app/canyon/4791""}"
2091,1083,254,updated,2025-06-16 08:03:28,"{""field"":""is_active"",""new_value"":""boosted""}"
2092,772,117,updated,2026-01-03 22:47:32,"{""field"":""is_active"",""new_value"":""quieted""}"
2093,743,315,updated,2025-01-19 03:38:19,"{""field"":""title"",""new_value"":""boosted""}"
2094,200,122,updated,2026-02-04 22:17:39,"{""field"":""title"",""new_value"":""quieted""}"
2095,572,276,updated,2026-01-13 09:11:19,"{""field"":""is_active"",""new_value"":""archived""}"
2096,79,271,updated,2025-05-24 01:18:04,"{""field"":""title"",""new_value"":""archived""}"
2097,503,396,updated,2025-08-02 16:40:19,"{""field"":""is_active"",""new_value"":""patched""}"
2098,461,385,updated,2025-09-28 21:26:32,"{""field"":""is_active"",""new_value"":""archived""}"
2099,1545,310,updated,2025-03-16 09:18:43,"{""field"":""title"",""new_value"":""promoted""}"
2100,1301,385,updated,2025-05-23 08:38:12,"{""field"":""title"",""new_value"":""archived""}"
2101,1435,239,updated,2025-08-28 07:27:48,"{""field"":""title"",""new_value"":""archived""}"
2102,1352,170,updated,2025-05-22 20:20:11,"{""field"":""original_url"",""new_value"":""https://example.com/engine/3613""}"
2103,294,41,updated,2025-09-01 05:57:44,"{""field"":""is_active"",""new_value"":""archived""}"
2104,599,173,updated,2025-06-19 12:11:02,"{""field"":""is_active"",""new_value"":""promoted""}"
2105,1676,221,updated,2025-02-19 22:48:55,"{""field"":""original_url"",""new_value"":""https://seeded.app/anchor/6860""}"
2106,1363,295,updated,2025-01-13 04:40:35,"{""field"":""original_url"",""new_value"":""https://seeded.app/quartz/1814""}"
2107,349,324,updated,2025-02-25 03:26:05,"{""field"":""title"",""new_value"":""rerouted""}"
2108,1499,99,updated,2026-01-16 00:33:15,"{""field"":""original_url"",""new_value"":""https://hackstack.io/lagoon/2247""}"
2109,779,390,updated,2025-02-11 06:30:43,"{""field"":""is_active"",""new_value"":""refined""}"
2110,1680,206,updated,2025-10-23 15:03:55,"{""field"":""is_active"",""new_value"":""promoted""}"
2111,1056,187,updated,2025-10-24 06:14:30,"{""field"":""is_active"",""new_value"":""quieted""}"
2112,680,4,updated,2025-05-14 15:56:17,"{""field"":""original_url"",""new_value"":""https://acme.dev/field/8172""}"
2113,389,5,updated,2025-12-19 11:40:31,"{""field"":""is_active"",""new_value"":""quieted""}"
2114,1009,32,updated,2025-01-22 15:29:17,"{""field"":""original_url"",""new_value"":""https://hackstack.io/quartz/8342""}"
2115,1120,234,updated,2026-01-04 03:56:49,"{""field"":""title"",""new_value"":""rerouted""}"
2116,210,303,updated,2025-04-02 10:47:48,"{""field"":""title"",""new_value"":""boosted""}"
2117,28,201,updated,2025-02-16 07:32:47,"{""field"":""original_url"",""new_value"":""https://relay.cloud/island/3543""}"
2118,1557,167,updated,2025-02-03 21:41:22,"{""field"":""title"",""new_value"":""quieted""}"
2119,827,312,updated,2025-06-15 19:46:03,"{""field"":""original_url"",""new_value"":""https://opswise.net/quartz/8273""}"
2120,1324,24,updated,2025-01-13 19:06:26,"{""field"":""is_active"",""new_value"":""archived""}"
2121,529,211,updated,2025-05-02 21:14:25,"{""field"":""is_active"",""new_value"":""rerouted""}"
2122,1230,122,updated,2026-01-21 22:31:56,"{""field"":""original_url"",""new_value"":""https://opswise.net/meadow/5581""}"
2123,895,165,updated,2025-11-11 07:28:35,"{""field"":""is_active"",""new_value"":""refined""}"
2124,510,243,updated,2025-01-03 15:53:24,"{""field"":""title"",""new_value"":""refined""}"
2125,282,259,updated,2025-09-08 14:18:14,"{""field"":""original_url"",""new_value"":""https://hackstack.io/zenith/9784""}"
2126,1250,115,updated,2025-08-23 11:32:23,"{""field"":""original_url"",""new_value"":""https://hackstack.io/yard/3205""}"
2127,187,60,updated,2025-08-21 04:33:02,"{""field"":""title"",""new_value"":""patched""}"
2128,527,183,updated,2025-03-09 12:02:38,"{""field"":""title"",""new_value"":""promoted""}"
2129,997,14,updated,2025-04-20 17:46:31,"{""field"":""original_url"",""new_value"":""https://acme.dev/delta/3033""}"
2130,284,89,updated,2026-02-02 00:10:40,"{""field"":""original_url"",""new_value"":""https://relay.cloud/meadow/2341""}"
2131,1951,251,updated,2025-08-13 10:14:42,"{""field"":""original_url"",""new_value"":""https://hackstack.io/kernel/8543""}"
2132,1154,168,updated,2026-02-21 22:06:43,"{""field"":""original_url"",""new_value"":""https://opswise.net/anchor/7781""}"
2133,742,35,updated,2025-11-14 10:23:46,"{""field"":""title"",""new_value"":""promoted""}"
2134,1992,243,updated,2026-01-18 21:49:54,"{""field"":""is_active"",""new_value"":""rotated""}"
2135,248,145,updated,2025-12-06 00:13:37,"{""field"":""title"",""new_value"":""archived""}"
2136,761,375,updated,2025-09-25 01:50:38,"{""field"":""title"",""new_value"":""rerouted""}"
2137,1911,105,updated,2025-07-12 14:24:43,"{""field"":""title"",""new_value"":""rerouted""}"
2138,1515,174,updated,2025-07-08 07:00:46,"{""field"":""title"",""new_value"":""rotated""}"
2139,1526,350,updated,2026-01-05 09:32:49,"{""field"":""original_url"",""new_value"":""https://hackstack.io/quartz/9920""}"
2140,1389,301,updated,2025-09-02 19:47:44,"{""field"":""original_url"",""new_value"":""https://relay.cloud/engine/3944""}"
2141,1436,185,updated,2025-12-01 06:20:09,"{""field"":""original_url"",""new_value"":""https://example.com/river/5948""}"
2142,116,184,updated,2025-01-06 07:54:31,"{""field"":""is_active"",""new_value"":""patched""}"
2143,1454,62,updated,2025-07-05 00:13:39,"{""field"":""original_url"",""new_value"":""https://seeded.app/lagoon/1984""}"
2144,1909,157,updated,2025-02-06 07:26:37,"{""field"":""original_url"",""new_value"":""https://opswise.net/harvest/965""}"
2145,1285,52,updated,2025-08-17 20:49:57,"{""field"":""is_active"",""new_value"":""patched""}"
2146,1113,340,updated,2025-02-21 05:02:54,"{""field"":""original_url"",""new_value"":""https://opswise.net/kernel/71""}"
2147,144,355,updated,2025-07-27 20:18:47,"{""field"":""is_active"",""new_value"":""quieted""}"
2148,1719,266,updated,2025-08-29 06:15:06,"{""field"":""title"",""new_value"":""archived""}"
2149,489,343,updated,2025-04-05 00:49:09,"{""field"":""is_active"",""new_value"":""refined""}"
2150,1430,346,updated,2025-06-05 13:43:55,"{""field"":""original_url"",""new_value"":""https://opswise.net/journey/4270""}"
2151,350,243,updated,2025-04-10 19:58:30,"{""field"":""is_active"",""new_value"":""rotated""}"
2152,606,249,updated,2025-04-30 13:26:56,"{""field"":""original_url"",""new_value"":""https://relay.cloud/island/5730""}"
2153,1500,331,updated,2025-03-11 08:16:30,"{""field"":""title"",""new_value"":""boosted""}"
2154,1099,391,updated,2025-12-25 10:26:50,"{""field"":""title"",""new_value"":""rotated""}"
2155,1201,350,updated,2025-12-24 17:07:23,"{""field"":""is_active"",""new_value"":""rerouted""}"
2156,1520,284,updated,2025-08-13 00:31:03,"{""field"":""title"",""new_value"":""promoted""}"
2157,18,118,updated,2025-05-23 15:55:24,"{""field"":""is_active"",""new_value"":""refined""}"
2158,1326,331,updated,2025-03-29 02:51:12,"{""field"":""title"",""new_value"":""promoted""}"
2159,1095,383,updated,2025-10-01 02:58:51,"{""field"":""title"",""new_value"":""patched""}"
2160,460,317,updated,2025-05-25 09:50:17,"{""field"":""original_url"",""new_value"":""https://seeded.app/delta/1108""}"
2161,491,265,updated,2025-12-24 13:18:21,"{""field"":""original_url"",""new_value"":""https://relay.cloud/anchor/4865""}"
2162,1025,375,updated,2025-11-20 20:17:47,"{""field"":""original_url"",""new_value"":""https://opswise.net/island/6484""}"
2163,449,324,updated,2026-01-20 18:23:25,"{""field"":""original_url"",""new_value"":""https://relay.cloud/kernel/8984""}"
2164,799,114,updated,2025-02-23 23:03:58,"{""field"":""title"",""new_value"":""refined""}"
2165,242,348,updated,2025-05-18 02:43:53,"{""field"":""title"",""new_value"":""rotated""}"
2166,92,50,updated,2025-06-04 06:57:18,"{""field"":""is_active"",""new_value"":""promoted""}"
2167,1297,353,updated,2026-02-27 01:58:37,"{""field"":""title"",""new_value"":""rerouted""}"
2168,1268,79,updated,2025-03-11 20:30:50,"{""field"":""is_active"",""new_value"":""rotated""}"
2169,1428,177,updated,2025-04-01 04:52:22,"{""field"":""title"",""new_value"":""rerouted""}"
2170,499,352,updated,2026-01-12 22:50:10,"{""field"":""title"",""new_value"":""archived""}"
2171,1222,223,updated,2025-04-22 00:22:25,"{""field"":""original_url"",""new_value"":""https://relay.cloud/canyon/8536""}"
2172,343,231,updated,2025-04-14 10:41:40,"{""field"":""title"",""new_value"":""promoted""}"
2173,426,165,updated,2025-01-01 00:29:51,"{""field"":""original_url"",""new_value"":""https://hackstack.io/window/4204""}"
2174,1714,335,updated,2025-08-23 03:27:49,"{""field"":""title"",""new_value"":""patched""}"
2175,982,146,updated,2025-06-26 23:57:19,"{""field"":""original_url"",""new_value"":""https://relay.cloud/canyon/5669""}"
2176,197,3,updated,2026-01-10 08:53:05,"{""field"":""original_url"",""new_value"":""https://hackstack.io/window/1387""}"
2177,918,109,updated,2025-02-09 03:02:11,"{""field"":""original_url"",""new_value"":""https://relay.cloud/pioneer/1562""}"
2178,785,104,updated,2025-12-27 17:18:41,"{""field"":""title"",""new_value"":""archived""}"
2179,420,333,updated,2025-02-17 04:35:04,"{""field"":""original_url"",""new_value"":""https://opswise.net/harvest/30""}"
2180,1514,66,updated,2025-12-18 19:32:02,"{""field"":""is_active"",""new_value"":""promoted""}"
2181,338,191,updated,2025-04-18 18:56:48,"{""field"":""original_url"",""new_value"":""https://acme.dev/island/83""}"
2182,245,130,updated,2025-06-28 14:20:09,"{""field"":""is_active"",""new_value"":""promoted""}"
2183,365,120,updated,2025-12-23 20:57:15,"{""field"":""is_active"",""new_value"":""refined""}"
2184,390,353,updated,2025-12-10 08:02:32,"{""field"":""title"",""new_value"":""boosted""}"
2185,418,220,updated,2025-08-22 18:45:16,"{""field"":""original_url"",""new_value"":""https://hackstack.io/kernel/6275""}"
2186,1830,235,updated,2025-12-04 21:16:17,"{""field"":""title"",""new_value"":""refined""}"
2187,1695,201,updated,2026-01-27 16:40:59,"{""field"":""original_url"",""new_value"":""https://hackstack.io/meadow/6447""}"
2188,1210,190,updated,2025-04-11 09:18:40,"{""field"":""original_url"",""new_value"":""https://relay.cloud/delta/8206""}"
2189,429,371,updated,2025-09-30 22:18:58,"{""field"":""title"",""new_value"":""archived""}"
2190,81,350,updated,2025-08-08 14:15:22,"{""field"":""is_active"",""new_value"":""boosted""}"
2191,804,388,updated,2025-12-22 10:44:51,"{""field"":""title"",""new_value"":""patched""}"
2192,1721,84,updated,2025-02-14 15:35:27,"{""field"":""title"",""new_value"":""promoted""}"
2193,1667,355,updated,2025-04-10 12:18:50,"{""field"":""is_active"",""new_value"":""quieted""}"
2194,980,206,updated,2025-06-13 06:57:02,"{""field"":""title"",""new_value"":""patched""}"
2195,480,259,updated,2025-01-15 15:46:46,"{""field"":""is_active"",""new_value"":""boosted""}"
2196,618,30,updated,2025-02-17 21:29:31,"{""field"":""is_active"",""new_value"":""patched""}"
2197,962,207,updated,2025-08-13 10:12:00,"{""field"":""is_active"",""new_value"":""archived""}"
2198,735,282,updated,2025-11-21 22:42:41,"{""field"":""title"",""new_value"":""boosted""}"
2199,1463,367,updated,2025-07-04 20:11:49,"{""field"":""title"",""new_value"":""archived""}"
2200,810,385,updated,2026-02-15 22:13:08,"{""field"":""title"",""new_value"":""promoted""}"
2201,970,136,updated,2025-09-10 11:54:27,"{""field"":""original_url"",""new_value"":""https://example.com/lagoon/2902""}"
2202,1292,174,updated,2025-06-07 19:29:59,"{""field"":""title"",""new_value"":""rerouted""}"
2203,1685,328,updated,2025-12-13 03:37:36,"{""field"":""is_active"",""new_value"":""quieted""}"
2204,1217,364,updated,2025-08-27 00:14:11,"{""field"":""original_url"",""new_value"":""https://example.com/river/1409""}"
2205,1190,239,updated,2025-04-25 23:28:18,"{""field"":""is_active"",""new_value"":""refined""}"
2206,271,43,updated,2025-11-12 19:43:34,"{""field"":""title"",""new_value"":""rerouted""}"
2207,58,244,updated,2025-07-03 10:47:11,"{""field"":""is_active"",""new_value"":""refined""}"
2208,408,337,updated,2025-06-22 02:54:15,"{""field"":""is_active"",""new_value"":""rotated""}"
2209,1330,181,updated,2025-03-12 12:27:10,"{""field"":""title"",""new_value"":""refined""}"
2210,1684,123,updated,2025-08-01 11:51:18,"{""field"":""original_url"",""new_value"":""https://opswise.net/signal/8152""}"
2211,217,129,updated,2025-11-02 10:49:26,"{""field"":""is_active"",""new_value"":""promoted""}"
2212,54,156,updated,2025-05-08 22:13:19,"{""field"":""original_url"",""new_value"":""https://opswise.net/delta/1841""}"
2213,403,106,updated,2026-02-14 04:00:40,"{""field"":""original_url"",""new_value"":""https://opswise.net/river/3268""}"
2214,1844,265,updated,2025-09-04 03:11:21,"{""field"":""original_url"",""new_value"":""https://example.com/quartz/366""}"
2215,1034,1,updated,2026-01-30 06:04:31,"{""field"":""title"",""new_value"":""patched""}"
2216,1954,318,updated,2025-11-25 16:13:40,"{""field"":""original_url"",""new_value"":""https://acme.dev/signal/4170""}"
2217,1997,72,updated,2025-04-10 00:31:31,"{""field"":""is_active"",""new_value"":""boosted""}"
2218,565,5,updated,2025-08-02 20:05:24,"{""field"":""title"",""new_value"":""patched""}"
2219,1630,95,updated,2025-05-17 19:19:29,"{""field"":""is_active"",""new_value"":""refined""}"
2220,674,10,updated,2026-01-09 14:21:26,"{""field"":""is_active"",""new_value"":""archived""}"
2221,696,22,updated,2025-03-11 08:21:24,"{""field"":""original_url"",""new_value"":""https://relay.cloud/garden/5469""}"
2222,544,148,updated,2026-01-31 18:38:08,"{""field"":""original_url"",""new_value"":""https://acme.dev/river/6363""}"
2223,706,204,updated,2025-12-02 02:49:37,"{""field"":""original_url"",""new_value"":""https://relay.cloud/engine/9214""}"
2224,1504,233,updated,2025-10-30 18:42:29,"{""field"":""original_url"",""new_value"":""https://relay.cloud/trail/1628""}"
2225,348,16,updated,2025-10-26 18:20:57,"{""field"":""title"",""new_value"":""refined""}"
2226,1894,10,updated,2025-02-16 18:05:38,"{""field"":""original_url"",""new_value"":""https://opswise.net/trail/435""}"
2227,1460,179,updated,2025-10-15 23:24:47,"{""field"":""is_active"",""new_value"":""rotated""}"
2228,448,327,updated,2025-09-02 02:35:40,"{""field"":""title"",""new_value"":""promoted""}"
2229,1677,350,updated,2025-06-30 02:43:49,"{""field"":""original_url"",""new_value"":""https://opswise.net/anchor/6914""}"
2230,31,254,updated,2025-08-27 07:02:24,"{""field"":""title"",""new_value"":""rotated""}"
2231,1720,304,updated,2025-02-03 08:49:28,"{""field"":""title"",""new_value"":""refined""}"
2232,820,263,updated,2025-11-13 09:30:41,"{""field"":""is_active"",""new_value"":""refined""}"
2233,771,1,updated,2025-09-09 07:39:39,"{""field"":""title"",""new_value"":""refined""}"
2234,1091,310,updated,2025-01-15 05:10:46,"{""field"":""original_url"",""new_value"":""https://example.com/anchor/4321""}"
2235,374,172,updated,2025-11-12 02:16:46,"{""field"":""is_active"",""new_value"":""boosted""}"
2236,1554,207,updated,2025-07-30 08:13:04,"{""field"":""title"",""new_value"":""refined""}"
2237,780,61,updated,2026-02-07 06:15:52,"{""field"":""title"",""new_value"":""boosted""}"
2238,1473,120,updated,2025-10-30 05:25:05,"{""field"":""original_url"",""new_value"":""https://opswise.net/garden/3793""}"
2239,615,125,updated,2025-07-08 19:08:38,"{""field"":""is_active"",""new_value"":""refined""}"
2240,1704,193,updated,2025-05-29 13:31:53,"{""field"":""original_url"",""new_value"":""https://example.com/orbit/7740""}"
2241,740,1,updated,2025-10-08 05:27:11,"{""field"":""original_url"",""new_value"":""https://acme.dev/canyon/4971""}"
2242,1998,39,updated,2025-01-20 18:25:08,"{""field"":""is_active"",""new_value"":""quieted""}"
2243,1310,338,updated,2025-12-22 01:34:06,"{""field"":""is_active"",""new_value"":""archived""}"
2244,796,266,updated,2025-03-20 06:12:19,"{""field"":""is_active"",""new_value"":""archived""}"
2245,603,325,updated,2025-08-17 02:47:49,"{""field"":""is_active"",""new_value"":""rotated""}"
2246,1920,25,updated,2025-11-17 03:17:49,"{""field"":""is_active"",""new_value"":""rerouted""}"
2247,425,313,updated,2026-02-12 12:13:13,"{""field"":""original_url"",""new_value"":""https://seeded.app/valley/3746""}"
2248,361,395,updated,2025-12-06 13:30:13,"{""field"":""is_active"",""new_value"":""refined""}"
2249,1289,17,updated,2025-05-26 23:57:41,"{""field"":""title"",""new_value"":""archived""}"
2250,730,89,updated,2026-02-08 01:35:45,"{""field"":""original_url"",""new_value"":""https://acme.dev/beacon/6605""}"
2251,1397,239,updated,2025-11-03 01:23:50,"{""field"":""original_url"",""new_value"":""https://seeded.app/meadow/8282""}"
2252,819,113,updated,2025-04-20 04:14:57,"{""field"":""is_active"",""new_value"":""rotated""}"
2253,1148,69,updated,2025-10-08 09:49:51,"{""field"":""title"",""new_value"":""rotated""}"
2254,170,365,updated,2026-02-09 04:03:18,"{""field"":""title"",""new_value"":""refined""}"
2255,319,263,updated,2025-10-20 01:51:37,"{""field"":""original_url"",""new_value"":""https://acme.dev/harvest/4582""}"
2256,722,337,updated,2025-02-26 12:06:54,"{""field"":""is_active"",""new_value"":""promoted""}"
2257,1160,192,updated,2026-02-26 03:10:17,"{""field"":""title"",""new_value"":""rerouted""}"
2258,630,266,updated,2025-11-10 03:58:27,"{""field"":""title"",""new_value"":""rotated""}"
2259,1086,202,updated,2025-09-17 13:17:55,"{""field"":""is_active"",""new_value"":""rotated""}"
2260,1616,135,updated,2026-02-10 08:52:00,"{""field"":""is_active"",""new_value"":""rotated""}"
2261,457,302,updated,2025-04-08 02:48:06,"{""field"":""title"",""new_value"":""rerouted""}"
2262,791,193,updated,2025-11-13 22:11:48,"{""field"":""title"",""new_value"":""rotated""}"
2263,691,221,updated,2026-02-02 06:54:26,"{""field"":""title"",""new_value"":""boosted""}"
2264,952,288,updated,2025-03-23 14:04:58,"{""field"":""original_url"",""new_value"":""https://example.com/lagoon/6726""}"
2265,1726,277,updated,2025-02-09 10:06:29,"{""field"":""is_active"",""new_value"":""archived""}"
2266,1527,207,updated,2025-04-14 07:44:34,"{""field"":""original_url"",""new_value"":""https://hackstack.io/quartz/3642""}"
2267,1529,81,updated,2025-04-20 02:28:43,"{""field"":""title"",""new_value"":""quieted""}"
2268,972,94,updated,2025-05-19 20:24:58,"{""field"":""original_url"",""new_value"":""https://acme.dev/delta/528""}"
2269,728,356,updated,2026-01-25 15:55:22,"{""field"":""original_url"",""new_value"":""https://example.com/network/8146""}"
2270,1702,31,updated,2025-11-28 11:26:28,"{""field"":""is_active"",""new_value"":""boosted""}"
2271,11,151,updated,2025-03-30 04:06:40,"{""field"":""is_active"",""new_value"":""boosted""}"
2272,826,278,updated,2025-05-06 03:21:59,"{""field"":""title"",""new_value"":""refined""}"
2273,635,102,updated,2025-10-05 18:56:53,"{""field"":""is_active"",""new_value"":""rotated""}"
2274,988,229,updated,2026-02-07 16:53:24,"{""field"":""title"",""new_value"":""archived""}"
2275,921,393,updated,2026-02-04 00:20:34,"{""field"":""title"",""new_value"":""promoted""}"
2276,1896,260,updated,2025-07-23 08:52:00,"{""field"":""original_url"",""new_value"":""https://example.com/pioneer/212""}"
2277,1267,300,updated,2025-04-17 10:05:13,"{""field"":""title"",""new_value"":""patched""}"
2278,566,298,updated,2025-05-09 16:01:29,"{""field"":""title"",""new_value"":""rerouted""}"
2279,1976,293,updated,2025-11-11 04:28:25,"{""field"":""original_url"",""new_value"":""https://seeded.app/signal/84""}"
2280,394,92,updated,2025-03-21 07:31:07,"{""field"":""title"",""new_value"":""boosted""}"
2281,949,91,updated,2026-01-31 20:33:03,"{""field"":""is_active"",""new_value"":""rerouted""}"
2282,1050,377,updated,2025-10-22 19:51:30,"{""field"":""original_url"",""new_value"":""https://opswise.net/field/1996""}"
2283,1832,250,updated,2025-11-09 03:05:18,"{""field"":""original_url"",""new_value"":""https://seeded.app/kernel/7937""}"
2284,70,316,updated,2025-08-10 06:29:26,"{""field"":""is_active"",""new_value"":""boosted""}"
2285,642,237,updated,2025-09-17 01:15:15,"{""field"":""title"",""new_value"":""archived""}"
2286,48,316,updated,2025-04-05 20:00:18,"{""field"":""original_url"",""new_value"":""https://hackstack.io/delta/7232""}"
2287,1142,386,updated,2026-02-04 14:06:55,"{""field"":""title"",""new_value"":""rerouted""}"
2288,1799,235,updated,2025-12-10 10:16:01,"{""field"":""is_active"",""new_value"":""rotated""}"
2289,1693,64,updated,2025-11-06 04:47:32,"{""field"":""original_url"",""new_value"":""https://seeded.app/beacon/7376""}"
2290,736,380,updated,2025-05-11 06:14:20,"{""field"":""title"",""new_value"":""rerouted""}"
2291,577,221,updated,2026-02-21 01:03:32,"{""field"":""title"",""new_value"":""refined""}"
2292,967,251,updated,2025-03-13 16:55:12,"{""field"":""is_active"",""new_value"":""archived""}"
2293,1603,362,updated,2025-08-14 13:04:51,"{""field"":""is_active"",""new_value"":""rotated""}"
2294,646,392,updated,2025-06-25 01:38:14,"{""field"":""title"",""new_value"":""quieted""}"
2295,172,6,updated,2025-02-05 23:28:18,"{""field"":""is_active"",""new_value"":""rotated""}"
2296,567,233,updated,2025-04-16 17:13:37,"{""field"":""original_url"",""new_value"":""https://opswise.net/anchor/4218""}"
2297,183,362,updated,2025-02-26 06:03:33,"{""field"":""original_url"",""new_value"":""https://seeded.app/signal/2993""}"
2298,1039,350,updated,2025-10-07 00:46:49,"{""field"":""is_active"",""new_value"":""patched""}"
2299,1042,281,updated,2025-03-20 05:25:20,"{""field"":""original_url"",""new_value"":""https://example.com/orbit/7665""}"
2300,782,76,updated,2025-02-09 19:47:25,"{""field"":""original_url"",""new_value"":""https://example.com/yard/9579""}"
2301,1487,231,updated,2025-01-28 23:29:16,"{""field"":""is_active"",""new_value"":""refined""}"
2302,1671,90,updated,2025-02-26 18:44:11,"{""field"":""is_active"",""new_value"":""patched""}"
2303,607,56,updated,2025-01-31 14:58:32,"{""field"":""title"",""new_value"":""rotated""}"
2304,53,360,updated,2025-08-26 22:15:21,"{""field"":""original_url"",""new_value"":""https://hackstack.io/engine/8670""}"
2305,38,139,updated,2025-04-15 06:38:42,"{""field"":""title"",""new_value"":""refined""}"
2306,939,236,updated,2025-11-07 03:45:27,"{""field"":""is_active"",""new_value"":""patched""}"
2307,405,205,updated,2026-02-25 07:42:52,"{""field"":""is_active"",""new_value"":""promoted""}"
2308,1913,78,updated,2025-10-26 07:07:23,"{""field"":""title"",""new_value"":""boosted""}"
2309,1985,216,updated,2025-01-25 00:58:45,"{""field"":""is_active"",""new_value"":""refined""}"
2310,1290,312,updated,2025-05-20 13:10:27,"{""field"":""original_url"",""new_value"":""https://relay.cloud/valley/1530""}"
2311,1859,50,updated,2025-02-16 21:47:49,"{""field"":""original_url"",""new_value"":""https://acme.dev/delta/6583""}"
2312,379,381,updated,2025-01-24 00:47:28,"{""field"":""title"",""new_value"":""refined""}"
2313,1445,325,updated,2025-05-29 10:29:16,"{""field"":""original_url"",""new_value"":""https://relay.cloud/canyon/4516""}"
2314,1137,132,updated,2025-10-22 18:57:05,"{""field"":""is_active"",""new_value"":""promoted""}"
2315,1369,122,updated,2026-01-17 01:30:57,"{""field"":""is_active"",""new_value"":""archived""}"
2316,870,65,updated,2025-04-11 21:30:20,"{""field"":""title"",""new_value"":""rotated""}"
2317,146,244,updated,2025-12-18 09:31:18,"{""field"":""is_active"",""new_value"":""rerouted""}"
2318,1035,59,updated,2025-11-07 21:49:06,"{""field"":""is_active"",""new_value"":""boosted""}"
2319,1188,382,updated,2025-11-24 12:59:29,"{""field"":""original_url"",""new_value"":""https://example.com/field/7268""}"
2320,27,321,updated,2025-12-25 06:28:37,"{""field"":""original_url"",""new_value"":""https://opswise.net/river/3629""}"
2321,1637,342,updated,2026-02-21 20:05:00,"{""field"":""original_url"",""new_value"":""https://opswise.net/journey/7456""}"
2322,1339,178,updated,2025-04-13 10:23:30,"{""field"":""original_url"",""new_value"":""https://seeded.app/island/1812""}"
2323,1582,198,updated,2025-06-21 00:49:14,"{""field"":""original_url"",""new_value"":""https://relay.cloud/trail/4874""}"
2324,1766,197,updated,2025-08-26 15:44:07,"{""field"":""title"",""new_value"":""promoted""}"
2325,1762,21,updated,2025-05-22 19:25:25,"{""field"":""title"",""new_value"":""quieted""}"
2326,1733,328,updated,2025-06-17 07:43:22,"{""field"":""original_url"",""new_value"":""https://acme.dev/garden/2911""}"
2327,994,337,updated,2025-04-02 09:12:34,"{""field"":""original_url"",""new_value"":""https://acme.dev/island/3298""}"
2328,1359,211,updated,2025-10-01 18:56:57,"{""field"":""is_active"",""new_value"":""quieted""}"
2329,1220,130,updated,2025-08-02 16:40:04,"{""field"":""is_active"",""new_value"":""rotated""}"
2330,528,399,updated,2025-08-29 19:47:09,"{""field"":""title"",""new_value"":""archived""}"
2331,99,367,updated,2025-05-27 18:13:03,"{""field"":""title"",""new_value"":""quieted""}"
2332,964,349,updated,2026-02-24 00:23:21,"{""field"":""is_active"",""new_value"":""refined""}"
2333,386,121,updated,2025-06-22 20:43:35,"{""field"":""title"",""new_value"":""rerouted""}"
2334,147,347,updated,2025-04-02 19:14:18,"{""field"":""original_url"",""new_value"":""https://relay.cloud/field/9065""}"
2335,613,108,updated,2026-02-09 17:17:48,"{""field"":""title"",""new_value"":""archived""}"
2336,793,87,updated,2025-01-21 11:10:02,"{""field"":""is_active"",""new_value"":""rerouted""}"
2337,1846,111,updated,2025-11-24 07:13:10,"{""field"":""is_active"",""new_value"":""rotated""}"
2338,244,214,updated,2025-05-31 05:46:18,"{""field"":""original_url"",""new_value"":""https://example.com/beacon/8950""}"
2339,1810,101,updated,2025-03-29 04:03:40,"{""field"":""title"",""new_value"":""quieted""}"
2340,777,3,updated,2026-02-28 05:11:04,"{""field"":""is_active"",""new_value"":""boosted""}"
2341,715,131,updated,2025-07-31 09:27:13,"{""field"":""title"",""new_value"":""rerouted""}"
2342,522,51,updated,2025-01-01 23:42:56,"{""field"":""is_active"",""new_value"":""archived""}"
2343,295,366,updated,2025-03-07 22:45:27,"{""field"":""title"",""new_value"":""promoted""}"
2344,645,42,updated,2025-01-01 05:50:34,"{""field"":""is_active"",""new_value"":""rerouted""}"
2345,56,169,updated,2025-04-26 08:33:45,"{""field"":""is_active"",""new_value"":""rerouted""}"
2346,591,20,updated,2025-09-17 02:38:32,"{""field"":""title"",""new_value"":""archived""}"
2347,816,182,updated,2025-08-22 11:39:26,"{""field"":""is_active"",""new_value"":""rotated""}"
2348,1809,187,updated,2025-12-17 23:57:37,"{""field"":""is_active"",""new_value"":""quieted""}"
2349,1760,98,updated,2025-06-07 15:41:55,"{""field"":""title"",""new_value"":""rerouted""}"
2350,490,173,updated,2025-04-07 12:09:56,"{""field"":""title"",""new_value"":""boosted""}"
2351,487,392,updated,2025-10-31 08:00:19,"{""field"":""original_url"",""new_value"":""https://hackstack.io/canyon/3092""}"
2352,201,338,updated,2025-10-21 13:02:03,"{""field"":""is_active"",""new_value"":""promoted""}"
2353,956,119,updated,2025-01-15 15:42:23,"{""field"":""is_active"",""new_value"":""boosted""}"
2354,332,354,updated,2025-02-17 04:00:54,"{""field"":""title"",""new_value"":""rotated""}"
2355,1633,189,updated,2025-05-09 13:56:36,"{""field"":""original_url"",""new_value"":""https://hackstack.io/river/7426""}"
2356,1174,280,updated,2025-06-10 13:47:03,"{""field"":""original_url"",""new_value"":""https://seeded.app/meadow/8376""}"
2357,1224,174,updated,2025-01-17 23:52:41,"{""field"":""original_url"",""new_value"":""https://acme.dev/engine/8858""}"
2358,959,63,updated,2025-01-22 13:07:06,"{""field"":""original_url"",""new_value"":""https://relay.cloud/trail/8450""}"
2359,1608,303,updated,2025-01-29 02:38:40,"{""field"":""original_url"",""new_value"":""https://example.com/network/4954""}"
2360,1860,359,updated,2025-08-04 13:55:48,"{""field"":""title"",""new_value"":""rotated""}"
2361,337,266,updated,2025-11-20 09:01:08,"{""field"":""title"",""new_value"":""rotated""}"
2362,466,393,updated,2025-09-17 19:33:50,"{""field"":""original_url"",""new_value"":""https://opswise.net/network/5376""}"
2363,1825,187,updated,2025-04-11 21:16:58,"{""field"":""title"",""new_value"":""quieted""}"
2364,331,152,updated,2026-02-23 14:24:34,"{""field"":""original_url"",""new_value"":""https://acme.dev/garden/8912""}"
2365,108,387,updated,2025-10-13 10:21:19,"{""field"":""is_active"",""new_value"":""boosted""}"
2366,232,379,updated,2025-01-15 18:08:29,"{""field"":""original_url"",""new_value"":""https://example.com/canyon/9869""}"
2367,1404,279,updated,2025-04-28 23:16:00,"{""field"":""title"",""new_value"":""quieted""}"
2368,238,133,updated,2025-10-10 05:03:18,"{""field"":""original_url"",""new_value"":""https://example.com/signal/7112""}"
2369,694,185,updated,2025-12-08 08:31:19,"{""field"":""is_active"",""new_value"":""archived""}"
2370,842,321,updated,2025-01-17 23:50:53,"{""field"":""original_url"",""new_value"":""https://seeded.app/delta/5079""}"
2371,372,303,updated,2025-09-15 05:32:40,"{""field"":""original_url"",""new_value"":""https://acme.dev/window/8651""}"
2372,278,36,updated,2025-10-27 14:49:19,"{""field"":""title"",""new_value"":""promoted""}"
2373,1643,34,updated,2025-06-16 15:42:01,"{""field"":""is_active"",""new_value"":""refined""}"
2374,890,323,updated,2025-02-09 16:25:40,"{""field"":""title"",""new_value"":""rotated""}"
2375,619,27,updated,2025-10-03 11:09:25,"{""field"":""title"",""new_value"":""archived""}"
2376,734,82,updated,2025-01-17 22:31:52,"{""field"":""is_active"",""new_value"":""patched""}"
2377,1322,231,updated,2025-03-10 07:21:32,"{""field"":""is_active"",""new_value"":""boosted""}"
2378,1328,143,updated,2026-01-11 03:02:48,"{""field"":""title"",""new_value"":""refined""}"
2379,1480,164,updated,2025-05-12 23:10:17,"{""field"":""title"",""new_value"":""archived""}"
2380,1318,102,updated,2025-11-03 16:24:15,"{""field"":""is_active"",""new_value"":""refined""}"
2381,1922,121,updated,2026-01-27 04:09:55,"{""field"":""is_active"",""new_value"":""archived""}"
2382,1852,21,updated,2026-02-10 03:49:54,"{""field"":""title"",""new_value"":""promoted""}"
2383,600,377,updated,2025-02-17 11:00:41,"{""field"":""is_active"",""new_value"":""archived""}"
2384,1069,342,updated,2025-02-20 15:40:30,"{""field"":""title"",""new_value"":""refined""}"
2385,901,368,updated,2025-06-13 03:26:41,"{""field"":""is_active"",""new_value"":""archived""}"
2386,46,161,updated,2025-02-22 16:43:40,"{""field"":""title"",""new_value"":""quieted""}"
2387,115,116,updated,2026-01-04 03:53:59,"{""field"":""original_url"",""new_value"":""https://opswise.net/delta/393""}"
2388,1593,116,updated,2025-01-03 18:15:30,"{""field"":""is_active"",""new_value"":""patched""}"
2389,517,17,updated,2025-10-26 03:08:17,"{""field"":""title"",""new_value"":""rerouted""}"
2390,1179,338,updated,2025-02-01 03:34:51,"{""field"":""title"",""new_value"":""patched""}"
2391,504,99,updated,2025-06-20 01:53:36,"{""field"":""is_active"",""new_value"":""rotated""}"
2392,1372,45,updated,2025-04-07 09:00:00,"{""field"":""title"",""new_value"":""archived""}"
2393,110,91,updated,2026-02-09 20:32:19,"{""field"":""original_url"",""new_value"":""https://relay.cloud/network/7114""}"
2394,1094,306,updated,2026-02-22 15:38:57,"{""field"":""is_active"",""new_value"":""rerouted""}"
2395,1107,161,updated,2025-10-18 09:06:40,"{""field"":""title"",""new_value"":""boosted""}"
2396,815,1,updated,2025-09-30 13:14:43,"{""field"":""title"",""new_value"":""boosted""}"
2397,617,141,updated,2025-02-17 01:46:05,"{""field"":""original_url"",""new_value"":""https://relay.cloud/journey/4961""}"
2398,807,277,updated,2025-05-25 15:35:53,"{""field"":""title"",""new_value"":""promoted""}"
2399,1344,121,updated,2025-03-01 13:31:47,"{""field"":""original_url"",""new_value"":""https://hackstack.io/zenith/8678""}"
2400,520,179,updated,2025-03-31 17:12:47,"{""field"":""is_active"",""new_value"":""archived""}"
2401,298,184,updated,2025-08-01 02:27:16,"{""field"":""original_url"",""new_value"":""https://seeded.app/harvest/3995""}"
2402,1560,64,updated,2025-11-26 19:33:10,"{""field"":""title"",""new_value"":""rotated""}"
2403,134,269,updated,2025-10-05 12:24:54,"{""field"":""is_active"",""new_value"":""archived""}"
2404,1114,342,updated,2026-02-02 07:19:22,"{""field"":""title"",""new_value"":""patched""}"
2405,402,4,updated,2025-06-16 00:43:16,"{""field"":""is_active"",""new_value"":""quieted""}"
2406,1923,198,updated,2025-10-24 11:59:58,"{""field"":""title"",""new_value"":""archived""}"
2407,748,388,updated,2025-08-05 07:49:59,"{""field"":""is_active"",""new_value"":""refined""}"
2408,1703,394,updated,2025-09-23 12:09:03,"{""field"":""title"",""new_value"":""rerouted""}"
2409,1691,354,updated,2025-04-07 00:17:28,"{""field"":""is_active"",""new_value"":""boosted""}"
2410,1628,280,updated,2025-11-26 19:00:46,"{""field"":""original_url"",""new_value"":""https://hackstack.io/harvest/677""}"
2411,1200,130,updated,2025-01-03 08:17:06,"{""field"":""original_url"",""new_value"":""https://opswise.net/anchor/8334""}"
2412,376,7,updated,2025-08-19 04:21:14,"{""field"":""is_active"",""new_value"":""refined""}"
2413,1077,309,updated,2025-08-30 09:57:48,"{""field"":""title"",""new_value"":""archived""}"
2414,234,226,updated,2025-05-10 19:39:03,"{""field"":""is_active"",""new_value"":""boosted""}"
2415,978,60,updated,2025-04-21 08:24:35,"{""field"":""original_url"",""new_value"":""https://acme.dev/field/9780""}"
2416,677,346,updated,2026-01-08 05:39:00,"{""field"":""original_url"",""new_value"":""https://example.com/meadow/6077""}"
2417,1812,47,updated,2025-02-17 19:30:35,"{""field"":""is_active"",""new_value"":""refined""}"
2418,1674,207,updated,2025-09-10 03:05:39,"{""field"":""is_active"",""new_value"":""quieted""}"
2419,1634,313,updated,2025-07-26 03:22:49,"{""field"":""is_active"",""new_value"":""promoted""}"
2420,1126,18,updated,2025-05-25 21:57:40,"{""field"":""title"",""new_value"":""boosted""}"
2421,1085,271,updated,2025-11-14 17:39:46,"{""field"":""title"",""new_value"":""refined""}"
2422,304,384,updated,2025-03-23 16:08:50,"{""field"":""original_url"",""new_value"":""https://seeded.app/kernel/8403""}"
2423,1731,152,updated,2025-03-31 12:16:26,"{""field"":""original_url"",""new_value"":""https://example.com/garden/291""}"
2424,123,295,updated,2025-11-19 21:57:41,"{""field"":""original_url"",""new_value"":""https://opswise.net/engine/1189""}"
2425,1129,361,updated,2025-10-19 16:20:17,"{""field"":""is_active"",""new_value"":""rotated""}"
2426,662,140,updated,2025-09-29 02:26:16,"{""field"":""title"",""new_value"":""archived""}"
2427,76,24,updated,2025-09-23 20:41:22,"{""field"":""title"",""new_value"":""patched""}"
2428,441,45,updated,2025-02-05 13:54:32,"{""field"":""title"",""new_value"":""promoted""}"
2429,1233,28,updated,2025-01-20 14:42:29,"{""field"":""is_active"",""new_value"":""promoted""}"
2430,1474,38,updated,2025-11-29 19:00:42,"{""field"":""is_active"",""new_value"":""rerouted""}"
2431,32,50,updated,2025-02-01 13:07:35,"{""field"":""original_url"",""new_value"":""https://seeded.app/valley/135""}"
2432,1910,267,updated,2026-01-02 10:46:22,"{""field"":""title"",""new_value"":""archived""}"
2433,604,388,updated,2025-03-21 19:10:25,"{""field"":""is_active"",""new_value"":""archived""}"
2434,1063,185,updated,2025-08-15 03:43:25,"{""field"":""title"",""new_value"":""boosted""}"
2435,1068,104,updated,2026-02-05 05:14:45,"{""field"":""is_active"",""new_value"":""archived""}"
2436,802,358,updated,2025-11-28 00:13:32,"{""field"":""original_url"",""new_value"":""https://opswise.net/window/9494""}"
2437,1149,39,updated,2025-02-16 01:35:15,"{""field"":""original_url"",""new_value"":""https://hackstack.io/river/5074""}"
2438,133,172,updated,2025-05-26 17:41:15,"{""field"":""original_url"",""new_value"":""https://opswise.net/harvest/1435""}"
2439,1931,154,updated,2026-02-06 03:36:10,"{""field"":""title"",""new_value"":""promoted""}"
2440,145,163,updated,2025-09-12 22:40:18,"{""field"":""title"",""new_value"":""quieted""}"
2441,393,372,updated,2026-02-11 20:10:06,"{""field"":""original_url"",""new_value"":""https://hackstack.io/journey/3070""}"
2442,690,230,updated,2025-10-10 23:03:56,"{""field"":""is_active"",""new_value"":""boosted""}"
2443,407,339,updated,2026-02-18 16:52:26,"{""field"":""title"",""new_value"":""refined""}"
2444,1757,100,updated,2026-01-06 17:07:05,"{""field"":""is_active"",""new_value"":""archived""}"
2445,1872,155,updated,2025-02-26 15:45:02,"{""field"":""is_active"",""new_value"":""patched""}"
2446,1562,181,updated,2025-12-08 01:35:39,"{""field"":""title"",""new_value"":""patched""}"
2447,1015,329,updated,2025-01-06 14:11:24,"{""field"":""title"",""new_value"":""refined""}"
2448,896,98,updated,2025-09-23 21:40:54,"{""field"":""title"",""new_value"":""archived""}"
2449,1626,349,updated,2025-05-20 09:24:45,"{""field"":""title"",""new_value"":""archived""}"
2450,692,119,updated,2025-07-19 17:58:20,"{""field"":""is_active"",""new_value"":""promoted""}"
2451,270,45,updated,2025-08-28 15:45:35,"{""field"":""title"",""new_value"":""refined""}"
2452,1781,188,updated,2025-04-10 02:23:48,"{""field"":""is_active"",""new_value"":""rerouted""}"
2453,1756,193,updated,2025-11-23 21:45:43,"{""field"":""title"",""new_value"":""archived""}"
2454,219,336,updated,2025-06-02 16:19:30,"{""field"":""title"",""new_value"":""archived""}"
2455,382,41,updated,2025-04-05 19:19:02,"{""field"":""original_url"",""new_value"":""https://example.com/uplink/1709""}"
2456,1513,44,updated,2025-10-10 22:35:36,"{""field"":""is_active"",""new_value"":""refined""}"
2457,1221,113,updated,2025-01-08 17:51:50,"{""field"":""original_url"",""new_value"":""https://relay.cloud/valley/2841""}"
2458,512,194,updated,2025-02-15 20:16:42,"{""field"":""original_url"",""new_value"":""https://opswise.net/field/8958""}"
2459,227,84,updated,2025-06-12 02:26:11,"{""field"":""is_active"",""new_value"":""boosted""}"
2460,1462,130,updated,2025-10-04 23:17:31,"{""field"":""original_url"",""new_value"":""https://relay.cloud/network/1285""}"
2461,1234,340,updated,2025-05-27 09:09:26,"{""field"":""is_active"",""new_value"":""rerouted""}"
2462,1808,310,updated,2025-07-20 19:58:02,"{""field"":""original_url"",""new_value"":""https://seeded.app/journey/7721""}"
2463,1639,175,updated,2025-12-05 00:33:54,"{""field"":""original_url"",""new_value"":""https://example.com/engine/6926""}"
2464,518,291,updated,2025-01-30 01:40:56,"{""field"":""is_active"",""new_value"":""quieted""}"
2465,1062,183,updated,2025-08-11 23:02:23,"{""field"":""title"",""new_value"":""patched""}"
2466,983,220,updated,2025-04-13 20:34:20,"{""field"":""is_active"",""new_value"":""quieted""}"
2467,1197,43,updated,2025-07-12 11:48:34,"{""field"":""original_url"",""new_value"":""https://relay.cloud/anchor/245""}"
2468,1098,284,updated,2025-03-13 00:17:18,"{""field"":""original_url"",""new_value"":""https://acme.dev/river/3626""}"
2469,900,174,updated,2025-09-12 10:51:47,"{""field"":""title"",""new_value"":""archived""}"
2470,1452,82,updated,2026-01-03 09:56:11,"{""field"":""title"",""new_value"":""rerouted""}"
2471,707,388,updated,2025-12-14 14:30:06,"{""field"":""title"",""new_value"":""archived""}"
2472,894,253,updated,2026-01-28 16:48:49,"{""field"":""title"",""new_value"":""rotated""}"
2473,1373,23,updated,2025-01-02 06:07:05,"{""field"":""is_active"",""new_value"":""archived""}"
2474,1191,85,updated,2025-05-18 06:32:52,"{""field"":""is_active"",""new_value"":""boosted""}"
2475,866,379,updated,2025-05-02 10:16:23,"{""field"":""original_url"",""new_value"":""https://relay.cloud/signal/2450""}"
2476,428,10,updated,2025-02-04 10:11:35,"{""field"":""original_url"",""new_value"":""https://acme.dev/zenith/4677""}"
2477,102,394,updated,2025-02-01 11:43:06,"{""field"":""title"",""new_value"":""rerouted""}"
2478,552,1,updated,2025-08-05 15:45:50,"{""field"":""is_active"",""new_value"":""rotated""}"
2479,1701,232,updated,2025-06-07 03:01:11,"{""field"":""is_active"",""new_value"":""archived""}"
2480,947,75,updated,2025-04-16 21:15:03,"{""field"":""title"",""new_value"":""patched""}"
2481,1942,12,updated,2025-06-22 06:41:25,"{""field"":""original_url"",""new_value"":""https://example.com/anchor/4905""}"
2482,725,280,updated,2025-04-07 09:50:34,"{""field"":""title"",""new_value"":""archived""}"
2483,1375,202,updated,2025-07-13 10:22:32,"{""field"":""original_url"",""new_value"":""https://example.com/signal/472""}"
2484,1134,169,updated,2025-12-25 17:22:39,"{""field"":""original_url"",""new_value"":""https://relay.cloud/orbit/4954""}"
2485,1269,136,updated,2025-10-01 14:25:02,"{""field"":""is_active"",""new_value"":""quieted""}"
2486,454,89,updated,2025-07-08 05:24:39,"{""field"":""original_url"",""new_value"":""https://seeded.app/lagoon/9798""}"
2487,768,135,updated,2025-01-01 01:48:06,"{""field"":""original_url"",""new_value"":""https://acme.dev/orbit/1365""}"
2488,1525,31,updated,2025-11-10 21:20:39,"{""field"":""is_active"",""new_value"":""archived""}"
2489,299,19,updated,2025-11-28 14:04:10,"{""field"":""is_active"",""new_value"":""rerouted""}"
2490,509,76,updated,2025-08-01 02:38:50,"{""field"":""is_active"",""new_value"":""refined""}"
2491,1604,120,updated,2025-02-23 07:39:42,"{""field"":""original_url"",""new_value"":""https://opswise.net/delta/1000""}"
2492,836,209,updated,2025-01-30 09:37:46,"{""field"":""original_url"",""new_value"":""https://opswise.net/valley/3170""}"
2493,230,160,updated,2025-06-30 11:40:21,"{""field"":""is_active"",""new_value"":""patched""}"
2494,1640,67,updated,2025-08-01 06:33:54,"{""field"":""is_active"",""new_value"":""patched""}"
2495,1565,133,updated,2025-10-12 11:21:17,"{""field"":""title"",""new_value"":""quieted""}"
2496,521,100,updated,2026-01-25 14:13:00,"{""field"":""title"",""new_value"":""quieted""}"
2497,315,17,updated,2025-11-29 13:10:57,"{""field"":""title"",""new_value"":""rotated""}"
2498,1469,308,updated,2025-12-01 11:40:21,"{""field"":""original_url"",""new_value"":""https://hackstack.io/orbit/2280""}"
2499,598,285,updated,2026-02-11 04:42:18,"{""field"":""original_url"",""new_value"":""https://opswise.net/beacon/872""}"
2500,106,168,updated,2026-02-08 18:29:32,"{""field"":""is_active"",""new_value"":""archived""}"
2501,1750,284,updated,2025-08-20 15:30:10,"{""field"":""title"",""new_value"":""refined""}"
2502,64,115,updated,2025-01-02 16:22:47,"{""field"":""title"",""new_value"":""quieted""}"
2503,1074,172,updated,2026-01-27 08:36:39,"{""field"":""original_url"",""new_value"":""https://acme.dev/valley/4958""}"
2504,1377,105,updated,2025-01-12 15:44:18,"{""field"":""original_url"",""new_value"":""https://hackstack.io/anchor/2296""}"
2505,1867,132,updated,2025-02-12 19:15:31,"{""field"":""title"",""new_value"":""boosted""}"
2506,141,266,updated,2025-06-09 22:20:54,"{""field"":""original_url"",""new_value"":""https://relay.cloud/pioneer/375""}"
2507,1797,165,updated,2025-06-22 15:38:10,"{""field"":""title"",""new_value"":""boosted""}"
2508,1138,164,updated,2025-04-17 20:41:37,"{""field"":""is_active"",""new_value"":""quieted""}"
2509,712,324,updated,2025-07-18 04:03:14,"{""field"":""title"",""new_value"":""boosted""}"
2510,1851,150,updated,2025-07-09 18:43:35,"{""field"":""title"",""new_value"":""archived""}"
2511,811,340,updated,2025-10-22 09:50:54,"{""field"":""title"",""new_value"":""boosted""}"
2512,1040,339,updated,2025-03-19 23:03:06,"{""field"":""title"",""new_value"":""boosted""}"
2513,433,67,updated,2025-01-12 00:44:02,"{""field"":""is_active"",""new_value"":""quieted""}"
2514,1950,217,updated,2026-01-05 03:11:10,"{""field"":""title"",""new_value"":""archived""}"
2515,1415,150,updated,2025-02-16 14:19:23,"{""field"":""original_url"",""new_value"":""https://seeded.app/journey/7666""}"
2516,37,289,updated,2025-08-21 22:59:02,"{""field"":""is_active"",""new_value"":""rerouted""}"
2517,1652,288,updated,2026-02-20 02:12:57,"{""field"":""original_url"",""new_value"":""https://hackstack.io/valley/9877""}"
2518,759,206,updated,2025-07-11 03:31:03,"{""field"":""title"",""new_value"":""refined""}"
2519,1073,245,updated,2025-12-24 00:05:03,"{""field"":""is_active"",""new_value"":""boosted""}"
2520,578,284,updated,2025-07-19 11:44:04,"{""field"":""is_active"",""new_value"":""patched""}"
2521,1071,144,updated,2025-09-15 21:20:37,"{""field"":""is_active"",""new_value"":""quieted""}"
2522,1386,58,updated,2025-04-01 19:32:53,"{""field"":""is_active"",""new_value"":""boosted""}"
2523,762,158,updated,2026-01-27 02:58:40,"{""field"":""is_active"",""new_value"":""boosted""}"
2524,1272,307,updated,2025-08-03 18:11:37,"{""field"":""original_url"",""new_value"":""https://acme.dev/pioneer/5534""}"
2525,1623,143,updated,2025-08-15 06:12:27,"{""field"":""original_url"",""new_value"":""https://example.com/meadow/7654""}"
2526,1511,260,updated,2025-07-13 17:24:12,"{""field"":""title"",""new_value"":""rotated""}"
2527,1741,281,updated,2025-02-08 00:26:04,"{""field"":""title"",""new_value"":""archived""}"
2528,1484,171,updated,2025-02-12 23:29:51,"{""field"":""original_url"",""new_value"":""https://hackstack.io/kernel/2521""}"
2529,584,34,updated,2026-01-03 12:00:02,"{""field"":""title"",""new_value"":""promoted""}"
2530,806,159,updated,2025-11-06 15:18:59,"{""field"":""original_url"",""new_value"":""https://acme.dev/garden/4633""}"
2531,960,381,updated,2026-01-14 15:37:15,"{""field"":""is_active"",""new_value"":""refined""}"
2532,812,368,updated,2025-11-21 04:31:29,"{""field"":""is_active"",""new_value"":""refined""}"
2533,1717,231,updated,2025-09-24 12:15:08,"{""field"":""is_active"",""new_value"":""archived""}"
2534,1167,67,updated,2026-02-22 07:32:50,"{""field"":""original_url"",""new_value"":""https://seeded.app/kernel/914""}"
2535,1768,380,updated,2026-01-04 08:41:39,"{""field"":""title"",""new_value"":""archived""}"
2536,356,130,updated,2025-11-11 19:54:29,"{""field"":""original_url"",""new_value"":""https://hackstack.io/beacon/6669""}"
2537,1986,227,updated,2025-04-09 16:53:55,"{""field"":""title"",""new_value"":""quieted""}"
2538,631,255,updated,2025-12-15 16:28:30,"{""field"":""title"",""new_value"":""promoted""}"
2539,687,241,updated,2025-01-17 00:08:33,"{""field"":""is_active"",""new_value"":""patched""}"
2540,1549,248,updated,2025-03-07 02:45:26,"{""field"":""title"",""new_value"":""refined""}"
2541,1437,341,updated,2025-03-25 03:05:35,"{""field"":""is_active"",""new_value"":""refined""}"
2542,501,387,updated,2025-05-05 12:58:13,"{""field"":""is_active"",""new_value"":""patched""}"
2543,104,177,updated,2025-11-27 22:08:01,"{""field"":""is_active"",""new_value"":""boosted""}"
2544,1631,372,updated,2026-01-14 15:52:53,"{""field"":""is_active"",""new_value"":""archived""}"
2545,1424,243,updated,2025-04-10 20:22:57,"{""field"":""is_active"",""new_value"":""refined""}"
2546,867,177,updated,2025-09-18 08:37:40,"{""field"":""original_url"",""new_value"":""https://opswise.net/engine/9532""}"
2547,562,31,updated,2025-11-25 18:14:31,"{""field"":""title"",""new_value"":""patched""}"
2548,961,340,updated,2026-01-14 09:02:48,"{""field"":""original_url"",""new_value"":""https://hackstack.io/river/9914""}"
2549,1502,335,updated,2025-10-18 23:49:19,"{""field"":""is_active"",""new_value"":""boosted""}"
2550,678,85,updated,2025-05-01 09:49:29,"{""field"":""title"",""new_value"":""boosted""}"
2551,1333,190,updated,2026-02-12 05:10:21,"{""field"":""original_url"",""new_value"":""https://acme.dev/field/2435""}"
2552,1032,355,updated,2025-07-27 01:19:58,"{""field"":""is_active"",""new_value"":""archived""}"
2553,1569,313,updated,2025-05-23 19:57:42,"{""field"":""is_active"",""new_value"":""refined""}"
2554,83,30,updated,2025-09-18 16:33:44,"{""field"":""title"",""new_value"":""boosted""}"
2555,969,18,updated,2025-03-30 14:15:20,"{""field"":""is_active"",""new_value"":""patched""}"
2556,1485,138,updated,2025-07-13 15:43:48,"{""field"":""original_url"",""new_value"":""https://hackstack.io/field/9683""}"
2557,530,186,updated,2025-02-12 15:28:40,"{""field"":""title"",""new_value"":""quieted""}"
2558,29,302,updated,2025-11-07 22:20:25,"{""field"":""is_active"",""new_value"":""archived""}"
2559,1466,324,updated,2025-01-25 03:23:02,"{""field"":""original_url"",""new_value"":""https://relay.cloud/valley/7667""}"
2560,1296,271,updated,2025-08-25 18:55:54,"{""field"":""title"",""new_value"":""rerouted""}"
2561,479,331,updated,2025-01-13 11:38:13,"{""field"":""original_url"",""new_value"":""https://example.com/yard/4388""}"
2562,8,146,updated,2025-01-17 08:24:25,"{""field"":""title"",""new_value"":""quieted""}"
2563,1890,240,updated,2025-08-24 13:04:15,"{""field"":""is_active"",""new_value"":""promoted""}"
2564,568,150,updated,2025-02-21 01:52:41,"{""field"":""is_active"",""new_value"":""patched""}"
2565,1235,246,updated,2026-02-06 07:11:21,"{""field"":""original_url"",""new_value"":""https://example.com/meadow/6698""}"
2566,132,170,updated,2025-01-08 17:28:17,"{""field"":""is_active"",""new_value"":""archived""}"
2567,1478,207,updated,2025-04-25 16:46:23,"{""field"":""title"",""new_value"":""promoted""}"
2568,1535,370,updated,2025-08-21 23:43:55,"{""field"":""is_active"",""new_value"":""promoted""}"
2569,1710,46,updated,2025-12-08 04:24:19,"{""field"":""original_url"",""new_value"":""https://seeded.app/garden/1341""}"
2570,431,282,updated,2025-05-12 17:47:34,"{""field"":""is_active"",""new_value"":""promoted""}"
2571,1090,260,updated,2025-01-23 06:02:10,"{""field"":""is_active"",""new_value"":""patched""}"
2572,154,109,updated,2025-03-13 22:36:44,"{""field"":""original_url"",""new_value"":""https://example.com/canyon/8474""}"
2573,20,362,updated,2025-08-07 16:58:31,"{""field"":""title"",""new_value"":""refined""}"
2574,43,283,updated,2025-06-05 03:09:21,"{""field"":""title"",""new_value"":""promoted""}"
2575,1211,6,updated,2025-09-06 11:18:46,"{""field"":""title"",""new_value"":""refined""}"
2576,1354,293,updated,2025-10-02 01:33:09,"{""field"":""original_url"",""new_value"":""https://acme.dev/journey/2893""}"
2577,757,108,updated,2026-02-18 12:36:30,"{""field"":""is_active"",""new_value"":""promoted""}"
2578,1054,364,updated,2026-02-27 10:02:08,"{""field"":""original_url"",""new_value"":""https://seeded.app/field/8585""}"
2579,898,365,updated,2025-06-19 09:35:50,"{""field"":""original_url"",""new_value"":""https://hackstack.io/journey/8220""}"
2580,1471,144,updated,2025-01-29 18:39:52,"{""field"":""is_active"",""new_value"":""rotated""}"
2581,922,14,updated,2025-09-21 18:38:52,"{""field"":""original_url"",""new_value"":""https://seeded.app/network/3893""}"
2582,342,58,updated,2025-08-25 22:42:36,"{""field"":""original_url"",""new_value"":""https://hackstack.io/anchor/6401""}"
2583,689,236,updated,2025-10-23 10:40:24,"{""field"":""is_active"",""new_value"":""refined""}"
2584,421,363,updated,2025-11-24 00:14:05,"{""field"":""title"",""new_value"":""rerouted""}"
2585,1264,277,updated,2025-11-10 11:22:24,"{""field"":""title"",""new_value"":""refined""}"
2586,1472,289,updated,2025-04-23 07:14:34,"{""field"":""title"",""new_value"":""patched""}"
2587,1162,345,updated,2025-04-08 00:21:25,"{""field"":""title"",""new_value"":""archived""}"
2588,1281,27,updated,2025-09-30 06:21:21,"{""field"":""title"",""new_value"":""rotated""}"
2589,1244,244,updated,2026-02-10 05:10:56,"{""field"":""is_active"",""new_value"":""rerouted""}"
2590,1555,169,updated,2025-09-11 04:02:17,"{""field"":""original_url"",""new_value"":""https://acme.dev/uplink/7826""}"
2591,218,214,updated,2026-01-30 14:29:26,"{""field"":""is_active"",""new_value"":""patched""}"
2592,404,146,updated,2025-08-06 13:59:38,"{""field"":""title"",""new_value"":""promoted""}"
2593,1001,120,updated,2025-07-06 22:41:58,"{""field"":""original_url"",""new_value"":""https://hackstack.io/anchor/482""}"
2594,208,192,updated,2025-04-02 09:13:43,"{""field"":""is_active"",""new_value"":""promoted""}"
2595,171,42,updated,2025-07-03 17:51:38,"{""field"":""original_url"",""new_value"":""https://acme.dev/garden/3475""}"
2596,1902,145,updated,2025-10-14 13:53:53,"{""field"":""is_active"",""new_value"":""patched""}"
2597,216,123,updated,2025-02-05 00:52:21,"{""field"":""title"",""new_value"":""patched""}"
2598,1031,86,updated,2026-02-24 15:08:56,"{""field"":""original_url"",""new_value"":""https://example.com/river/4020""}"
2599,1284,78,updated,2025-04-01 07:19:13,"{""field"":""original_url"",""new_value"":""https://hackstack.io/signal/8708""}"
2600,90,153,updated,2025-06-01 07:16:14,"{""field"":""original_url"",""new_value"":""https://opswise.net/yard/1042""}"
2601,1255,260,updated,2025-07-25 18:22:49,"{""field"":""is_active"",""new_value"":""patched""}"
2602,957,221,updated,2026-01-10 20:16:15,"{""field"":""is_active"",""new_value"":""boosted""}"
2603,1332,184,updated,2025-03-28 04:07:55,"{""field"":""original_url"",""new_value"":""https://opswise.net/river/3189""}"
2604,546,373,updated,2025-09-26 02:41:40,"{""field"":""original_url"",""new_value"":""https://opswise.net/field/2447""}"
2605,195,217,updated,2025-01-04 03:02:37,"{""field"":""original_url"",""new_value"":""https://acme.dev/signal/9666""}"
2606,1065,309,updated,2025-09-25 02:21:17,"{""field"":""is_active"",""new_value"":""quieted""}"
2607,109,369,updated,2025-12-24 15:26:21,"{""field"":""is_active"",""new_value"":""refined""}"
2608,828,323,updated,2025-03-06 09:25:24,"{""field"":""title"",""new_value"":""quieted""}"
2609,1448,321,updated,2025-04-02 04:33:50,"{""field"":""is_active"",""new_value"":""quieted""}"
2610,755,2,updated,2025-10-04 00:31:47,"{""field"":""title"",""new_value"":""rerouted""}"
2611,241,135,updated,2025-10-20 05:12:52,"{""field"":""title"",""new_value"":""boosted""}"
2612,847,379,updated,2026-01-01 21:55:23,"{""field"":""title"",""new_value"":""rotated""}"
2613,1880,276,updated,2025-12-28 17:18:07,"{""field"":""title"",""new_value"":""patched""}"
2614,275,276,updated,2025-09-29 12:36:30,"{""field"":""is_active"",""new_value"":""boosted""}"
2615,968,375,updated,2026-02-25 04:04:20,"{""field"":""is_active"",""new_value"":""patched""}"
2616,1117,325,updated,2025-07-10 03:02:52,"{""field"":""is_active"",""new_value"":""refined""}"
2617,257,159,updated,2025-07-26 23:58:10,"{""field"":""is_active"",""new_value"":""rotated""}"
2618,526,400,updated,2025-10-18 03:26:45,"{""field"":""original_url"",""new_value"":""https://acme.dev/zenith/9464""}"
2619,1564,153,updated,2025-01-14 22:01:42,"{""field"":""is_active"",""new_value"":""quieted""}"
2620,1806,47,updated,2025-11-09 09:26:43,"{""field"":""is_active"",""new_value"":""rotated""}"
2621,89,17,updated,2026-01-10 20:51:35,"{""field"":""original_url"",""new_value"":""https://example.com/signal/1784""}"
2622,1356,366,updated,2026-02-27 01:06:00,"{""field"":""title"",""new_value"":""patched""}"
2623,984,30,updated,2025-07-17 21:01:49,"{""field"":""title"",""new_value"":""rerouted""}"
2624,1123,20,updated,2025-01-26 04:33:58,"{""field"":""is_active"",""new_value"":""patched""}"
2625,131,97,updated,2025-12-31 21:52:20,"{""field"":""title"",""new_value"":""rerouted""}"
2626,1755,288,updated,2026-02-27 06:57:24,"{""field"":""title"",""new_value"":""patched""}"
2627,301,257,updated,2025-09-04 18:57:57,"{""field"":""title"",""new_value"":""quieted""}"
2628,1189,301,updated,2025-03-27 13:42:15,"{""field"":""is_active"",""new_value"":""boosted""}"
2629,366,225,updated,2025-10-03 14:59:08,"{""field"":""is_active"",""new_value"":""quieted""}"
2630,82,182,updated,2025-11-21 19:06:12,"{""field"":""title"",""new_value"":""archived""}"
2631,1796,205,updated,2025-05-17 12:55:37,"{""field"":""title"",""new_value"":""rerouted""}"
2632,1348,200,updated,2025-08-13 13:41:35,"{""field"":""original_url"",""new_value"":""https://seeded.app/island/8798""}"
2633,1551,27,updated,2025-10-05 04:48:48,"{""field"":""title"",""new_value"":""quieted""}"
2634,1351,282,updated,2025-10-10 00:28:13,"{""field"":""original_url"",""new_value"":""https://example.com/kernel/4270""}"
2635,1366,316,updated,2025-03-07 20:50:11,"{""field"":""title"",""new_value"":""refined""}"
2636,135,84,updated,2025-03-23 04:36:51,"{""field"":""is_active"",""new_value"":""quieted""}"
2637,798,326,updated,2025-09-12 03:33:07,"{""field"":""is_active"",""new_value"":""promoted""}"
2638,688,170,updated,2025-12-03 08:20:27,"{""field"":""is_active"",""new_value"":""boosted""}"
2639,1606,322,updated,2025-04-16 05:55:46,"{""field"":""title"",""new_value"":""promoted""}"
2640,1187,256,updated,2026-01-28 04:45:49,"{""field"":""original_url"",""new_value"":""https://example.com/quartz/8266""}"
2641,711,323,updated,2025-01-09 02:25:48,"{""field"":""is_active"",""new_value"":""promoted""}"
2642,97,381,updated,2026-01-01 05:43:19,"{""field"":""title"",""new_value"":""boosted""}"
2643,1273,42,updated,2025-06-24 00:53:48,"{""field"":""original_url"",""new_value"":""https://hackstack.io/beacon/3276""}"
2644,1948,173,updated,2025-01-23 12:16:17,"{""field"":""original_url"",""new_value"":""https://hackstack.io/zenith/579""}"
2645,1617,170,updated,2025-03-02 23:57:05,"{""field"":""original_url"",""new_value"":""https://hackstack.io/valley/9174""}"
2646,1538,367,updated,2025-11-25 04:42:50,"{""field"":""is_active"",""new_value"":""quieted""}"
2647,1682,182,updated,2025-07-21 18:43:53,"{""field"":""original_url"",""new_value"":""https://opswise.net/beacon/5658""}"
2648,352,342,updated,2025-11-23 08:55:31,"{""field"":""original_url"",""new_value"":""https://opswise.net/field/9171""}"
2649,1293,139,updated,2025-07-21 01:06:26,"{""field"":""title"",""new_value"":""archived""}"
2650,1828,43,updated,2025-11-13 21:06:13,"{""field"":""original_url"",""new_value"":""https://relay.cloud/quartz/8904""}"
2651,66,109,updated,2025-09-26 09:59:56,"{""field"":""title"",""new_value"":""archived""}"
2652,1786,317,updated,2025-01-06 18:19:16,"{""field"":""title"",""new_value"":""quieted""}"
2653,1574,16,updated,2025-08-18 10:25:07,"{""field"":""title"",""new_value"":""rotated""}"
2654,80,167,updated,2025-08-22 22:21:04,"{""field"":""title"",""new_value"":""rerouted""}"
2655,451,376,updated,2025-12-03 11:31:04,"{""field"":""is_active"",""new_value"":""quieted""}"
2656,851,364,updated,2025-04-11 12:24:11,"{""field"":""is_active"",""new_value"":""patched""}"
2657,74,34,updated,2026-02-25 18:14:42,"{""field"":""is_active"",""new_value"":""quieted""}"
2658,1453,392,updated,2025-08-17 02:17:15,"{""field"":""is_active"",""new_value"":""archived""}"
2659,1087,129,updated,2025-04-13 20:18:49,"{""field"":""title"",""new_value"":""patched""}"
2660,1497,12,updated,2025-07-14 04:24:37,"{""field"":""original_url"",""new_value"":""https://acme.dev/yard/5641""}"
2661,595,70,updated,2025-05-31 01:56:33,"{""field"":""is_active"",""new_value"":""refined""}"
2662,1277,65,updated,2025-04-06 08:38:06,"{""field"":""title"",""new_value"":""boosted""}"
2663,1337,319,updated,2025-12-20 22:54:58,"{""field"":""is_active"",""new_value"":""promoted""}"
2664,387,186,updated,2025-05-15 21:56:44,"{""field"":""original_url"",""new_value"":""https://relay.cloud/orbit/5516""}"
2665,1690,400,updated,2026-01-20 05:25:25,"{""field"":""original_url"",""new_value"":""https://opswise.net/pioneer/479""}"
2666,1862,96,updated,2025-12-23 08:53:47,"{""field"":""is_active"",""new_value"":""refined""}"
2667,1198,191,updated,2025-05-04 05:14:42,"{""field"":""title"",""new_value"":""rotated""}"
2668,535,129,updated,2025-07-03 18:38:58,"{""field"":""original_url"",""new_value"":""https://hackstack.io/yard/1970""}"
2669,280,387,updated,2025-01-25 12:39:57,"{""field"":""is_active"",""new_value"":""archived""}"
2670,1495,143,updated,2025-10-08 18:55:08,"{""field"":""title"",""new_value"":""quieted""}"
2671,120,60,updated,2025-12-02 19:47:38,"{""field"":""original_url"",""new_value"":""https://opswise.net/pioneer/4063""}"
2672,273,167,updated,2026-02-22 05:01:41,"{""field"":""is_active"",""new_value"":""patched""}"
2673,143,275,updated,2025-06-05 12:53:41,"{""field"":""is_active"",""new_value"":""refined""}"
2674,269,397,updated,2025-03-31 18:08:45,"{""field"":""is_active"",""new_value"":""boosted""}"
2675,1481,292,updated,2025-10-11 15:58:29,"{""field"":""title"",""new_value"":""archived""}"
2676,1952,350,updated,2025-04-07 17:27:28,"{""field"":""original_url"",""new_value"":""https://example.com/harvest/3372""}"
2677,845,246,updated,2025-10-03 15:17:55,"{""field"":""is_active"",""new_value"":""archived""}"
2678,1443,46,updated,2025-04-19 08:30:41,"{""field"":""original_url"",""new_value"":""https://seeded.app/pioneer/5194""}"
2679,1512,180,updated,2025-02-15 23:34:58,"{""field"":""original_url"",""new_value"":""https://relay.cloud/pioneer/236""}"
2680,1586,157,updated,2025-11-24 23:18:00,"{""field"":""title"",""new_value"":""archived""}"
2681,1461,287,updated,2025-02-02 23:43:45,"{""field"":""title"",""new_value"":""patched""}"
2682,944,17,updated,2025-09-27 12:13:50,"{""field"":""is_active"",""new_value"":""rerouted""}"
2683,176,105,updated,2025-01-12 11:36:20,"{""field"":""is_active"",""new_value"":""promoted""}"
2684,51,136,updated,2025-03-23 07:06:32,"{""field"":""title"",""new_value"":""rotated""}"
2685,1021,213,updated,2025-12-03 20:20:22,"{""field"":""original_url"",""new_value"":""https://seeded.app/field/9503""}"
2686,369,172,updated,2025-07-29 00:29:16,"{""field"":""is_active"",""new_value"":""patched""}"
2687,1046,22,updated,2025-04-20 11:06:49,"{""field"":""title"",""new_value"":""refined""}"
2688,362,259,updated,2025-04-28 20:08:31,"{""field"":""title"",""new_value"":""quieted""}"
2689,698,337,updated,2025-09-06 07:28:33,"{""field"":""is_active"",""new_value"":""boosted""}"
2690,1937,77,updated,2025-06-27 03:48:53,"{""field"":""original_url"",""new_value"":""https://opswise.net/meadow/5478""}"
2691,297,45,updated,2025-09-28 20:14:56,"{""field"":""title"",""new_value"":""patched""}"
2692,1683,352,updated,2025-12-06 18:50:55,"{""field"":""original_url"",""new_value"":""https://hackstack.io/window/2845""}"
2693,1491,326,updated,2025-03-24 13:43:11,"{""field"":""is_active"",""new_value"":""quieted""}"
2694,1271,388,updated,2025-05-17 03:32:47,"{""field"":""title"",""new_value"":""rotated""}"
2695,911,152,updated,2025-01-27 05:41:24,"{""field"":""title"",""new_value"":""quieted""}"
2696,1399,197,updated,2025-09-28 08:04:11,"{""field"":""title"",""new_value"":""rerouted""}"
2697,1908,351,updated,2025-10-04 13:26:04,"{""field"":""title"",""new_value"":""promoted""}"
2698,1024,241,updated,2025-12-29 00:53:36,"{""field"":""original_url"",""new_value"":""https://relay.cloud/beacon/265""}"
2699,621,185,updated,2025-07-18 01:01:56,"{""field"":""title"",""new_value"":""boosted""}"
2700,302,70,updated,2025-12-28 23:20:19,"{""field"":""original_url"",""new_value"":""https://seeded.app/yard/8122""}"
2701,1871,292,updated,2025-04-24 21:57:27,"{""field"":""title"",""new_value"":""boosted""}"
2702,824,338,updated,2025-01-25 02:06:25,"{""field"":""title"",""new_value"":""rerouted""}"
2703,1353,93,updated,2025-01-20 11:32:05,"{""field"":""title"",""new_value"":""boosted""}"
2704,540,371,updated,2025-06-07 21:39:38,"{""field"":""is_active"",""new_value"":""refined""}"
2705,399,276,updated,2025-07-29 23:12:52,"{""field"":""is_active"",""new_value"":""rerouted""}"
2706,196,76,updated,2025-02-28 03:14:57,"{""field"":""is_active"",""new_value"":""refined""}"
2707,1048,372,updated,2025-08-07 08:40:05,"{""field"":""original_url"",""new_value"":""https://example.com/lagoon/9813""}"
2708,151,254,updated,2025-04-10 16:42:48,"{""field"":""title"",""new_value"":""promoted""}"
2709,1367,88,updated,2025-12-23 18:26:15,"{""field"":""title"",""new_value"":""boosted""}"
2710,778,111,updated,2025-02-09 08:32:45,"{""field"":""is_active"",""new_value"":""refined""}"
2711,1252,394,updated,2025-07-14 04:05:02,"{""field"":""is_active"",""new_value"":""quieted""}"
2712,1439,304,updated,2025-12-06 16:20:47,"{""field"":""title"",""new_value"":""archived""}"
2713,1357,211,updated,2025-03-07 07:09:14,"{""field"":""is_active"",""new_value"":""rotated""}"
2714,341,7,updated,2025-10-23 12:00:36,"{""field"":""original_url"",""new_value"":""https://example.com/quartz/3425""}"
2715,1450,248,updated,2025-04-22 01:12:42,"{""field"":""is_active"",""new_value"":""quieted""}"
2716,882,301,updated,2025-03-28 11:33:44,"{""field"":""original_url"",""new_value"":""https://relay.cloud/river/2693""}"
2717,624,280,updated,2025-10-28 18:22:05,"{""field"":""title"",""new_value"":""quieted""}"
2718,1140,361,updated,2025-03-23 07:39:00,"{""field"":""title"",""new_value"":""patched""}"
2719,1496,6,updated,2025-04-16 15:38:45,"{""field"":""title"",""new_value"":""quieted""}"
2720,934,392,updated,2025-02-27 15:12:54,"{""field"":""original_url"",""new_value"":""https://example.com/anchor/9653""}"
2721,862,120,updated,2025-04-24 15:10:26,"{""field"":""is_active"",""new_value"":""patched""}"
2722,1423,257,updated,2025-09-10 12:07:57,"{""field"":""title"",""new_value"":""quieted""}"
2723,1008,120,updated,2025-01-06 23:24:51,"{""field"":""original_url"",""new_value"":""https://example.com/pioneer/4804""}"
2724,339,388,updated,2025-10-11 23:02:46,"{""field"":""is_active"",""new_value"":""rerouted""}"
2725,676,342,updated,2025-12-04 02:17:56,"{""field"":""title"",""new_value"":""promoted""}"
2726,1533,310,updated,2025-02-15 16:38:11,"{""field"":""original_url"",""new_value"":""https://relay.cloud/anchor/8685""}"
2727,1204,225,updated,2026-02-13 23:42:52,"{""field"":""original_url"",""new_value"":""https://acme.dev/island/7855""}"
2728,253,57,updated,2025-04-03 07:51:28,"{""field"":""title"",""new_value"":""boosted""}"
2729,1379,380,updated,2025-01-19 00:06:14,"{""field"":""title"",""new_value"":""rotated""}"
2730,925,262,updated,2025-05-11 13:34:52,"{""field"":""is_active"",""new_value"":""refined""}"
2731,1773,279,updated,2026-02-02 23:08:05,"{""field"":""is_active"",""new_value"":""patched""}"
2732,224,43,updated,2026-02-06 21:08:10,"{""field"":""is_active"",""new_value"":""archived""}"
2733,1136,187,updated,2025-04-11 21:26:23,"{""field"":""is_active"",""new_value"":""refined""}"
2734,702,384,updated,2025-05-03 13:12:25,"{""field"":""original_url"",""new_value"":""https://opswise.net/delta/8291""}"
2735,908,344,updated,2025-11-30 17:00:30,"{""field"":""title"",""new_value"":""promoted""}"
2736,1886,189,updated,2025-09-29 10:41:14,"{""field"":""is_active"",""new_value"":""rerouted""}"
2737,250,56,updated,2025-03-07 02:34:22,"{""field"":""is_active"",""new_value"":""refined""}"
2738,1788,108,updated,2025-08-07 20:44:41,"{""field"":""title"",""new_value"":""archived""}"
2739,638,288,updated,2025-01-07 12:05:36,"{""field"":""original_url"",""new_value"":""https://opswise.net/beacon/6768""}"
2740,137,159,updated,2025-12-28 21:40:20,"{""field"":""is_active"",""new_value"":""rotated""}"
2741,1688,32,updated,2026-01-22 06:45:38,"{""field"":""title"",""new_value"":""quieted""}"
2742,1172,95,updated,2025-02-15 03:16:11,"{""field"":""is_active"",""new_value"":""rerouted""}"
2743,213,283,updated,2025-01-13 10:10:28,"{""field"":""is_active"",""new_value"":""patched""}"
2744,1790,316,updated,2026-02-20 17:13:54,"{""field"":""title"",""new_value"":""boosted""}"
2745,1302,131,updated,2025-05-26 08:23:50,"{""field"":""is_active"",""new_value"":""patched""}"
2746,575,198,updated,2025-10-04 17:51:04,"{""field"":""original_url"",""new_value"":""https://acme.dev/network/3737""}"
2747,1503,191,updated,2025-06-13 20:07:56,"{""field"":""title"",""new_value"":""promoted""}"
2748,869,273,updated,2025-01-05 02:02:14,"{""field"":""original_url"",""new_value"":""https://hackstack.io/river/1127""}"
2749,1468,83,updated,2026-01-31 03:49:37,"{""field"":""original_url"",""new_value"":""https://example.com/kernel/1748""}"
2750,1780,116,updated,2025-08-05 09:25:15,"{""field"":""title"",""new_value"":""patched""}"
2751,1853,252,updated,2025-09-05 23:28:59,"{""field"":""is_active"",""new_value"":""boosted""}"
2752,1764,208,updated,2025-11-22 15:48:09,"{""field"":""is_active"",""new_value"":""promoted""}"
2753,1559,172,updated,2025-02-22 12:34:35,"{""field"":""is_active"",""new_value"":""rotated""}"
2754,721,79,updated,2026-02-27 11:31:53,"{""field"":""original_url"",""new_value"":""https://acme.dev/valley/2705""}"
2755,396,98,updated,2025-10-07 22:29:17,"{""field"":""is_active"",""new_value"":""quieted""}"
2756,1143,374,updated,2025-11-20 20:38:31,"{""field"":""title"",""new_value"":""archived""}"
2757,1097,126,updated,2026-02-19 23:05:15,"{""field"":""original_url"",""new_value"":""https://seeded.app/beacon/6106""}"
2758,1295,101,updated,2025-08-16 14:53:27,"{""field"":""title"",""new_value"":""rerouted""}"
2759,1228,52,updated,2025-05-16 12:15:52,"{""field"":""original_url"",""new_value"":""https://acme.dev/harvest/4629""}"
2760,1426,164,updated,2026-01-17 16:39:49,"{""field"":""title"",""new_value"":""promoted""}"
2761,231,96,updated,2025-09-14 11:42:05,"{""field"":""original_url"",""new_value"":""https://seeded.app/meadow/5504""}"
2762,1006,81,updated,2025-12-03 03:49:51,"{""field"":""title"",""new_value"":""rotated""}"
2763,261,94,updated,2025-12-24 10:07:58,"{""field"":""is_active"",""new_value"":""patched""}"
2764,1212,11,updated,2025-05-02 03:46:28,"{""field"":""is_active"",""new_value"":""promoted""}"
2765,1206,43,updated,2025-12-11 05:47:20,"{""field"":""original_url"",""new_value"":""https://seeded.app/valley/4484""}"
2766,91,67,updated,2025-01-04 04:50:28,"{""field"":""original_url"",""new_value"":""https://opswise.net/garden/7285""}"
2767,954,92,updated,2025-11-26 20:23:53,"{""field"":""original_url"",""new_value"":""https://acme.dev/zenith/5820""}"
2768,1127,100,updated,2025-06-08 14:33:25,"{""field"":""title"",""new_value"":""refined""}"
2769,1158,178,updated,2025-08-24 19:14:10,"{""field"":""is_active"",""new_value"":""rerouted""}"
2770,616,260,updated,2025-04-25 23:20:42,"{""field"":""original_url"",""new_value"":""https://opswise.net/orbit/6586""}"
2771,1842,17,updated,2025-08-01 23:17:00,"{""field"":""original_url"",""new_value"":""https://relay.cloud/trail/4425""}"
2772,203,252,updated,2025-10-21 01:22:58,"{""field"":""title"",""new_value"":""refined""}"
2773,1961,168,updated,2025-11-13 19:10:01,"{""field"":""is_active"",""new_value"":""promoted""}"
2774,1816,157,updated,2026-01-26 00:17:10,"{""field"":""is_active"",""new_value"":""patched""}"
2775,1457,225,updated,2025-06-19 03:26:22,"{""field"":""title"",""new_value"":""rotated""}"
2776,285,192,updated,2025-08-20 06:11:13,"{""field"":""is_active"",""new_value"":""promoted""}"
2777,821,258,updated,2025-07-09 21:03:01,"{""field"":""original_url"",""new_value"":""https://opswise.net/zenith/2042""}"
2778,485,74,updated,2025-07-01 21:16:44,"{""field"":""original_url"",""new_value"":""https://relay.cloud/anchor/5942""}"
2779,1079,212,updated,2025-09-27 12:24:24,"{""field"":""title"",""new_value"":""refined""}"
2780,488,87,updated,2025-11-01 06:28:11,"{""field"":""is_active"",""new_value"":""refined""}"
2781,1446,97,updated,2026-01-06 17:43:27,"{""field"":""title"",""new_value"":""refined""}"
2782,912,35,updated,2025-08-18 07:06:16,"{""field"":""title"",""new_value"":""promoted""}"
2783,859,387,updated,2025-03-30 04:49:23,"{""field"":""is_active"",""new_value"":""rerouted""}"
2784,760,124,updated,2025-12-08 22:26:11,"{""field"":""is_active"",""new_value"":""boosted""}"
2785,701,20,updated,2025-05-17 13:29:10,"{""field"":""title"",""new_value"":""rotated""}"
2786,316,191,updated,2025-07-08 10:26:29,"{""field"":""title"",""new_value"":""refined""}"
2787,77,191,updated,2025-03-11 09:15:47,"{""field"":""original_url"",""new_value"":""https://acme.dev/canyon/2499""}"
2788,1845,84,updated,2026-02-28 06:43:37,"{""field"":""title"",""new_value"":""promoted""}"
2789,1523,338,updated,2025-09-08 16:07:57,"{""field"":""original_url"",""new_value"":""https://relay.cloud/canyon/9507""}"
2790,718,329,updated,2025-04-17 11:13:55,"{""field"":""original_url"",""new_value"":""https://acme.dev/river/1905""}"
2791,966,271,updated,2026-01-15 18:03:45,"{""field"":""title"",""new_value"":""promoted""}"
2792,122,56,updated,2025-01-01 07:51:14,"{""field"":""original_url"",""new_value"":""https://example.com/trail/4634""}"
2793,1795,16,updated,2025-02-19 05:38:21,"{""field"":""title"",""new_value"":""rotated""}"
2794,1350,105,updated,2025-05-02 04:51:58,"{""field"":""original_url"",""new_value"":""https://seeded.app/quartz/2550""}"
2795,222,324,updated,2025-12-26 19:43:49,"{""field"":""title"",""new_value"":""promoted""}"
2796,220,305,updated,2025-06-28 14:41:40,"{""field"":""is_active"",""new_value"":""rerouted""}"
2797,913,353,updated,2025-04-25 16:23:28,"{""field"":""title"",""new_value"":""rerouted""}"
2798,932,9,updated,2025-12-19 04:42:00,"{""field"":""is_active"",""new_value"":""archived""}"
2799,300,246,updated,2025-12-06 07:22:24,"{""field"":""original_url"",""new_value"":""https://example.com/quartz/4809""}"
2800,831,329,updated,2025-10-29 04:53:31,"{""field"":""title"",""new_value"":""promoted""}"
2801,714,225,updated,2025-12-08 03:51:07,"{""field"":""is_active"",""new_value"":""refined""}"
2802,179,221,updated,2025-08-08 11:40:29,"{""field"":""title"",""new_value"":""refined""}"
2803,1698,137,updated,2025-03-13 08:26:26,"{""field"":""is_active"",""new_value"":""boosted""}"
2804,1936,242,updated,2025-12-25 22:34:07,"{""field"":""original_url"",""new_value"":""https://opswise.net/beacon/5409""}"
2805,556,84,updated,2026-01-29 03:20:10,"{""field"":""title"",""new_value"":""rerouted""}"
2806,223,340,updated,2025-07-23 11:31:58,"{""field"":""is_active"",""new_value"":""archived""}"
2807,1202,370,updated,2026-02-22 01:07:25,"{""field"":""original_url"",""new_value"":""https://relay.cloud/delta/9686""}"
2808,279,83,updated,2025-07-11 20:24:11,"{""field"":""original_url"",""new_value"":""https://example.com/garden/8762""}"
2809,1420,84,updated,2025-06-26 17:53:39,"{""field"":""original_url"",""new_value"":""https://opswise.net/valley/9697""}"
2810,555,35,updated,2025-08-30 00:31:37,"{""field"":""is_active"",""new_value"":""rerouted""}"
2811,1725,351,updated,2026-01-24 05:33:01,"{""field"":""original_url"",""new_value"":""https://example.com/zenith/5659""}"
2812,511,247,updated,2025-01-17 03:09:06,"{""field"":""title"",""new_value"":""rerouted""}"
2813,1061,257,updated,2025-07-06 17:03:29,"{""field"":""original_url"",""new_value"":""https://acme.dev/pioneer/337""}"
2814,825,212,updated,2025-01-09 01:05:54,"{""field"":""original_url"",""new_value"":""https://acme.dev/valley/6827""}"
2815,254,365,updated,2026-01-25 22:58:32,"{""field"":""original_url"",""new_value"":""https://relay.cloud/window/9699""}"
2816,738,288,updated,2025-04-25 01:39:25,"{""field"":""is_active"",""new_value"":""archived""}"
2817,1334,258,updated,2025-01-29 11:35:48,"{""field"":""is_active"",""new_value"":""refined""}"
2818,1983,61,updated,2025-05-12 02:31:17,"{""field"":""title"",""new_value"":""rotated""}"
2819,942,342,updated,2025-07-16 05:04:25,"{""field"":""original_url"",""new_value"":""https://hackstack.io/pioneer/1155""}"
2820,1274,178,updated,2025-07-03 19:16:41,"{""field"":""original_url"",""new_value"":""https://example.com/uplink/202""}"
2821,1855,201,updated,2025-10-17 17:37:48,"{""field"":""title"",""new_value"":""rotated""}"
2822,868,98,updated,2025-01-22 17:16:35,"{""field"":""title"",""new_value"":""promoted""}"
2823,169,106,updated,2025-04-20 17:02:24,"{""field"":""title"",""new_value"":""boosted""}"
2824,1736,12,updated,2025-05-02 16:52:07,"{""field"":""title"",""new_value"":""boosted""}"
2825,444,123,updated,2025-12-29 11:05:52,"{""field"":""is_active"",""new_value"":""patched""}"
2826,221,296,updated,2026-02-05 13:21:24,"{""field"":""is_active"",""new_value"":""promoted""}"
2827,834,243,updated,2025-11-29 09:27:42,"{""field"":""original_url"",""new_value"":""https://acme.dev/zenith/2703""}"
2828,163,345,updated,2026-01-22 05:26:19,"{""field"":""original_url"",""new_value"":""https://hackstack.io/network/9308""}"
2829,50,377,updated,2026-01-26 22:46:43,"{""field"":""title"",""new_value"":""quieted""}"
2830,1494,222,updated,2025-11-28 14:18:36,"{""field"":""is_active"",""new_value"":""refined""}"
2831,937,238,updated,2025-11-03 15:06:34,"{""field"":""is_active"",""new_value"":""boosted""}"
2832,1336,84,updated,2025-05-25 04:55:34,"{""field"":""is_active"",""new_value"":""rotated""}"
2833,1014,80,updated,2025-03-28 11:10:56,"{""field"":""is_active"",""new_value"":""patched""}"
2834,1130,293,updated,2025-02-16 06:27:53,"{""field"":""title"",""new_value"":""boosted""}"
2835,240,292,updated,2025-01-14 08:50:54,"{""field"":""original_url"",""new_value"":""https://acme.dev/harvest/878""}"
2836,1342,189,updated,2025-12-19 09:08:59,"{""field"":""is_active"",""new_value"":""boosted""}"
2837,1947,395,updated,2025-08-22 15:14:35,"{""field"":""is_active"",""new_value"":""promoted""}"
2838,1735,146,updated,2026-01-30 08:12:32,"{""field"":""is_active"",""new_value"":""refined""}"
2839,1579,345,updated,2025-04-17 10:26:58,"{""field"":""original_url"",""new_value"":""https://example.com/orbit/3018""}"
2840,1392,228,updated,2025-02-13 22:32:19,"{""field"":""original_url"",""new_value"":""https://opswise.net/journey/5876""}"
2841,1665,157,updated,2025-09-11 14:25:54,"{""field"":""title"",""new_value"":""rotated""}"
2842,808,335,updated,2025-11-01 14:34:05,"{""field"":""is_active"",""new_value"":""patched""}"
2843,1729,348,updated,2025-10-14 05:46:40,"{""field"":""original_url"",""new_value"":""https://opswise.net/valley/1295""}"
2844,1744,158,updated,2025-07-21 04:41:25,"{""field"":""is_active"",""new_value"":""patched""}"
2845,998,42,updated,2025-06-25 16:34:15,"{""field"":""title"",""new_value"":""patched""}"
2846,897,347,updated,2026-01-20 20:08:28,"{""field"":""is_active"",""new_value"":""rotated""}"
2847,1180,395,updated,2025-01-02 18:52:36,"{""field"":""is_active"",""new_value"":""quieted""}"
2848,235,174,updated,2025-12-27 13:49:11,"{""field"":""title"",""new_value"":""refined""}"
2849,683,194,updated,2025-10-15 20:10:06,"{""field"":""original_url"",""new_value"":""https://acme.dev/window/9211""}"
2850,986,12,updated,2025-11-01 01:40:22,"{""field"":""original_url"",""new_value"":""https://relay.cloud/zenith/7518""}"
2851,582,330,updated,2025-10-09 12:15:30,"{""field"":""is_active"",""new_value"":""promoted""}"
2852,579,124,updated,2026-02-10 09:20:27,"{""field"":""original_url"",""new_value"":""https://hackstack.io/kernel/28""}"
2853,1996,100,updated,2026-01-21 08:59:02,"{""field"":""original_url"",""new_value"":""https://relay.cloud/beacon/9085""}"
2854,1104,29,updated,2025-07-21 14:12:17,"{""field"":""original_url"",""new_value"":""https://relay.cloud/yard/9114""}"
2855,1715,259,updated,2025-05-05 08:25:46,"{""field"":""original_url"",""new_value"":""https://hackstack.io/engine/5172""}"
2856,1013,376,updated,2026-01-09 19:34:50,"{""field"":""original_url"",""new_value"":""https://acme.dev/journey/6667""}"
2857,75,288,updated,2025-02-08 21:57:55,"{""field"":""title"",""new_value"":""patched""}"
2858,1101,359,updated,2025-05-30 11:16:33,"{""field"":""title"",""new_value"":""promoted""}"
2859,111,276,updated,2025-01-05 21:19:26,"{""field"":""title"",""new_value"":""rerouted""}"
2860,1400,373,updated,2025-07-04 07:47:03,"{""field"":""title"",""new_value"":""rerouted""}"
2861,1067,382,updated,2026-02-22 18:50:30,"{""field"":""original_url"",""new_value"":""https://seeded.app/window/4446""}"
2862,309,317,updated,2025-10-03 20:49:27,"{""field"":""is_active"",""new_value"":""archived""}"
2863,1105,192,updated,2025-03-27 21:28:52,"{""field"":""title"",""new_value"":""quieted""}"
2864,500,7,updated,2025-10-11 19:42:13,"{""field"":""is_active"",""new_value"":""rotated""}"
2865,1196,324,updated,2025-08-03 07:03:10,"{""field"":""is_active"",""new_value"":""rotated""}"
2866,1813,76,updated,2025-09-23 05:07:48,"{""field"":""is_active"",""new_value"":""promoted""}"
2867,357,217,updated,2025-10-25 16:53:36,"{""field"":""is_active"",""new_value"":""patched""}"
2868,483,157,updated,2025-10-19 14:06:55,"{""field"":""title"",""new_value"":""quieted""}"
2869,883,303,updated,2025-06-12 23:52:37,"{""field"":""is_active"",""new_value"":""quieted""}"
2870,112,317,updated,2025-04-01 07:22:16,"{""field"":""title"",""new_value"":""rerouted""}"
2871,764,99,updated,2025-02-03 23:09:31,"{""field"":""title"",""new_value"":""rerouted""}"
2872,971,115,updated,2025-04-30 04:09:04,"{""field"":""original_url"",""new_value"":""https://example.com/engine/2460""}"
2873,856,59,updated,2025-02-22 21:53:15,"{""field"":""is_active"",""new_value"":""rerouted""}"
2874,1912,165,updated,2025-11-06 07:58:45,"{""field"":""is_active"",""new_value"":""rotated""}"
2875,770,161,updated,2025-11-23 12:09:18,"{""field"":""is_active"",""new_value"":""promoted""}"
2876,1724,308,updated,2025-09-28 16:34:51,"{""field"":""title"",""new_value"":""promoted""}"
2877,1501,98,updated,2025-03-26 23:18:37,"{""field"":""title"",""new_value"":""promoted""}"
2878,524,23,updated,2025-02-05 23:18:01,"{""field"":""title"",""new_value"":""rotated""}"
2879,292,21,updated,2025-01-24 14:24:27,"{""field"":""original_url"",""new_value"":""https://hackstack.io/kernel/2687""}"
2880,1433,370,updated,2025-04-27 13:16:05,"{""field"":""original_url"",""new_value"":""https://hackstack.io/delta/4696""}"
2881,1866,78,updated,2025-11-26 00:18:00,"{""field"":""title"",""new_value"":""archived""}"
2882,353,256,updated,2025-06-05 02:25:24,"{""field"":""title"",""new_value"":""promoted""}"
2883,1002,245,updated,2026-01-12 02:13:43,"{""field"":""is_active"",""new_value"":""rerouted""}"
2884,1876,10,updated,2025-07-11 21:08:44,"{""field"":""original_url"",""new_value"":""https://seeded.app/quartz/7528""}"
2885,513,101,updated,2025-09-30 04:20:14,"{""field"":""original_url"",""new_value"":""https://example.com/river/7494""}"
2886,1995,81,updated,2025-01-24 06:24:52,"{""field"":""title"",""new_value"":""promoted""}"
2887,351,279,updated,2026-01-29 21:07:27,"{""field"":""title"",""new_value"":""refined""}"
2888,1003,390,updated,2025-06-29 14:07:07,"{""field"":""title"",""new_value"":""patched""}"
2889,1164,137,updated,2025-11-02 16:57:47,"{""field"":""title"",""new_value"":""rotated""}"
2890,1131,304,updated,2025-12-08 23:54:17,"{""field"":""original_url"",""new_value"":""https://hackstack.io/orbit/1562""}"
2891,281,377,updated,2025-11-28 19:30:59,"{""field"":""is_active"",""new_value"":""rotated""}"
2892,754,281,updated,2025-01-19 05:05:08,"{""field"":""original_url"",""new_value"":""https://acme.dev/canyon/3549""}"
2893,1707,148,updated,2025-05-27 08:59:01,"{""field"":""is_active"",""new_value"":""rerouted""}"
2894,1159,281,updated,2025-12-05 05:32:25,"{""field"":""is_active"",""new_value"":""quieted""}"
2895,709,400,updated,2025-07-30 21:02:22,"{""field"":""is_active"",""new_value"":""refined""}"
2896,1082,206,updated,2025-01-09 09:46:33,"{""field"":""original_url"",""new_value"":""https://relay.cloud/garden/1335""}"
2897,7,74,updated,2026-01-10 23:30:14,"{""field"":""title"",""new_value"":""rerouted""}"
2898,1016,93,updated,2026-02-28 09:49:35,"{""field"":""title"",""new_value"":""promoted""}"
2899,1522,328,updated,2025-10-01 06:30:15,"{""field"":""title"",""new_value"":""rerouted""}"
2900,1261,266,updated,2025-05-12 11:29:42,"{""field"":""is_active"",""new_value"":""patched""}"
2901,1309,39,updated,2025-07-10 06:57:52,"{""field"":""is_active"",""new_value"":""refined""}"
2902,649,305,updated,2025-07-13 16:46:51,"{""field"":""title"",""new_value"":""rerouted""}"
2903,136,54,updated,2025-08-27 09:19:19,"{""field"":""title"",""new_value"":""archived""}"
2904,1941,336,updated,2025-12-29 02:01:05,"{""field"":""original_url"",""new_value"":""https://hackstack.io/delta/5809""}"
2905,1455,165,updated,2025-09-02 17:11:16,"{""field"":""is_active"",""new_value"":""promoted""}"
2906,39,329,updated,2025-12-14 17:07:24,"{""field"":""original_url"",""new_value"":""https://relay.cloud/kernel/3195""}"
2907,73,326,updated,2025-11-07 21:53:38,"{""field"":""original_url"",""new_value"":""https://relay.cloud/beacon/1455""}"
2908,206,23,updated,2025-07-18 08:21:55,"{""field"":""original_url"",""new_value"":""https://seeded.app/valley/4304""}"
2909,1338,286,updated,2025-04-21 11:57:46,"{""field"":""title"",""new_value"":""patched""}"
2910,1434,366,updated,2026-01-28 23:39:05,"{""field"":""title"",""new_value"":""quieted""}"
2911,1078,387,updated,2026-01-03 04:23:10,"{""field"":""original_url"",""new_value"":""https://opswise.net/river/3066""}"
2912,1877,181,updated,2025-02-17 18:00:01,"{""field"":""original_url"",""new_value"":""https://opswise.net/uplink/4991""}"
2913,858,181,updated,2025-01-29 06:45:20,"{""field"":""original_url"",""new_value"":""https://opswise.net/pioneer/1519""}"
2914,545,133,updated,2025-01-24 14:08:39,"{""field"":""title"",""new_value"":""rotated""}"
2915,1573,148,updated,2025-12-19 07:46:09,"{""field"":""is_active"",""new_value"":""archived""}"
2916,909,220,updated,2025-09-18 04:53:27,"{""field"":""is_active"",""new_value"":""rotated""}"
2917,105,36,updated,2025-01-06 08:58:34,"{""field"":""is_active"",""new_value"":""rotated""}"
2918,1882,212,updated,2025-06-02 14:21:02,"{""field"":""title"",""new_value"":""boosted""}"
2919,318,24,updated,2025-11-01 07:12:01,"{""field"":""original_url"",""new_value"":""https://acme.dev/garden/2033""}"
2920,370,79,updated,2025-01-01 12:38:07,"{""field"":""original_url"",""new_value"":""https://acme.dev/island/4227""}"
2921,992,267,updated,2025-12-04 09:43:04,"{""field"":""is_active"",""new_value"":""archived""}"
2922,1387,365,updated,2026-01-17 10:03:34,"{""field"":""original_url"",""new_value"":""https://acme.dev/zenith/9564""}"
2923,1441,74,updated,2026-01-17 13:56:45,"{""field"":""title"",""new_value"":""rotated""}"
2924,1817,263,updated,2025-10-23 14:26:00,"{""field"":""title"",""new_value"":""patched""}"
2925,367,309,updated,2025-02-15 01:48:00,"{""field"":""is_active"",""new_value"":""boosted""}"
2926,182,367,updated,2026-02-27 07:21:54,"{""field"":""is_active"",""new_value"":""rerouted""}"
2927,1575,262,updated,2026-02-08 13:51:27,"{""field"":""is_active"",""new_value"":""patched""}"
2928,1759,230,updated,2025-02-17 07:32:50,"{""field"":""title"",""new_value"":""refined""}"
2929,797,165,updated,2025-08-18 11:24:35,"{""field"":""is_active"",""new_value"":""archived""}"
2930,865,110,updated,2025-07-17 07:59:13,"{""field"":""is_active"",""new_value"":""promoted""}"
2931,199,4,updated,2025-05-12 12:43:25,"{""field"":""original_url"",""new_value"":""https://hackstack.io/meadow/4562""}"
2932,1770,400,updated,2025-09-25 02:58:37,"{""field"":""is_active"",""new_value"":""quieted""}"
2933,233,271,updated,2026-01-21 05:58:47,"{""field"":""is_active"",""new_value"":""refined""}"
2934,1089,292,updated,2025-03-16 14:29:51,"{""field"":""title"",""new_value"":""rerouted""}"
2935,1325,68,updated,2025-07-19 18:05:55,"{""field"":""original_url"",""new_value"":""https://seeded.app/quartz/3632""}"
2936,276,206,updated,2025-03-09 18:06:50,"{""field"":""is_active"",""new_value"":""promoted""}"
2937,1916,20,updated,2025-02-09 15:01:31,"{""field"":""original_url"",""new_value"":""https://opswise.net/signal/4179""}"
2938,1229,105,updated,2025-01-15 07:58:44,"{""field"":""title"",""new_value"":""rerouted""}"
2939,659,388,updated,2025-08-06 22:36:52,"{""field"":""title"",""new_value"":""rotated""}"
2940,1004,139,updated,2026-01-04 10:40:51,"{""field"":""is_active"",""new_value"":""rerouted""}"
2941,1613,163,updated,2025-02-01 21:59:21,"{""field"":""is_active"",""new_value"":""refined""}"
2942,1112,162,updated,2025-04-14 14:05:57,"{""field"":""original_url"",""new_value"":""https://acme.dev/kernel/842""}"
2943,1516,98,updated,2025-10-15 13:13:10,"{""field"":""original_url"",""new_value"":""https://acme.dev/zenith/2343""}"
2944,398,311,updated,2025-05-19 10:46:46,"{""field"":""original_url"",""new_value"":""https://opswise.net/orbit/8868""}"
2945,1282,142,updated,2025-07-25 12:05:51,"{""field"":""is_active"",""new_value"":""rerouted""}"
2946,1092,107,updated,2025-10-31 13:58:24,"{""field"":""original_url"",""new_value"":""https://seeded.app/network/7957""}"
2947,532,379,updated,2025-03-06 12:43:06,"{""field"":""title"",""new_value"":""boosted""}"
2948,1066,71,updated,2025-02-23 00:12:03,"{""field"":""is_active"",""new_value"":""archived""}"
2949,747,60,updated,2025-01-20 11:58:55,"{""field"":""is_active"",""new_value"":""rotated""}"
2950,1705,113,updated,2025-05-31 00:57:46,"{""field"":""original_url"",""new_value"":""https://seeded.app/engine/937""}"
2951,101,209,updated,2025-01-19 07:10:01,"{""field"":""title"",""new_value"":""quieted""}"
2952,1043,48,updated,2025-08-06 10:37:50,"{""field"":""original_url"",""new_value"":""https://opswise.net/harvest/2606""}"
2953,1319,205,updated,2025-01-22 04:34:29,"{""field"":""is_active"",""new_value"":""patched""}"
2954,539,208,updated,2025-04-30 17:34:30,"{""field"":""original_url"",""new_value"":""https://opswise.net/journey/7141""}"
2955,1823,76,updated,2025-05-18 08:49:18,"{""field"":""original_url"",""new_value"":""https://seeded.app/anchor/2439""}"
2956,126,379,updated,2025-02-10 14:18:00,"{""field"":""is_active"",""new_value"":""boosted""}"
2957,1552,201,updated,2026-01-25 00:32:03,"{""field"":""is_active"",""new_value"":""promoted""}"
2958,175,46,updated,2025-02-24 08:20:04,"{""field"":""title"",""new_value"":""boosted""}"
2959,1421,389,updated,2025-06-24 07:01:23,"{""field"":""original_url"",""new_value"":""https://seeded.app/river/1888""}"
2960,943,384,updated,2025-08-17 07:24:04,"{""field"":""title"",""new_value"":""quieted""}"
2961,1820,306,updated,2025-06-08 20:43:23,"{""field"":""original_url"",""new_value"":""https://opswise.net/beacon/9567""}"
2962,1666,257,updated,2025-10-10 21:10:03,"{""field"":""title"",""new_value"":""archived""}"
2963,841,360,updated,2025-04-18 20:13:36,"{""field"":""title"",""new_value"":""quieted""}"
2964,1458,217,updated,2025-02-09 15:13:46,"{""field"":""is_active"",""new_value"":""rotated""}"
2965,1051,96,updated,2025-11-16 17:59:37,"{""field"":""title"",""new_value"":""archived""}"
2966,1580,124,updated,2025-11-21 20:36:08,"{""field"":""title"",""new_value"":""rotated""}"
2967,729,275,updated,2025-03-01 09:51:45,"{""field"":""is_active"",""new_value"":""patched""}"
2968,1723,235,updated,2025-10-30 17:33:47,"{""field"":""is_active"",""new_value"":""rerouted""}"
2969,653,368,updated,2026-01-02 18:28:32,"{""field"":""original_url"",""new_value"":""https://relay.cloud/garden/1327""}"
2970,973,191,updated,2025-10-10 14:09:13,"{""field"":""original_url"",""new_value"":""https://relay.cloud/quartz/5693""}"
2971,310,117,updated,2025-04-20 16:47:11,"{""field"":""original_url"",""new_value"":""https://relay.cloud/journey/4873""}"
2972,139,359,updated,2025-06-24 01:11:09,"{""field"":""original_url"",""new_value"":""https://relay.cloud/quartz/5387""}"
2973,1968,221,updated,2026-02-27 12:11:02,"{""field"":""title"",""new_value"":""refined""}"
2974,1879,184,updated,2025-05-28 19:07:18,"{""field"":""original_url"",""new_value"":""https://hackstack.io/field/5276""}"
2975,904,267,updated,2025-01-29 00:25:40,"{""field"":""original_url"",""new_value"":""https://acme.dev/garden/9448""}"
2976,229,241,updated,2025-05-17 00:38:47,"{""field"":""title"",""new_value"":""archived""}"
2977,1706,388,updated,2025-02-08 10:17:11,"{""field"":""title"",""new_value"":""rotated""}"
2978,1863,215,updated,2025-06-04 09:03:46,"{""field"":""title"",""new_value"":""promoted""}"
2979,1978,286,updated,2025-10-23 14:47:45,"{""field"":""title"",""new_value"":""quieted""}"
2980,1017,159,updated,2025-01-16 15:07:12,"{""field"":""is_active"",""new_value"":""promoted""}"
2981,574,44,updated,2025-03-31 12:08:42,"{""field"":""title"",""new_value"":""promoted""}"
2982,1681,13,updated,2025-10-23 11:00:02,"{""field"":""title"",""new_value"":""boosted""}"
2983,1536,348,updated,2025-06-19 12:41:14,"{""field"":""original_url"",""new_value"":""https://hackstack.io/kernel/7757""}"
2984,1999,156,updated,2025-10-14 06:10:08,"{""field"":""title"",""new_value"":""refined""}"
2985,1568,141,updated,2026-01-16 08:29:58,"{""field"":""title"",""new_value"":""quieted""}"
2986,852,193,updated,2025-12-18 23:41:47,"{""field"":""original_url"",""new_value"":""https://acme.dev/harvest/3617""}"
2987,1556,277,updated,2026-02-26 18:14:37,"{""field"":""is_active"",""new_value"":""patched""}"
2988,1670,389,updated,2025-05-17 08:54:44,"{""field"":""title"",""new_value"":""patched""}"
2989,1818,94,updated,2025-11-04 01:48:53,"{""field"":""title"",""new_value"":""rotated""}"
2990,1944,371,updated,2025-06-13 23:34:11,"{""field"":""title"",""new_value"":""refined""}"
2991,188,343,updated,2025-05-29 15:24:27,"{""field"":""title"",""new_value"":""promoted""}"
2992,1335,215,updated,2025-10-05 23:55:02,"{""field"":""original_url"",""new_value"":""https://seeded.app/river/5900""}"
2993,492,10,updated,2025-11-01 12:12:46,"{""field"":""is_active"",""new_value"":""quieted""}"
2994,1052,209,updated,2026-01-12 13:02:48,"{""field"":""is_active"",""new_value"":""refined""}"
2995,1600,356,updated,2026-01-24 23:30:17,"{""field"":""title"",""new_value"":""archived""}"
2996,1076,198,updated,2025-10-29 13:39:57,"{""field"":""is_active"",""new_value"":""boosted""}"
2997,419,330,updated,2026-02-19 23:47:21,"{""field"":""is_active"",""new_value"":""refined""}"
2998,1775,368,updated,2025-06-14 09:19:04,"{""field"":""title"",""new_value"":""rerouted""}"
2999,995,390,updated,2025-07-14 20:12:08,"{""field"":""original_url"",""new_value"":""https://relay.cloud/garden/4951""}"
3000,1406,251,updated,2025-08-19 03:47:44,"{""field"":""title"",""new_value"":""rotated""}"
3001,1847,207,updated,2025-01-07 02:52:28,"{""field"":""title"",""new_value"":""rotated""}"
3002,899,349,updated,2025-04-17 02:33:55,"{""field"":""is_active"",""new_value"":""rerouted""}"
3003,255,61,updated,2025-02-24 17:21:42,"{""field"":""title"",""new_value"":""archived""}"
3004,907,301,updated,2025-09-15 00:33:59,"{""field"":""title"",""new_value"":""refined""}"
3005,1385,313,updated,2025-04-17 23:10:50,"{""field"":""title"",""new_value"":""rotated""}"
3006,1482,275,updated,2025-09-22 16:07:25,"{""field"":""title"",""new_value"":""archived""}"
3007,930,203,updated,2025-07-11 08:07:03,"{""field"":""title"",""new_value"":""archived""}"
3008,640,228,updated,2025-12-20 17:11:36,"{""field"":""title"",""new_value"":""boosted""}"
3009,1765,88,updated,2026-02-25 14:19:03,"{""field"":""original_url"",""new_value"":""https://relay.cloud/orbit/3516""}"
3010,1440,220,updated,2025-04-30 14:45:07,"{""field"":""title"",""new_value"":""rotated""}"
3011,463,13,updated,2025-03-17 04:03:16,"{""field"":""original_url"",""new_value"":""https://relay.cloud/orbit/3133""}"
3012,142,247,updated,2025-08-26 10:18:04,"{""field"":""is_active"",""new_value"":""promoted""}"
3013,410,92,updated,2025-12-08 23:53:00,"{""field"":""original_url"",""new_value"":""https://seeded.app/window/1298""}"
3014,835,344,updated,2025-02-19 20:42:31,"{""field"":""original_url"",""new_value"":""https://seeded.app/trail/7700""}"
3015,86,83,updated,2026-02-06 03:02:33,"{""field"":""title"",""new_value"":""refined""}"
3016,1243,230,updated,2025-10-20 19:01:34,"{""field"":""title"",""new_value"":""refined""}"
3017,55,95,updated,2025-02-10 14:52:52,"{""field"":""is_active"",""new_value"":""rotated""}"
3018,1585,153,updated,2025-09-08 15:45:22,"{""field"":""original_url"",""new_value"":""https://seeded.app/zenith/1714""}"
3019,1895,211,updated,2025-08-27 04:16:23,"{""field"":""title"",""new_value"":""promoted""}"
3020,1306,214,updated,2025-11-18 20:48:07,"{""field"":""original_url"",""new_value"":""https://example.com/engine/7294""}"
3021,236,273,updated,2025-03-06 18:19:13,"{""field"":""is_active"",""new_value"":""boosted""}"
3022,726,251,updated,2025-03-28 03:03:12,"{""field"":""original_url"",""new_value"":""https://hackstack.io/anchor/9301""}"
3023,1124,319,updated,2025-01-27 06:46:29,"{""field"":""is_active"",""new_value"":""refined""}"
3024,660,357,updated,2025-01-27 10:39:05,"{""field"":""is_active"",""new_value"":""rerouted""}"
3025,1508,359,updated,2025-07-15 03:44:20,"{""field"":""is_active"",""new_value"":""refined""}"
3026,1388,72,updated,2025-05-31 17:52:11,"{""field"":""original_url"",""new_value"":""https://acme.dev/canyon/7917""}"
3027,1746,276,updated,2025-07-16 02:01:30,"{""field"":""original_url"",""new_value"":""https://example.com/pioneer/3398""}"
3028,650,89,updated,2026-01-31 10:18:27,"{""field"":""title"",""new_value"":""quieted""}"
3029,588,197,updated,2025-09-22 05:05:13,"{""field"":""title"",""new_value"":""boosted""}"
3030,113,221,updated,2025-04-28 03:19:48,"{""field"":""original_url"",""new_value"":""https://seeded.app/network/5327""}"
3031,1331,362,updated,2025-01-02 04:26:20,"{""field"":""title"",""new_value"":""quieted""}"
3032,682,72,updated,2025-05-13 14:52:10,"{""field"":""original_url"",""new_value"":""https://hackstack.io/pioneer/3773""}"
3033,371,273,updated,2026-02-19 04:53:05,"{""field"":""title"",""new_value"":""rerouted""}"
3034,71,238,updated,2025-11-27 22:02:09,"{""field"":""title"",""new_value"":""quieted""}"
3035,383,300,updated,2025-07-02 06:30:22,"{""field"":""original_url"",""new_value"":""https://seeded.app/zenith/3480""}"
3036,1784,46,updated,2025-12-01 17:38:21,"{""field"":""title"",""new_value"":""archived""}"
3037,34,43,updated,2025-12-13 18:50:27,"{""field"":""original_url"",""new_value"":""https://example.com/meadow/7638""}"
3038,1829,194,updated,2025-01-14 23:48:16,"{""field"":""is_active"",""new_value"":""rerouted""}"
3039,1783,202,updated,2025-04-15 04:51:03,"{""field"":""is_active"",""new_value"":""quieted""}"
3040,473,250,updated,2025-09-04 03:17:04,"{""field"":""is_active"",""new_value"":""refined""}"
3041,1960,389,updated,2025-01-30 18:45:56,"{""field"":""original_url"",""new_value"":""https://opswise.net/river/1248""}"
3042,1438,344,updated,2025-05-08 19:55:23,"{""field"":""is_active"",""new_value"":""rotated""}"
3043,325,265,updated,2025-09-23 01:33:59,"{""field"":""original_url"",""new_value"":""https://hackstack.io/orbit/2318""}"
3044,1291,242,updated,2025-01-27 21:22:08,"{""field"":""original_url"",""new_value"":""https://opswise.net/pioneer/1084""}"
3045,484,328,updated,2025-08-17 06:30:27,"{""field"":""title"",""new_value"":""refined""}"
3046,814,190,updated,2025-04-01 00:24:41,"{""field"":""title"",""new_value"":""promoted""}"
3047,259,281,updated,2026-02-14 15:09:13,"{""field"":""is_active"",""new_value"":""promoted""}"
3048,627,102,updated,2025-10-15 17:00:02,"{""field"":""is_active"",""new_value"":""boosted""}"
3049,1490,349,updated,2025-03-12 09:50:35,"{""field"":""title"",""new_value"":""refined""}"
3050,1888,230,updated,2025-06-15 02:11:30,"{""field"":""original_url"",""new_value"":""https://hackstack.io/river/4640""}"
3051,594,153,updated,2025-08-07 15:38:35,"{""field"":""is_active"",""new_value"":""boosted""}"
3052,681,318,updated,2025-01-07 23:56:11,"{""field"":""title"",""new_value"":""rotated""}"
3053,612,86,updated,2025-01-09 16:04:17,"{""field"":""is_active"",""new_value"":""archived""}"
3054,953,154,updated,2025-11-26 05:26:17,"{""field"":""is_active"",""new_value"":""quieted""}"
3055,1341,359,updated,2025-01-23 00:48:22,"{""field"":""original_url"",""new_value"":""https://opswise.net/network/3545""}"
3056,516,358,updated,2025-05-26 23:24:49,"{""field"":""original_url"",""new_value"":""https://acme.dev/trail/5918""}"
3057,1408,186,updated,2026-01-27 22:52:11,"{""field"":""title"",""new_value"":""rerouted""}"
3058,929,339,updated,2025-11-03 20:30:10,"{""field"":""title"",""new_value"":""rerouted""}"
3059,1584,75,updated,2025-01-27 17:01:00,"{""field"":""original_url"",""new_value"":""https://acme.dev/orbit/5121""}"
3060,1312,154,updated,2025-01-16 18:27:03,"{""field"":""original_url"",""new_value"":""https://opswise.net/valley/259""}"
3061,708,99,updated,2025-03-31 20:32:12,"{""field"":""is_active"",""new_value"":""rerouted""}"
3062,723,116,updated,2026-02-02 01:06:27,"{""field"":""is_active"",""new_value"":""quieted""}"
3063,158,57,updated,2025-04-25 15:45:20,"{""field"":""title"",""new_value"":""rotated""}"
3064,1835,219,updated,2025-10-10 08:01:15,"{""field"":""original_url"",""new_value"":""https://example.com/zenith/9146""}"
3065,1899,204,updated,2026-01-27 18:44:18,"{""field"":""original_url"",""new_value"":""https://example.com/lagoon/9916""}"
3066,1544,54,updated,2025-07-16 19:29:02,"{""field"":""original_url"",""new_value"":""https://hackstack.io/signal/8116""}"
3067,336,344,updated,2025-05-13 12:53:34,"{""field"":""original_url"",""new_value"":""https://relay.cloud/trail/5725""}"
3068,1181,271,updated,2025-02-08 02:22:37,"{""field"":""title"",""new_value"":""quieted""}"
3069,417,119,updated,2025-02-12 12:45:36,"{""field"":""original_url"",""new_value"":""https://acme.dev/quartz/642""}"
3070,434,230,updated,2025-07-16 00:38:29,"{""field"":""original_url"",""new_value"":""https://relay.cloud/orbit/4529""}"
3071,537,312,updated,2025-02-01 08:57:56,"{""field"":""original_url"",""new_value"":""https://example.com/network/4959""}"
3072,991,306,updated,2025-07-08 10:22:07,"{""field"":""original_url"",""new_value"":""https://opswise.net/delta/3133""}"
3073,1655,341,updated,2025-04-05 08:36:54,"{""field"":""title"",""new_value"":""promoted""}"
3074,1906,179,updated,2026-02-01 18:00:51,"{""field"":""original_url"",""new_value"":""https://hackstack.io/yard/8313""}"
3075,1507,82,updated,2025-05-22 06:56:34,"{""field"":""title"",""new_value"":""refined""}"
3076,1664,143,updated,2026-02-22 10:41:33,"{""field"":""original_url"",""new_value"":""https://relay.cloud/uplink/8020""}"
3077,446,218,updated,2026-01-04 21:41:02,"{""field"":""title"",""new_value"":""quieted""}"
3078,506,360,updated,2025-10-28 11:39:09,"{""field"":""is_active"",""new_value"":""promoted""}"
3079,923,120,updated,2025-05-30 11:24:23,"{""field"":""title"",""new_value"":""rerouted""}"
3080,345,277,updated,2025-01-19 13:06:30,"{""field"":""is_active"",""new_value"":""refined""}"
3081,397,262,updated,2025-08-24 05:48:56,"{""field"":""title"",""new_value"":""rerouted""}"
3082,1185,149,updated,2026-02-23 06:30:31,"{""field"":""is_active"",""new_value"":""boosted""}"
3083,1946,190,updated,2025-03-09 04:59:48,"{""field"":""is_active"",""new_value"":""quieted""}"
3084,996,20,updated,2026-02-23 07:54:56,"{""field"":""is_active"",""new_value"":""quieted""}"
3085,1161,74,updated,2025-12-30 19:28:26,"{""field"":""original_url"",""new_value"":""https://acme.dev/network/5860""}"
3086,1804,5,updated,2025-07-01 18:14:59,"{""field"":""title"",""new_value"":""quieted""}"
3087,1248,36,updated,2025-04-24 04:19:25,"{""field"":""title"",""new_value"":""archived""}"
3088,656,92,updated,2026-02-21 11:34:27,"{""field"":""original_url"",""new_value"":""https://seeded.app/valley/2374""}"
3089,914,249,updated,2025-09-09 21:27:41,"{""field"":""is_active"",""new_value"":""archived""}"
3090,4,17,updated,2025-07-01 19:37:39,"{""field"":""original_url"",""new_value"":""https://relay.cloud/signal/5799""}"
3091,1300,315,updated,2025-02-17 20:48:28,"{""field"":""original_url"",""new_value"":""https://opswise.net/engine/5458""}"
3092,168,61,updated,2025-07-24 10:43:07,"{""field"":""is_active"",""new_value"":""rerouted""}"
3093,1275,385,updated,2025-10-27 00:40:12,"{""field"":""original_url"",""new_value"":""https://opswise.net/trail/3756""}"
3094,1081,205,updated,2025-03-24 17:35:48,"{""field"":""title"",""new_value"":""rerouted""}"
3095,1856,93,updated,2025-06-20 14:50:03,"{""field"":""original_url"",""new_value"":""https://acme.dev/quartz/2089""}"
3096,1249,122,updated,2025-07-23 05:19:17,"{""field"":""title"",""new_value"":""boosted""}"
3097,669,236,updated,2025-04-07 23:25:17,"{""field"":""original_url"",""new_value"":""https://opswise.net/quartz/2803""}"
3098,1317,278,updated,2025-10-24 14:51:51,"{""field"":""title"",""new_value"":""boosted""}"
3099,10,385,updated,2025-05-06 21:56:17,"{""field"":""is_active"",""new_value"":""boosted""}"
3100,719,339,updated,2025-07-24 04:45:36,"{""field"":""is_active"",""new_value"":""boosted""}"
3101,1173,302,updated,2026-02-23 17:36:04,"{""field"":""is_active"",""new_value"":""boosted""}"
3102,33,214,updated,2025-12-17 00:28:53,"{""field"":""original_url"",""new_value"":""https://example.com/garden/3097""}"
3103,1251,114,updated,2025-06-04 11:31:16,"{""field"":""original_url"",""new_value"":""https://opswise.net/uplink/7298""}"
3104,685,230,updated,2025-06-13 18:39:34,"{""field"":""title"",""new_value"":""patched""}"
3105,1407,118,updated,2025-01-10 13:46:35,"{""field"":""is_active"",""new_value"":""archived""}"
3106,1663,147,updated,2025-02-10 03:56:15,"{""field"":""original_url"",""new_value"":""https://opswise.net/field/2809""}"
3107,1170,1,updated,2025-12-13 12:56:19,"{""field"":""title"",""new_value"":""boosted""}"
3108,958,60,updated,2025-06-06 21:34:23,"{""field"":""is_active"",""new_value"":""rotated""}"
3109,1843,305,updated,2025-07-19 02:39:48,"{""field"":""is_active"",""new_value"":""promoted""}"
3110,1313,120,updated,2025-05-31 04:31:01,"{""field"":""original_url"",""new_value"":""https://opswise.net/zenith/5724""}"
3111,1730,283,updated,2025-06-25 02:22:25,"{""field"":""original_url"",""new_value"":""https://acme.dev/journey/3740""}"
3112,1510,117,updated,2025-07-07 03:11:20,"{""field"":""original_url"",""new_value"":""https://seeded.app/window/8470""}"
3113,843,163,updated,2026-01-06 04:19:45,"{""field"":""title"",""new_value"":""rotated""}"
3114,334,257,updated,2025-03-04 11:17:16,"{""field"":""title"",""new_value"":""promoted""}"
3115,926,332,updated,2025-10-23 06:22:56,"{""field"":""title"",""new_value"":""boosted""}"
3116,1914,138,updated,2025-02-23 18:25:42,"{""field"":""title"",""new_value"":""archived""}"
3117,1132,161,updated,2025-11-11 00:23:55,"{""field"":""is_active"",""new_value"":""rotated""}"
3118,189,76,updated,2025-03-31 16:00:23,"{""field"":""title"",""new_value"":""refined""}"
3119,1058,208,updated,2025-07-04 11:00:10,"{""field"":""original_url"",""new_value"":""https://acme.dev/beacon/7605""}"
3120,440,123,updated,2026-02-11 07:28:32,"{""field"":""title"",""new_value"":""refined""}"
3121,609,346,updated,2025-01-12 14:55:01,"{""field"":""original_url"",""new_value"":""https://example.com/valley/5194""}"
3122,246,116,updated,2025-05-29 16:25:15,"{""field"":""title"",""new_value"":""archived""}"
3123,1530,103,updated,2025-11-05 06:42:40,"{""field"":""title"",""new_value"":""rerouted""}"
3124,564,10,updated,2025-02-13 08:33:19,"{""field"":""is_active"",""new_value"":""rotated""}"
3125,1594,204,updated,2025-09-06 21:39:19,"{""field"":""title"",""new_value"":""quieted""}"
3126,1907,138,updated,2025-01-22 03:23:13,"{""field"":""original_url"",""new_value"":""https://acme.dev/journey/4144""}"
3127,786,353,updated,2025-11-23 01:34:11,"{""field"":""original_url"",""new_value"":""https://seeded.app/orbit/7641""}"
3128,1734,193,updated,2025-09-23 20:24:48,"{""field"":""is_active"",""new_value"":""boosted""}"
3129,1240,226,updated,2025-10-14 13:08:42,"{""field"":""is_active"",""new_value"":""refined""}"
3130,1566,326,updated,2025-12-27 05:35:15,"{""field"":""title"",""new_value"":""rerouted""}"
3131,1064,368,updated,2025-05-13 00:50:01,"{""field"":""is_active"",""new_value"":""rotated""}"
3132,1897,39,updated,2025-05-04 15:09:29,"{""field"":""is_active"",""new_value"":""rerouted""}"
3133,265,221,updated,2025-03-20 23:43:44,"{""field"":""is_active"",""new_value"":""rerouted""}"
3134,1915,322,updated,2025-03-28 11:06:40,"{""field"":""title"",""new_value"":""boosted""}"
3135,974,290,updated,2025-12-31 21:59:40,"{""field"":""title"",""new_value"":""quieted""}"
3136,1578,52,updated,2025-09-08 23:08:47,"{""field"":""is_active"",""new_value"":""promoted""}"
3137,1917,208,updated,2025-07-11 13:34:43,"{""field"":""original_url"",""new_value"":""https://relay.cloud/pioneer/834""}"
3138,639,252,updated,2025-06-04 22:29:41,"{""field"":""is_active"",""new_value"":""rotated""}"
3139,935,385,updated,2025-09-11 13:47:58,"{""field"":""title"",""new_value"":""refined""}"
3140,26,175,updated,2025-01-02 08:56:23,"{""field"":""title"",""new_value"":""archived""}"
3141,1449,269,updated,2025-09-20 06:20:07,"{""field"":""title"",""new_value"":""refined""}"
3142,1178,81,updated,2025-11-04 08:58:57,"{""field"":""original_url"",""new_value"":""https://hackstack.io/yard/7777""}"
3143,333,257,updated,2025-10-20 08:37:52,"{""field"":""title"",""new_value"":""promoted""}"
3144,330,220,updated,2025-02-08 12:35:32,"{""field"":""is_active"",""new_value"":""refined""}"
3145,979,30,updated,2025-12-04 12:46:46,"{""field"":""title"",""new_value"":""archived""}"
3146,1697,33,updated,2026-01-03 08:35:25,"{""field"":""original_url"",""new_value"":""https://opswise.net/quartz/884""}"
3147,1276,292,updated,2025-08-22 17:40:30,"{""field"":""is_active"",""new_value"":""patched""}"
3148,854,87,updated,2025-11-26 02:35:10,"{""field"":""is_active"",""new_value"":""rerouted""}"
3149,49,58,updated,2025-12-29 21:11:15,"{""field"":""is_active"",""new_value"":""quieted""}"
3150,445,296,updated,2026-02-07 01:19:36,"{""field"":""title"",""new_value"":""rotated""}"
3151,1168,384,updated,2025-08-13 19:20:37,"{""field"":""original_url"",""new_value"":""https://hackstack.io/network/7170""}"
3152,570,305,updated,2025-09-01 20:30:15,"{""field"":""original_url"",""new_value"":""https://example.com/river/2182""}"
3153,1857,238,updated,2025-10-10 05:47:05,"{""field"":""title"",""new_value"":""archived""}"
3154,1139,193,updated,2025-12-22 17:12:04,"{""field"":""original_url"",""new_value"":""https://hackstack.io/river/4891""}"
3155,756,314,updated,2025-11-18 19:00:50,"{""field"":""is_active"",""new_value"":""rerouted""}"
3156,1477,175,updated,2025-03-21 07:23:34,"{""field"":""original_url"",""new_value"":""https://seeded.app/orbit/9958""}"
3157,286,111,updated,2025-01-28 20:32:17,"{""field"":""title"",""new_value"":""patched""}"
3158,1821,2,updated,2025-03-24 00:52:50,"{""field"":""is_active"",""new_value"":""boosted""}"
3159,1662,200,updated,2025-03-17 18:49:11,"{""field"":""is_active"",""new_value"":""rotated""}"
3160,1588,360,updated,2025-08-08 00:16:02,"{""field"":""title"",""new_value"":""promoted""}"
3161,1649,259,updated,2025-05-18 22:54:53,"{""field"":""title"",""new_value"":""rerouted""}"
3162,1933,138,updated,2025-04-24 00:49:50,"{""field"":""title"",""new_value"":""archived""}"
3163,160,47,updated,2025-03-25 15:45:05,"{""field"":""title"",""new_value"":""archived""}"
3164,1218,86,updated,2025-11-01 06:31:28,"{""field"":""title"",""new_value"":""rotated""}"
3165,666,380,updated,2025-03-09 13:54:03,"{""field"":""title"",""new_value"":""archived""}"
3166,1169,257,updated,2025-12-13 22:19:53,"{""field"":""is_active"",""new_value"":""boosted""}"
3167,1814,97,updated,2026-02-14 05:07:41,"{""field"":""original_url"",""new_value"":""https://relay.cloud/quartz/1118""}"
3168,1854,88,updated,2025-09-15 11:28:42,"{""field"":""title"",""new_value"":""refined""}"
3169,1994,345,updated,2025-12-17 14:12:41,"{""field"":""title"",""new_value"":""refined""}"
3170,541,197,updated,2025-10-08 08:05:56,"{""field"":""original_url"",""new_value"":""https://seeded.app/uplink/904""}"
3171,1396,160,updated,2025-10-14 11:29:32,"{""field"":""original_url"",""new_value"":""https://relay.cloud/pioneer/1689""}"
3172,916,378,updated,2026-02-14 11:46:23,"{""field"":""title"",""new_value"":""archived""}"
3173,571,381,updated,2025-04-03 13:43:18,"{""field"":""original_url"",""new_value"":""https://example.com/harvest/6570""}"
3174,1591,25,updated,2026-01-15 05:32:16,"{""field"":""is_active"",""new_value"":""boosted""}"
3175,1850,125,updated,2025-05-22 12:00:06,"{""field"":""title"",""new_value"":""patched""}"
3176,85,116,updated,2025-02-14 13:05:07,"{""field"":""original_url"",""new_value"":""https://example.com/orbit/4996""}"
3177,860,344,updated,2025-10-11 09:43:55,"{""field"":""original_url"",""new_value"":""https://acme.dev/signal/1285""}"
3178,239,306,updated,2025-09-21 11:21:50,"{""field"":""original_url"",""new_value"":""https://example.com/journey/7599""}"
3179,1973,239,updated,2025-06-04 09:11:57,"{""field"":""title"",""new_value"":""archived""}"
3180,1418,371,updated,2026-02-23 16:02:56,"{""field"":""original_url"",""new_value"":""https://seeded.app/trail/6846""}"
3181,414,139,updated,2025-08-04 16:43:33,"{""field"":""is_active"",""new_value"":""archived""}"
3182,1558,379,updated,2025-10-16 02:59:25,"{""field"":""original_url"",""new_value"":""https://hackstack.io/delta/8600""}"
3183,1881,244,updated,2026-01-12 19:05:50,"{""field"":""original_url"",""new_value"":""https://seeded.app/signal/5293""}"
3184,885,51,updated,2025-09-06 15:15:42,"{""field"":""title"",""new_value"":""rerouted""}"
3185,1989,230,updated,2025-12-02 16:51:11,"{""field"":""original_url"",""new_value"":""https://relay.cloud/kernel/5783""}"
3186,891,366,updated,2025-04-06 07:11:03,"{""field"":""is_active"",""new_value"":""boosted""}"
3187,1787,385,updated,2025-10-04 15:15:37,"{""field"":""is_active"",""new_value"":""promoted""}"
3188,875,256,updated,2025-04-26 22:49:43,"{""field"":""title"",""new_value"":""patched""}"
3189,1739,65,updated,2026-02-21 07:55:01,"{""field"":""original_url"",""new_value"":""https://opswise.net/journey/4758""}"
3190,1376,223,updated,2025-01-26 13:18:32,"{""field"":""original_url"",""new_value"":""https://relay.cloud/river/6834""}"
3191,1401,214,updated,2025-04-28 17:04:03,"{""field"":""original_url"",""new_value"":""https://example.com/journey/6170""}"
3192,581,76,updated,2025-07-21 10:28:24,"{""field"":""is_active"",""new_value"":""rerouted""}"
3193,1918,289,updated,2025-07-26 05:35:42,"{""field"":""is_active"",""new_value"":""patched""}"
3194,704,236,updated,2025-05-22 12:01:13,"{""field"":""title"",""new_value"":""refined""}"
3195,1227,244,updated,2025-02-22 15:31:38,"{""field"":""original_url"",""new_value"":""https://hackstack.io/zenith/990""}"
3196,468,65,updated,2025-07-03 11:59:04,"{""field"":""original_url"",""new_value"":""https://seeded.app/signal/115""}"
3197,569,26,updated,2025-08-03 12:57:50,"{""field"":""is_active"",""new_value"":""quieted""}"
3198,746,67,updated,2025-02-12 11:44:04,"{""field"":""is_active"",""new_value"":""boosted""}"
3199,1572,44,updated,2025-12-23 20:00:59,"{""field"":""is_active"",""new_value"":""archived""}"
3200,1215,350,updated,2025-10-30 16:22:27,"{""field"":""is_active"",""new_value"":""patched""}"
3201,675,348,updated,2025-02-02 23:28:22,"{""field"":""is_active"",""new_value"":""refined""}"
3202,128,337,updated,2025-10-12 15:00:07,"{""field"":""original_url"",""new_value"":""https://hackstack.io/pioneer/8198""}"
3203,93,44,updated,2025-03-25 01:28:16,"{""field"":""original_url"",""new_value"":""https://hackstack.io/journey/3186""}"
3204,1355,331,updated,2025-09-11 18:52:17,"{""field"":""original_url"",""new_value"":""https://acme.dev/beacon/359""}"
3205,198,214,updated,2026-02-09 10:29:30,"{""field"":""title"",""new_value"":""boosted""}"
3206,1984,200,updated,2025-06-18 02:01:55,"{""field"":""original_url"",""new_value"":""https://seeded.app/harvest/3349""}"
3207,1481,292,deleted,2025-08-28 08:28:34,"{""reason"":""policy_cleanup""}"
3208,337,266,deleted,2025-06-23 06:03:55,"{""reason"":""user_requested""}"
3209,577,221,deleted,2025-06-24 19:54:11,"{""reason"":""expired""}"
3210,983,220,deleted,2025-01-24 18:02:17,"{""reason"":""user_requested""}"
3211,33,214,deleted,2025-11-11 23:36:33,"{""reason"":""expired""}"
3212,1229,105,deleted,2025-03-10 04:07:57,"{""reason"":""user_requested""}"
3213,1394,200,deleted,2025-01-28 21:51:33,"{""reason"":""expired""}"
3214,1752,158,deleted,2025-09-17 07:15:59,"{""reason"":""user_requested""}"
3215,1082,206,deleted,2025-09-22 08:50:35,"{""reason"":""user_requested""}"
3216,1053,76,deleted,2025-10-08 21:07:46,"{""reason"":""user_requested""}"
3217,1810,101,deleted,2025-02-07 19:22:41,"{""reason"":""duplicate""}"
3218,1381,276,deleted,2025-04-13 16:50:46,"{""reason"":""expired""}"
3219,850,47,deleted,2025-05-06 17:21:33,"{""reason"":""policy_cleanup""}"
3220,350,243,deleted,2025-08-06 21:18:50,"{""reason"":""duplicate""}"
3221,756,314,deleted,2025-09-25 07:17:01,"{""reason"":""policy_cleanup""}"
3222,1143,374,deleted,2025-01-12 23:02:31,"{""reason"":""policy_cleanup""}"
3223,1281,27,deleted,2025-05-16 09:17:33,"{""reason"":""expired""}"
3224,837,303,deleted,2025-08-20 23:48:13,"{""reason"":""expired""}"
3225,1106,217,deleted,2025-05-28 17:15:55,"{""reason"":""policy_cleanup""}"
3226,48,316,deleted,2025-10-05 21:00:18,"{""reason"":""expired""}"
3227,940,250,deleted,2025-04-20 16:17:52,"{""reason"":""duplicate""}"
3228,1627,345,deleted,2026-02-19 20:55:51,"{""reason"":""duplicate""}"
3229,1471,144,deleted,2025-06-18 10:05:57,"{""reason"":""policy_cleanup""}"
3230,1967,348,deleted,2025-09-18 02:33:30,"{""reason"":""expired""}"
3231,1601,211,deleted,2025-01-12 09:38:52,"{""reason"":""expired""}"
3232,1385,313,deleted,2026-01-03 15:21:02,"{""reason"":""policy_cleanup""}"
3233,22,400,deleted,2025-06-23 16:21:23,"{""reason"":""expired""}"
3234,1789,105,deleted,2025-01-10 20:09:43,"{""reason"":""duplicate""}"
3235,75,288,deleted,2025-02-05 10:20:05,"{""reason"":""policy_cleanup""}"
3236,1853,252,deleted,2025-02-15 17:20:08,"{""reason"":""user_requested""}"
3237,815,1,deleted,2025-04-12 08:54:17,"{""reason"":""user_requested""}"
3238,1518,318,deleted,2025-08-12 18:50:53,"{""reason"":""duplicate""}"
3239,1566,326,deleted,2025-02-16 01:02:08,"{""reason"":""duplicate""}"
3240,313,138,deleted,2025-09-06 11:06:59,"{""reason"":""duplicate""}"
3241,730,89,deleted,2025-04-28 14:45:11,"{""reason"":""user_requested""}"
3242,348,16,deleted,2025-05-01 18:18:30,"{""reason"":""duplicate""}"
3243,1297,353,deleted,2025-12-27 15:34:03,"{""reason"":""user_requested""}"
3244,380,172,deleted,2025-11-15 15:54:50,"{""reason"":""expired""}"
3245,1836,339,deleted,2025-03-21 23:03:14,"{""reason"":""duplicate""}"
3246,525,209,deleted,2025-07-27 03:20:07,"{""reason"":""user_requested""}"
3247,467,310,deleted,2025-12-29 12:51:08,"{""reason"":""duplicate""}"
3248,1952,350,deleted,2025-11-10 16:19:59,"{""reason"":""policy_cleanup""}"
3249,644,201,deleted,2025-04-06 16:03:53,"{""reason"":""user_requested""}"
3250,779,390,deleted,2026-01-11 05:43:27,"{""reason"":""policy_cleanup""}"
3251,1945,110,deleted,2025-04-23 13:27:45,"{""reason"":""user_requested""}"
3252,1638,236,deleted,2026-02-13 21:04:13,"{""reason"":""user_requested""}"
3253,959,63,deleted,2025-01-13 22:42:52,"{""reason"":""policy_cleanup""}"
3254,1326,331,deleted,2025-12-02 08:51:07,"{""reason"":""expired""}"
3255,353,256,deleted,2025-03-02 17:51:28,"{""reason"":""policy_cleanup""}"
3256,1007,244,deleted,2025-11-07 05:36:32,"{""reason"":""expired""}"
3257,1060,248,deleted,2026-02-01 14:56:23,"{""reason"":""policy_cleanup""}"
3258,492,10,deleted,2025-07-09 03:10:36,"{""reason"":""duplicate""}"
3259,1811,178,deleted,2025-02-05 16:21:03,"{""reason"":""duplicate""}"
3260,1643,34,deleted,2025-11-18 12:24:39,"{""reason"":""user_requested""}"
3261,745,90,deleted,2025-08-26 14:23:29,"{""reason"":""user_requested""}"
3262,210,303,deleted,2025-04-08 14:22:08,"{""reason"":""user_requested""}"
3263,769,48,deleted,2025-07-02 19:12:12,"{""reason"":""expired""}"
3264,182,367,deleted,2025-02-10 10:19:28,"{""reason"":""duplicate""}"
3265,1247,296,deleted,2025-07-21 22:17:24,"{""reason"":""duplicate""}"
3266,1916,20,deleted,2025-04-13 20:15:44,"{""reason"":""policy_cleanup""}"
3267,382,41,deleted,2025-01-31 02:35:20,"{""reason"":""duplicate""}"
3268,1625,162,deleted,2025-12-16 11:21:16,"{""reason"":""duplicate""}"
3269,220,305,deleted,2025-11-17 21:45:51,"{""reason"":""policy_cleanup""}"
3270,1781,188,deleted,2025-03-09 13:19:40,"{""reason"":""user_requested""}"
3271,1031,86,deleted,2025-05-25 12:38:30,"{""reason"":""duplicate""}"
3272,1997,72,deleted,2025-05-22 17:18:17,"{""reason"":""policy_cleanup""}"
3273,1480,164,deleted,2025-09-08 15:01:56,"{""reason"":""policy_cleanup""}"
3274,1240,226,deleted,2025-11-13 05:10:29,"{""reason"":""duplicate""}"
3275,98,358,deleted,2026-02-10 08:00:53,"{""reason"":""expired""}"
3276,1136,187,deleted,2025-06-17 13:31:35,"{""reason"":""user_requested""}"
3277,421,363,deleted,2026-01-20 16:28:43,"{""reason"":""duplicate""}"
3278,1911,105,deleted,2025-12-11 15:19:23,"{""reason"":""policy_cleanup""}"
3279,986,12,deleted,2025-12-16 15:42:10,"{""reason"":""user_requested""}"
3280,273,167,deleted,2025-08-27 00:17:23,"{""reason"":""expired""}"
3281,1283,108,deleted,2025-04-23 22:28:02,"{""reason"":""policy_cleanup""}"
3282,1644,168,deleted,2026-02-24 13:03:53,"{""reason"":""duplicate""}"
3283,1141,272,deleted,2025-08-29 03:51:26,"{""reason"":""user_requested""}"
3284,695,75,deleted,2025-07-05 16:58:19,"{""reason"":""expired""}"
3285,1862,96,deleted,2025-11-30 17:49:33,"{""reason"":""user_requested""}"
3286,1770,400,deleted,2025-08-28 19:26:25,"{""reason"":""user_requested""}"
3287,85,116,deleted,2026-02-10 20:58:03,"{""reason"":""duplicate""}"
3288,1121,202,deleted,2025-02-15 16:00:23,"{""reason"":""policy_cleanup""}"
3289,818,205,deleted,2025-08-31 02:53:47,"{""reason"":""policy_cleanup""}"
3290,770,161,deleted,2025-01-16 23:04:26,"{""reason"":""duplicate""}"
3291,1679,105,deleted,2025-10-23 18:12:23,"{""reason"":""policy_cleanup""}"
3292,1865,239,deleted,2025-03-11 04:32:00,"{""reason"":""duplicate""}"
3293,1344,121,deleted,2026-02-16 06:34:59,"{""reason"":""policy_cleanup""}"
3294,1064,368,deleted,2025-08-27 04:52:57,"{""reason"":""policy_cleanup""}"
3295,1628,280,deleted,2025-06-29 02:13:58,"{""reason"":""duplicate""}"
3296,891,366,deleted,2025-07-06 18:45:53,"{""reason"":""expired""}"
3297,780,61,deleted,2025-05-22 19:52:34,"{""reason"":""expired""}"
3298,1260,55,deleted,2025-08-26 00:03:31,"{""reason"":""duplicate""}"
3299,721,79,deleted,2025-04-01 08:36:15,"{""reason"":""user_requested""}"
3300,653,368,deleted,2026-02-05 20:44:15,"{""reason"":""policy_cleanup""}"
3301,869,273,deleted,2026-01-13 17:45:15,"{""reason"":""expired""}"
3302,626,149,deleted,2026-01-10 08:44:14,"{""reason"":""policy_cleanup""}"
3303,899,349,deleted,2026-02-25 10:34:12,"{""reason"":""expired""}"
3304,1231,298,deleted,2025-07-04 09:55:45,"{""reason"":""duplicate""}"
3305,1334,258,deleted,2025-10-28 03:27:00,"{""reason"":""duplicate""}"
3306,1120,234,deleted,2025-07-02 09:01:48,"{""reason"":""duplicate""}"
3307,977,180,deleted,2025-08-01 06:31:31,"{""reason"":""policy_cleanup""}"
3308,663,287,deleted,2025-07-10 00:02:50,"{""reason"":""user_requested""}"
3309,907,301,deleted,2025-04-10 00:51:44,"{""reason"":""duplicate""}"
3310,1046,22,deleted,2025-10-24 13:38:49,"{""reason"":""expired""}"
3311,512,194,deleted,2025-07-08 22:08:29,"{""reason"":""expired""}"
3312,592,321,deleted,2025-01-14 07:22:37,"{""reason"":""user_requested""}"
3313,1848,294,deleted,2025-09-06 21:41:30,"{""reason"":""policy_cleanup""}"
3314,1026,224,deleted,2026-01-14 08:09:09,"{""reason"":""duplicate""}"
3315,913,353,deleted,2026-02-17 12:35:13,"{""reason"":""policy_cleanup""}"
3316,851,364,deleted,2025-08-24 00:40:54,"{""reason"":""policy_cleanup""}"
3317,1731,152,deleted,2025-04-18 04:17:17,"{""reason"":""policy_cleanup""}"
3318,1826,5,deleted,2025-07-13 12:36:55,"{""reason"":""user_requested""}"
3319,902,148,deleted,2025-10-09 19:33:51,"{""reason"":""duplicate""}"
3320,159,235,deleted,2025-09-19 22:51:24,"{""reason"":""expired""}"
3321,1968,221,deleted,2025-01-18 10:09:05,"{""reason"":""policy_cleanup""}"
3322,1545,310,deleted,2025-07-14 16:49:00,"{""reason"":""duplicate""}"
3323,319,263,deleted,2025-12-31 06:17:02,"{""reason"":""duplicate""}"
3324,477,92,deleted,2025-10-13 01:34:20,"{""reason"":""user_requested""}"
3325,312,10,deleted,2025-05-17 20:12:20,"{""reason"":""user_requested""}"
3326,1750,284,deleted,2025-07-02 15:05:35,"{""reason"":""user_requested""}"
3327,212,109,deleted,2025-11-22 05:29:14,"{""reason"":""policy_cleanup""}"
3328,612,86,deleted,2025-03-31 19:32:44,"{""reason"":""expired""}"
3329,1294,25,deleted,2025-07-04 21:49:50,"{""reason"":""expired""}"
3330,707,388,deleted,2026-01-25 12:54:39,"{""reason"":""user_requested""}"
3331,498,129,deleted,2025-01-26 18:29:21,"{""reason"":""expired""}"
3332,500,7,deleted,2025-09-14 05:06:37,"{""reason"":""expired""}"
3333,956,119,deleted,2025-09-29 01:47:16,"{""reason"":""policy_cleanup""}"
3334,274,2,deleted,2025-03-21 15:49:55,"{""reason"":""user_requested""}"
3335,1150,248,deleted,2026-01-06 08:40:40,"{""reason"":""user_requested""}"
3336,356,130,deleted,2026-01-16 13:07:44,"{""reason"":""user_requested""}"
3337,1592,237,deleted,2025-10-02 09:23:41,"{""reason"":""duplicate""}"
3338,999,163,deleted,2025-05-19 00:03:45,"{""reason"":""expired""}"
3339,1433,370,deleted,2026-01-15 10:16:46,"{""reason"":""user_requested""}"
3340,1038,215,deleted,2025-03-15 14:35:16,"{""reason"":""policy_cleanup""}"
3341,1749,304,deleted,2025-08-18 07:07:12,"{""reason"":""policy_cleanup""}"
3342,30,29,deleted,2025-01-08 20:53:56,"{""reason"":""duplicate""}"
3343,465,285,deleted,2026-01-09 09:04:35,"{""reason"":""user_requested""}"
3344,172,6,deleted,2025-01-29 06:42:14,"{""reason"":""user_requested""}"
3345,1608,303,deleted,2025-03-01 09:27:42,"{""reason"":""user_requested""}"
3346,1407,118,deleted,2026-01-19 19:18:55,"{""reason"":""duplicate""}"
3347,901,368,deleted,2025-04-27 13:33:04,"{""reason"":""policy_cleanup""}"
3348,136,54,deleted,2025-05-29 19:20:26,"{""reason"":""expired""}"
3349,251,365,deleted,2026-02-04 08:19:31,"{""reason"":""user_requested""}"
3350,1939,331,deleted,2025-06-28 19:23:20,"{""reason"":""user_requested""}"
3351,585,308,deleted,2025-12-06 05:15:27,"{""reason"":""policy_cleanup""}"
3352,1605,245,deleted,2025-06-14 21:59:36,"{""reason"":""user_requested""}"
3353,1047,312,deleted,2026-01-19 03:52:06,"{""reason"":""duplicate""}"
3354,673,275,deleted,2025-09-11 00:10:30,"{""reason"":""expired""}"
3355,1402,214,deleted,2025-09-19 16:49:33,"{""reason"":""user_requested""}"
3356,1623,143,deleted,2025-01-09 03:30:26,"{""reason"":""duplicate""}"
3357,1678,331,deleted,2025-11-24 23:40:50,"{""reason"":""policy_cleanup""}"
3358,200,122,deleted,2025-02-24 19:48:54,"{""reason"":""user_requested""}"
3359,1757,100,deleted,2025-10-12 15:16:22,"{""reason"":""policy_cleanup""}"
3360,359,399,deleted,2025-06-05 06:41:32,"{""reason"":""duplicate""}"
3361,1114,342,deleted,2025-01-10 01:51:45,"{""reason"":""expired""}"
3362,336,344,deleted,2025-10-07 02:48:23,"{""reason"":""user_requested""}"
3363,1397,239,deleted,2025-09-25 13:36:23,"{""reason"":""policy_cleanup""}"
3364,1158,178,deleted,2026-01-13 09:48:36,"{""reason"":""expired""}"
3365,765,133,deleted,2025-04-16 19:33:27,"{""reason"":""user_requested""}"
3366,666,380,deleted,2025-12-29 02:20:42,"{""reason"":""user_requested""}"
3367,1690,400,deleted,2025-05-25 23:54:29,"{""reason"":""user_requested""}"
3368,110,91,deleted,2025-10-19 18:19:23,"{""reason"":""policy_cleanup""}"
3369,778,111,deleted,2025-11-21 15:12:46,"{""reason"":""expired""}"
3370,453,109,deleted,2025-01-11 12:02:09,"{""reason"":""expired""}"
3371,1354,293,deleted,2025-01-13 03:57:34,"{""reason"":""duplicate""}"
3372,996,20,deleted,2025-11-30 22:19:55,"{""reason"":""policy_cleanup""}"
3373,126,379,deleted,2025-02-28 16:30:05,"{""reason"":""duplicate""}"
3374,606,249,deleted,2025-05-26 02:41:31,"{""reason"":""user_requested""}"
3375,1487,231,deleted,2025-07-15 04:54:56,"{""reason"":""expired""}"
3376,1994,345,deleted,2025-07-04 08:20:49,"{""reason"":""policy_cleanup""}"
3377,195,217,deleted,2025-12-26 20:43:55,"{""reason"":""expired""}"
3378,1387,365,deleted,2025-07-16 13:47:34,"{""reason"":""expired""}"
3379,853,380,deleted,2025-11-27 14:00:06,"{""reason"":""duplicate""}"
3380,1061,257,deleted,2025-04-14 16:47:24,"{""reason"":""duplicate""}"
3381,1719,266,deleted,2025-11-10 22:48:25,"{""reason"":""user_requested""}"
3382,782,76,deleted,2025-08-12 19:11:25,"{""reason"":""user_requested""}"
3383,1606,322,deleted,2025-06-22 06:50:43,"{""reason"":""expired""}"
3384,1611,190,deleted,2025-05-21 20:42:30,"{""reason"":""expired""}"
3385,318,24,deleted,2025-01-04 19:32:44,"{""reason"":""expired""}"
3386,670,79,deleted,2025-03-04 02:49:35,"{""reason"":""policy_cleanup""}"
3387,1888,230,deleted,2026-01-23 03:52:09,"{""reason"":""policy_cleanup""}"
3388,776,348,deleted,2025-02-26 00:07:02,"{""reason"":""user_requested""}"
3389,1055,3,deleted,2026-02-11 22:08:56,"{""reason"":""duplicate""}"
3390,1070,216,deleted,2025-10-16 00:15:16,"{""reason"":""policy_cleanup""}"
3391,1056,187,deleted,2025-01-14 02:20:49,"{""reason"":""policy_cleanup""}"
3392,1668,387,deleted,2025-06-01 16:26:14,"{""reason"":""duplicate""}"
3393,440,123,deleted,2025-03-18 21:27:19,"{""reason"":""policy_cleanup""}"
3394,1050,377,deleted,2026-02-09 23:14:31,"{""reason"":""expired""}"
3395,47,9,deleted,2025-02-10 06:37:17,"{""reason"":""duplicate""}"
3396,301,257,deleted,2025-06-28 17:43:03,"{""reason"":""duplicate""}"
3397,1662,200,deleted,2025-10-06 15:06:27,"{""reason"":""user_requested""}"
3398,1331,362,deleted,2025-07-02 23:20:54,"{""reason"":""duplicate""}"
3399,443,97,deleted,2025-08-13 22:50:46,"{""reason"":""expired""}"
3400,224,43,deleted,2025-03-30 01:12:01,"{""reason"":""user_requested""}"
3401,569,26,deleted,2025-10-01 00:23:04,"{""reason"":""duplicate""}"
3402,234,226,deleted,2025-07-07 02:44:58,"{""reason"":""duplicate""}"
3403,1165,297,deleted,2025-03-29 13:05:09,"{""reason"":""policy_cleanup""}"
3404,106,168,deleted,2026-02-06 23:57:51,"{""reason"":""duplicate""}"
3405,1526,350,deleted,2026-02-07 05:53:47,"{""reason"":""expired""}"
3406,372,303,deleted,2025-06-05 04:35:26,"{""reason"":""duplicate""}"
3407,919,30,deleted,2025-12-31 14:10:11,"{""reason"":""duplicate""}"
3408,1302,131,deleted,2025-03-20 11:05:00,"{""reason"":""policy_cleanup""}"
3409,1175,308,deleted,2025-03-16 11:17:54,"{""reason"":""expired""}"
3410,1412,345,deleted,2025-11-07 08:05:09,"{""reason"":""expired""}"
3411,1762,21,deleted,2026-01-12 03:53:13,"{""reason"":""expired""}"
3412,101,209,deleted,2025-12-18 02:59:09,"{""reason"":""duplicate""}"
3413,1122,39,deleted,2025-05-09 21:23:31,"{""reason"":""policy_cleanup""}"
3414,890,323,deleted,2025-01-13 19:54:05,"{""reason"":""expired""}"
3415,484,328,deleted,2025-03-28 05:00:26,"{""reason"":""duplicate""}"
3416,1441,74,deleted,2025-09-06 12:54:55,"{""reason"":""user_requested""}"
3417,235,174,deleted,2025-08-11 06:23:01,"{""reason"":""user_requested""}"
3418,828,323,deleted,2025-02-02 13:56:32,"{""reason"":""expired""}"
3419,911,152,deleted,2025-04-07 23:13:32,"{""reason"":""expired""}"
3420,1365,282,deleted,2025-06-16 12:23:56,"{""reason"":""expired""}"
3421,1002,245,deleted,2025-07-10 15:30:16,"{""reason"":""duplicate""}"
3422,1071,144,deleted,2025-08-06 12:29:52,"{""reason"":""duplicate""}"
