id,user_id,short_code,original_url,title,is_active,created_at,updated_at
1,1,4mya84,https://opswise.net/brisk/trail/1,Status board garden,True,2025-04-03 10:31:24,2025-11-21 20:15:57
2,221,9gP8gk,https://hackstack.io/ivory/canyon/2,Roadmap update canyon,True,2026-01-04 17:29:21,2026-02-20 07:41:47
3,242,QONCnb,https://acme.dev/harbor/harvest/3,Status board yard,True,2026-02-10 02:46:40,2026-02-18 04:50:46
4,17,p0am4w,https://acme.dev/mellow/pioneer/4,Status board delta,True,2025-02-14 18:17:48,2025-11-16 08:02:22
5,47,as2xGi,https://relay.cloud/opal/trail/5,Alert feed island,False,2025-09-07 22:17:44,2025-11-02 14:46:18
6,329,4l7uZZ,https://relay.cloud/ivory/journey/6,Ops review uplink,True,2025-12-04 23:20:39,2026-02-12 01:17:12
7,74,i4EpyE,https://opswise.net/young/meadow/7,Service guide yard,True,2025-07-06 23:28:09,2025-09-24 08:29:32
8,146,KqWdSC,https://opswise.net/urban/meadow/8,Ops review uplink,True,2025-02-28 23:28:23,2025-03-14 09:18:22
9,343,5q2B3H,https://acme.dev/amber/kernel/9,Quarterly brief engine,False,2025-12-19 22:13:40,2026-01-22 07:56:51
10,385,9LNbaL,https://hackstack.io/ivory/zenith/10,Alert feed journey,True,2025-05-07 04:46:11,2025-12-13 00:25:46
11,151,gGw9p7,https://seeded.app/tidy/valley/11,Campaign page uplink,False,2026-01-29 00:21:54,2026-01-30 13:06:11
12,58,xkxb3t,https://acme.dev/proud/engine/12,Launch deck journey,True,2025-02-17 18:39:49,2025-08-18 22:43:01
13,139,AkMH1F,https://relay.cloud/opal/orbit/13,Launch deck valley,True,2026-01-21 22:57:30,2026-01-25 08:14:54
14,13,ZFtLCU,https://relay.cloud/silver/harvest/14,Roadmap update canyon,True,2025-04-10 20:51:33,2025-06-25 06:05:45
15,163,aP9HuJ,https://hackstack.io/keen/garden/15,Incident notes kernel,True,2025-10-12 14:16:00,2025-10-19 11:03:05
16,72,M1W3Id,https://relay.cloud/proud/harvest/16,Roadmap update valley,False,2026-02-19 08:00:41,2026-02-19 09:00:02
17,164,SzcnjD,https://example.com/warm/lagoon/17,Incident notes uplink,True,2025-10-28 20:19:13,2026-02-17 03:26:00
18,118,AKxCSY,https://hackstack.io/navy/trail/18,Status board island,False,2025-10-07 06:35:54,2026-02-18 04:22:23
19,378,Nl3LKH,https://opswise.net/calm/pioneer/19,Alert feed journey,True,2026-02-08 10:28:38,2026-02-20 03:47:33
20,362,BeU2dP,https://acme.dev/cobalt/signal/20,Roadmap update orbit,True,2025-10-13 16:57:58,2025-10-15 02:22:13
21,222,9Zcauj,https://relay.cloud/clear/beacon/21,Service guide river,False,2025-06-25 07:27:24,2025-12-10 20:58:38
22,400,RgWanO,https://seeded.app/dawn/engine/22,Alert feed orbit,True,2026-02-06 19:16:34,2026-02-20 19:44:32
23,37,n6cUqN,https://example.com/tidy/island/23,Service guide delta,True,2025-11-21 06:30:54,2026-01-24 17:20:26
24,53,lUoyro,https://opswise.net/silver/zenith/24,Demo link engine,True,2025-09-22 14:49:55,2026-01-18 11:16:36
25,314,FoDSRx,https://relay.cloud/amber/beacon/25,Demo link meadow,True,2026-02-01 05:28:15,2026-02-11 13:57:15
26,175,vtXSqW,https://opswise.net/harbor/field/26,Campaign page delta,True,2025-11-07 16:03:37,2026-01-19 06:47:52
27,321,y5Kw4w,https://example.com/keen/kernel/27,Status board valley,True,2025-03-01 17:45:22,2025-06-19 19:30:58
28,201,ICR6oB,https://opswise.net/amber/harvest/28,Quarterly brief canyon,True,2025-09-05 03:23:49,2025-10-08 15:44:50
29,302,9eiF8M,https://example.com/lively/zenith/29,Quarterly brief yard,True,2025-09-09 14:27:17,2025-10-24 22:56:18
30,29,A3KYbg,https://hackstack.io/rapid/engine/30,Roadmap update trail,True,2025-12-13 16:40:54,2026-01-18 23:08:09
31,254,bNUCkB,https://relay.cloud/quiet/journey/31,Ops review kernel,False,2026-01-02 02:46:06,2026-02-08 23:57:25
32,50,7Qk5ZB,https://hackstack.io/ember/beacon/32,Alert feed pioneer,True,2025-09-24 03:12:55,2026-01-02 15:51:48
33,214,ZffxCD,https://seeded.app/brisk/canyon/33,Incident notes lagoon,True,2025-02-10 19:28:24,2025-07-27 23:11:33
34,43,zgBs8U,https://hackstack.io/clear/yard/34,Campaign page yard,True,2025-08-23 22:20:20,2025-10-15 04:19:57
35,259,YngPyw,https://hackstack.io/proud/zenith/35,Status board network,True,2025-01-07 00:25:09,2025-11-09 16:09:32
36,110,xKa8dY,https://acme.dev/brisk/lagoon/36,Campaign page pioneer,False,2025-10-23 10:15:05,2025-11-27 23:18:41
37,289,2rs4s1,https://acme.dev/urban/field/37,Demo link zenith,True,2025-11-16 18:04:06,2025-11-18 16:13:23
38,139,h4WhB2,https://example.com/vivid/engine/38,Roadmap update kernel,True,2025-10-21 21:22:52,2026-02-02 11:18:57
39,329,yEflY2,https://relay.cloud/ivory/pioneer/39,Status board lagoon,True,2025-02-17 12:40:40,2025-03-24 09:48:14
40,182,aBIHyk,https://relay.cloud/navy/valley/40,Service guide meadow,True,2025-08-30 10:35:11,2026-02-07 12:51:43
41,317,VN8TG5,https://example.com/rapid/quartz/41,Incident notes delta,True,2025-12-16 08:30:07,2026-01-03 09:59:52
42,38,im8lPc,https://relay.cloud/amber/garden/42,Ops review uplink,True,2025-07-03 03:55:39,2025-10-24 16:51:14
43,283,U1SEqe,https://seeded.app/gold/window/43,Campaign page engine,False,2025-09-18 01:53:56,2025-12-24 23:53:08
44,198,AbpQz5,https://hackstack.io/forest/trail/44,Campaign page trail,False,2025-01-27 19:43:01,2025-02-27 22:18:16
45,143,KR0CK9,https://relay.cloud/jade/field/45,Status board window,True,2025-10-24 00:11:50,2026-02-04 01:00:24
46,161,QAFqW0,https://example.com/jade/meadow/46,Ops review network,True,2025-12-24 17:13:37,2026-01-05 07:40:20
47,9,SmIynA,https://acme.dev/warm/quartz/47,Incident notes lagoon,True,2025-12-13 04:15:04,2026-02-05 20:20:25
48,316,QIc8xC,https://acme.dev/opal/journey/48,Quarterly brief journey,True,2025-07-23 00:04:49,2025-09-03 01:38:30
49,58,yR7NZ7,https://example.com/vivid/canyon/49,Status board pioneer,False,2025-12-13 05:26:55,2026-01-01 14:20:39
50,377,rp1RiW,https://opswise.net/harbor/anchor/50,Incident notes delta,True,2025-03-10 01:47:27,2026-02-20 22:00:15
51,136,PfvGGD,https://acme.dev/urban/garden/51,Demo link river,True,2025-10-19 16:27:51,2026-02-14 11:29:14
52,76,P7Sibw,https://opswise.net/quiet/island/52,Quarterly brief journey,True,2025-02-14 13:41:48,2025-12-01 03:37:58
53,360,uQlPTm,https://acme.dev/urban/lagoon/53,Incident notes field,True,2025-03-25 19:10:29,2025-07-17 18:31:17
54,156,p4QKSj,https://seeded.app/gold/island/54,Alert feed harvest,True,2025-09-05 03:04:51,2025-12-19 08:20:02
55,95,kyiDDO,https://example.com/harbor/kernel/55,Incident notes beacon,False,2026-01-21 21:50:20,2026-02-16 05:50:05
56,169,hj93Ze,https://opswise.net/gold/field/56,Service guide orbit,True,2025-06-02 22:01:04,2025-10-05 01:18:14
57,122,PJocuA,https://opswise.net/tidy/zenith/57,Campaign page journey,True,2025-05-16 02:06:54,2025-07-11 15:00:23
58,244,xLCre9,https://seeded.app/brisk/network/58,Alert feed uplink,True,2025-08-16 05:22:05,2025-08-23 03:16:11
59,148,rTUhLe,https://example.com/cobalt/island/59,Service guide anchor,True,2025-11-28 18:41:38,2025-12-27 07:46:03
60,252,sp3qZp,https://acme.dev/mellow/river/60,Roadmap update engine,True,2025-08-06 23:16:54,2026-02-19 22:04:56
61,280,NtOymg,https://hackstack.io/gold/beacon/61,Ops review signal,True,2025-10-02 05:57:05,2026-01-29 17:01:29
62,138,3JfrHK,https://seeded.app/cobalt/pioneer/62,Incident notes meadow,True,2025-11-27 13:13:33,2025-12-16 19:43:10
63,280,eWnyeN,https://acme.dev/clear/engine/63,Status board pioneer,True,2026-01-31 11:45:50,2026-02-20 09:28:26
64,115,Om8uS3,https://hackstack.io/brisk/uplink/64,Campaign page beacon,True,2025-03-14 19:39:20,2025-08-18 16:15:07
65,214,tWd1rn,https://example.com/clear/meadow/65,Service guide engine,True,2025-08-16 02:40:20,2025-11-20 19:56:20
66,109,myKK5H,https://relay.cloud/opal/island/66,Incident notes beacon,False,2025-08-31 20:50:32,2025-12-08 05:01:08
67,190,cQJjSx,https://relay.cloud/cobalt/valley/67,Launch deck network,False,2025-12-31 15:27:02,2026-02-05 07:53:40
68,67,mdHfh6,https://hackstack.io/quiet/delta/68,Campaign page journey,False,2025-07-31 04:40:33,2025-11-06 12:31:01
69,345,jzhss0,https://hackstack.io/forest/yard/69,Demo link beacon,False,2026-01-21 03:58:54,2026-02-18 23:05:38
70,316,FbVoH4,https://seeded.app/harbor/anchor/70,Service guide valley,True,2025-12-24 12:43:06,2026-01-06 05:26:16
71,238,I0ZB0K,https://example.com/rapid/beacon/71,Campaign page zenith,True,2025-08-29 17:38:45,2026-02-14 01:46:40
72,96,v7shhO,https://opswise.net/navy/lagoon/72,Service guide orbit,True,2025-01-23 23:07:26,2025-07-02 21:58:58
73,326,HKb8Yb,https://example.com/cobalt/kernel/73,Alert feed window,True,2026-02-18 07:40:00,2026-02-20 05:59:52
74,34,1LscG9,https://relay.cloud/urban/engine/74,Demo link garden,True,2025-05-05 05:40:18,2025-08-08 21:58:38
75,288,9PCtct,https://seeded.app/ivory/lagoon/75,Alert feed valley,True,2025-01-11 04:52:43,2025-08-31 10:03:40
76,24,tO586E,https://hackstack.io/harbor/lagoon/76,Ops review journey,False,2025-01-13 11:21:29,2025-09-17 21:36:25
77,191,sTcVCI,https://relay.cloud/brisk/journey/77,Ops review meadow,True,2025-03-27 03:16:14,2025-08-16 09:48:09
78,79,74hcnB,https://opswise.net/forest/signal/78,Quarterly brief lagoon,True,2025-07-14 07:50:22,2025-08-03 14:54:36
79,271,LpZtB5,https://seeded.app/cobalt/engine/79,Incident notes valley,True,2025-12-09 17:13:38,2025-12-30 05:04:52
80,167,QEh79V,https://opswise.net/amber/valley/80,Status board trail,True,2026-01-22 05:50:03,2026-01-30 00:48:02
81,350,gn2lSy,https://example.com/silver/garden/81,Alert feed yard,True,2025-02-22 02:54:02,2026-01-02 08:56:36
82,182,lpMtP0,https://hackstack.io/clear/pioneer/82,Alert feed uplink,True,2025-07-20 19:29:14,2025-11-19 09:37:41
83,30,Bz0crO,https://example.com/rapid/kernel/83,Campaign page kernel,True,2025-07-24 00:42:50,2025-10-21 18:24:23
84,265,FdtOc9,https://relay.cloud/calm/kernel/84,Alert feed anchor,True,2025-02-01 14:16:20,2025-09-15 22:24:22
85,116,O0JPgk,https://hackstack.io/jade/field/85,Roadmap update yard,True,2026-02-01 10:18:32,2026-02-03 05:05:06
86,83,HI3mEq,https://example.com/harbor/river/86,Ops review river,True,2025-09-02 15:55:22,2025-10-15 20:08:44
87,117,Gjyo1m,https://hackstack.io/vivid/trail/87,Incident notes engine,True,2026-01-24 08:04:09,2026-02-17 04:43:56
88,250,5R1Q5C,https://acme.dev/urban/canyon/88,Ops review valley,True,2025-12-09 00:51:04,2026-02-07 21:10:48
89,17,gbgR70,https://opswise.net/mellow/river/89,Status board anchor,True,2025-03-08 08:31:29,2025-10-01 09:40:21
90,153,yA4zlb,https://example.com/vivid/anchor/90,Incident notes signal,True,2025-01-15 23:15:34,2025-04-12 02:12:06
91,67,9YKT1V,https://seeded.app/quiet/canyon/91,Ops review orbit,True,2025-05-29 00:21:33,2025-08-15 10:09:04
92,50,Er57vF,https://relay.cloud/gold/garden/92,Quarterly brief harvest,True,2025-11-29 02:48:54,2026-01-13 05:42:32
93,44,5u1Uu6,https://example.com/urban/signal/93,Demo link engine,True,2025-03-22 02:24:22,2025-06-08 05:36:45
94,20,FRIPGc,https://relay.cloud/navy/trail/94,Alert feed meadow,True,2026-01-12 07:46:14,2026-01-28 15:01:34
95,294,VjjWf9,https://opswise.net/warm/meadow/95,Campaign page field,True,2025-06-29 07:34:13,2025-09-05 09:49:10
96,310,VIFCC9,https://hackstack.io/mellow/trail/96,Roadmap update journey,False,2025-02-08 22:42:39,2025-08-01 21:10:38
97,381,epkcB5,https://relay.cloud/navy/garden/97,Campaign page window,True,2025-09-22 07:43:02,2026-01-28 12:15:00
98,358,FWulfA,https://hackstack.io/warm/kernel/98,Demo link network,True,2025-01-18 01:24:53,2025-11-30 11:43:15
99,367,N7ZTDs,https://seeded.app/quiet/pioneer/99,Campaign page network,True,2025-07-22 18:20:23,2025-10-01 20:55:42
100,105,14dRaH,https://acme.dev/young/meadow/100,Demo link valley,False,2025-12-23 07:25:36,2026-01-28 18:51:32
101,209,53sogH,https://seeded.app/rapid/anchor/101,Alert feed trail,True,2025-07-31 03:02:05,2025-12-12 08:43:14
102,394,GnlxLy,https://hackstack.io/dawn/signal/102,Status board lagoon,True,2025-03-15 08:59:21,2026-02-19 06:23:45
103,321,qEzgcN,https://opswise.net/young/meadow/103,Ops review trail,True,2026-01-19 09:21:32,2026-01-19 12:00:21
104,177,EtLfkk,https://opswise.net/cobalt/uplink/104,Status board anchor,True,2026-01-26 09:18:59,2026-02-16 16:17:54
105,36,SL5Ewj,https://opswise.net/warm/yard/105,Service guide network,True,2026-01-19 04:00:59,2026-02-08 16:17:37
106,168,Gxhp8A,https://relay.cloud/vivid/zenith/106,Incident notes garden,True,2026-02-19 21:03:11,2026-02-20 12:48:41
107,221,UuVdny,https://seeded.app/navy/quartz/107,Quarterly brief journey,True,2025-02-27 07:19:18,2025-06-15 16:28:59
108,387,BfzspD,https://relay.cloud/navy/river/108,Ops review valley,False,2025-08-16 19:56:10,2025-08-29 06:16:13
109,369,jO9RtF,https://relay.cloud/tidy/meadow/109,Demo link delta,True,2025-02-16 13:54:20,2025-03-25 08:35:56
110,91,dDt5PW,https://relay.cloud/rapid/uplink/110,Launch deck uplink,False,2025-03-06 15:13:01,2025-03-29 03:12:21
111,276,LkFZLA,https://opswise.net/gold/delta/111,Alert feed harvest,True,2025-08-30 12:54:12,2025-09-30 05:14:31
112,317,TfK6w6,https://opswise.net/urban/beacon/112,Campaign page valley,True,2025-08-08 13:57:19,2025-11-16 09:18:43
113,221,TipOHJ,https://example.com/lively/pioneer/113,Launch deck lagoon,True,2025-12-13 17:39:40,2026-01-10 12:12:07
114,189,s3CfXt,https://relay.cloud/vivid/lagoon/114,Status board engine,True,2025-06-10 21:02:56,2025-06-26 12:28:55
115,116,kAhY3H,https://opswise.net/calm/river/115,Quarterly brief pioneer,True,2025-09-04 20:27:53,2026-02-13 06:32:41
116,184,Pb3rBX,https://relay.cloud/urban/pioneer/116,Incident notes island,True,2025-06-25 18:12:55,2025-09-10 12:45:18
117,26,ehEc4W,https://relay.cloud/young/orbit/117,Status board island,True,2026-02-10 07:49:34,2026-02-15 21:02:03
118,254,vIhNk1,https://seeded.app/opal/harvest/118,Incident notes harvest,True,2025-10-02 23:25:51,2026-02-04 19:33:22
119,346,jofB5N,https://relay.cloud/brisk/meadow/119,Ops review lagoon,False,2026-02-20 03:25:32,2026-02-20 08:15:57
120,60,0BlSfO,https://relay.cloud/navy/beacon/120,Service guide anchor,True,2025-12-28 18:09:58,2026-01-29 13:40:03
121,44,eOE3Pa,https://relay.cloud/rapid/orbit/121,Service guide orbit,False,2026-01-03 17:21:54,2026-01-31 08:33:55
122,56,mnDIQV,https://opswise.net/cobalt/signal/122,Alert feed engine,True,2025-09-04 14:17:50,2025-12-03 06:18:48
123,295,W62RGg,https://seeded.app/amber/window/123,Incident notes valley,True,2025-08-09 22:41:28,2026-02-20 21:04:19
124,184,XrlqwA,https://seeded.app/brisk/journey/124,Launch deck anchor,True,2025-09-27 08:36:16,2026-01-25 10:01:35
125,290,kGJg1H,https://seeded.app/lively/zenith/125,Service guide yard,True,2025-08-26 13:49:23,2026-02-05 22:42:29
126,379,OPP9UN,https://opswise.net/forest/anchor/126,Demo link field,False,2025-08-26 15:20:59,2025-08-26 21:47:52
127,174,ldENb1,https://opswise.net/jade/zenith/127,Ops review signal,True,2025-10-30 14:09:13,2026-02-16 16:35:13
128,337,SwLeoR,https://hackstack.io/navy/lagoon/128,Alert feed signal,True,2025-06-22 04:48:38,2025-09-29 23:03:35
129,366,CdZ4fr,https://relay.cloud/forest/valley/129,Ops review pioneer,True,2025-12-26 16:21:26,2026-01-01 18:35:45
130,73,Mh6LyJ,https://relay.cloud/vivid/river/130,Status board trail,False,2025-09-27 12:51:56,2026-01-22 23:56:44
131,97,JnrcKz,https://example.com/quiet/lagoon/131,Quarterly brief beacon,True,2025-12-31 17:25:18,2026-01-28 15:57:50
132,170,Y04sFC,https://example.com/cobalt/lagoon/132,Demo link uplink,True,2025-04-11 11:09:30,2025-07-19 00:27:22
133,172,0nM8TU,https://seeded.app/young/delta/133,Status board engine,True,2025-11-23 11:49:59,2025-12-17 04:19:32
134,269,mWQnNz,https://hackstack.io/jade/journey/134,Ops review island,True,2025-09-24 11:48:44,2025-10-14 01:29:24
135,84,t6X4aK,https://relay.cloud/harbor/valley/135,Campaign page journey,True,2026-02-18 01:02:11,2026-02-18 17:54:45
136,54,3y5Zgo,https://seeded.app/calm/kernel/136,Launch deck window,True,2025-06-09 12:41:57,2025-08-13 02:20:32
137,159,UDGqdU,https://opswise.net/calm/anchor/137,Roadmap update window,True,2025-05-15 13:22:09,2025-10-06 03:00:08
138,263,xFPYpa,https://opswise.net/warm/harvest/138,Demo link yard,False,2025-07-04 02:56:54,2025-09-23 08:26:56
139,359,jqI2bS,https://example.com/navy/beacon/139,Launch deck field,True,2025-08-17 21:48:46,2025-09-09 08:41:58
140,374,75A0Lm,https://seeded.app/mellow/pioneer/140,Incident notes window,True,2025-07-01 03:37:25,2025-11-29 00:53:01
141,266,vQHpVX,https://seeded.app/ivory/signal/141,Ops review beacon,False,2025-03-20 15:29:45,2025-10-06 17:27:18
142,247,eAYwg0,https://example.com/harbor/meadow/142,Demo link pioneer,True,2026-01-10 02:01:41,2026-01-26 14:05:32
143,275,58a1AK,https://acme.dev/gold/window/143,Campaign page harvest,False,2025-08-05 19:39:53,2025-09-02 21:09:06
144,355,4H3H18,https://relay.cloud/keen/meadow/144,Service guide island,True,2025-11-29 04:46:15,2026-01-19 19:49:45
145,163,fDThNI,https://opswise.net/ivory/harvest/145,Incident notes journey,False,2025-06-27 05:44:53,2025-07-18 22:22:34
146,244,CDGeHz,https://example.com/silver/beacon/146,Campaign page network,False,2025-03-31 14:06:00,2025-04-28 13:07:37
147,347,qf2uzg,https://hackstack.io/mellow/field/147,Demo link engine,True,2025-02-22 12:48:37,2025-04-24 16:57:42
148,233,HczDiK,https://opswise.net/opal/yard/148,Campaign page pioneer,False,2025-09-28 12:09:20,2025-11-16 21:10:57
149,177,n1VLTa,https://acme.dev/ember/journey/149,Alert feed journey,True,2025-04-05 06:56:18,2025-12-09 13:35:19
150,280,2K4BXC,https://seeded.app/ember/orbit/150,Alert feed orbit,True,2025-05-07 01:19:45,2025-07-21 12:01:20
151,254,UDz2dp,https://seeded.app/warm/meadow/151,Demo link valley,True,2025-08-28 15:42:53,2025-11-14 17:07:01
152,84,2g0SkM,https://acme.dev/rapid/field/152,Quarterly brief trail,True,2025-11-05 23:04:55,2026-02-20 09:40:51
153,256,Xtuu2N,https://seeded.app/proud/delta/153,Service guide engine,True,2025-09-29 10:12:45,2025-10-07 22:24:34
154,109,kJPwdK,https://acme.dev/quiet/network/154,Roadmap update engine,True,2025-08-09 14:30:06,2025-10-01 13:08:39
155,258,q3RQrF,https://acme.dev/calm/delta/155,Service guide signal,True,2025-08-13 08:58:09,2026-02-03 06:45:06
156,319,qCYaIo,https://acme.dev/keen/orbit/156,Ops review field,True,2025-02-24 08:25:31,2026-01-13 01:27:53
157,222,ttfhV5,https://relay.cloud/brisk/canyon/157,Roadmap update yard,True,2025-03-08 02:29:51,2025-05-16 15:40:02
158,57,JhGE1K,https://acme.dev/warm/yard/158,Service guide uplink,True,2025-02-03 10:41:43,2025-03-19 13:52:05
159,235,I2Cqxu,https://example.com/rapid/kernel/159,Status board kernel,True,2025-12-28 13:04:21,2026-01-31 04:48:38
160,47,1KOy6J,https://opswise.net/ivory/pioneer/160,Service guide beacon,True,2025-07-01 04:19:42,2026-01-09 20:03:37
161,210,Sydmsh,https://acme.dev/clear/beacon/161,Ops review meadow,True,2025-08-30 07:01:43,2025-10-03 11:54:28
162,246,4cUgbo,https://acme.dev/vivid/field/162,Incident notes engine,True,2025-04-01 04:24:40,2025-11-23 06:45:19
163,345,PYIf2w,https://opswise.net/ember/quartz/163,Status board journey,True,2025-07-17 15:36:16,2025-11-21 21:39:17
164,194,YHC2vZ,https://relay.cloud/silver/island/164,Alert feed river,True,2025-06-17 22:02:53,2026-01-19 06:18:47
165,279,mq6FBg,https://seeded.app/jade/orbit/165,Alert feed canyon,True,2025-09-04 18:16:35,2025-11-24 22:28:14
166,152,6gVUnF,https://example.com/calm/valley/166,Service guide meadow,True,2025-01-17 04:38:30,2025-07-30 14:23:33
167,54,2qFXX6,https://relay.cloud/lively/orbit/167,Status board canyon,False,2025-08-06 16:08:15,2026-01-18 16:17:21
168,61,vS2BIT,https://opswise.net/silver/lagoon/168,Incident notes river,False,2026-01-18 21:15:59,2026-01-24 22:03:55
169,106,MnHaGV,https://relay.cloud/vivid/field/169,Service guide river,False,2025-07-17 00:59:16,2025-11-19 14:44:54
170,365,RBzRbS,https://example.com/ivory/zenith/170,Quarterly brief pioneer,True,2025-05-15 09:20:32,2025-10-16 20:23:10
171,42,S4xWD5,https://relay.cloud/ivory/lagoon/171,Status board harvest,True,2025-04-25 00:46:24,2025-06-27 05:57:26
172,6,ROQxT7,https://acme.dev/mellow/garden/172,Incident notes lagoon,False,2025-10-31 16:30:00,2025-12-22 14:58:32
173,329,JqBLTT,https://relay.cloud/proud/signal/173,Launch deck engine,False,2025-08-28 09:22:47,2025-10-23 21:41:57
174,22,X3Sbyw,https://relay.cloud/mellow/network/174,Launch deck anchor,True,2025-08-22 17:01:49,2025-10-06 17:00:02
175,46,7vUtIf,https://acme.dev/jade/signal/175,Ops review signal,True,2025-10-14 01:00:21,2025-11-02 10:58:53
176,105,Oe6Ha3,https://example.com/silver/valley/176,Status board quartz,True,2025-04-19 20:19:16,2025-05-11 15:33:51
177,202,6tYQ2M,https://seeded.app/jade/orbit/177,Campaign page zenith,False,2025-04-21 05:20:00,2025-11-05 12:50:17
178,254,E9uMXK,https://relay.cloud/tidy/kernel/178,Status board journey,True,2025-03-11 05:06:39,2025-07-23 06:01:43
179,221,FSkRTC,https://seeded.app/urban/kernel/179,Status board uplink,True,2025-06-15 17:01:10,2025-10-28 12:49:52
180,85,8ZAqdm,https://relay.cloud/opal/harvest/180,Service guide orbit,True,2025-03-22 20:40:04,2025-04-14 19:33:49
181,42,KM8pZZ,https://acme.dev/rapid/orbit/181,Incident notes signal,True,2025-04-13 02:58:01,2025-07-09 08:33:59
182,367,dBQCh5,https://relay.cloud/keen/network/182,Quarterly brief yard,True,2025-04-09 06:03:31,2025-12-27 05:39:16
183,362,BbwsXT,https://seeded.app/harbor/orbit/183,Alert feed harvest,True,2025-07-21 21:48:40,2025-09-10 06:30:57
184,357,7D0iJM,https://seeded.app/silver/field/184,Alert feed trail,False,2025-03-15 17:25:25,2025-07-27 09:06:23
185,257,Bmdtgz,https://seeded.app/rapid/valley/185,Quarterly brief window,False,2025-08-22 09:20:09,2025-10-27 19:23:45
186,216,IVUAp4,https://opswise.net/lively/network/186,Alert feed zenith,False,2025-08-03 12:54:46,2025-12-14 02:28:19
187,60,NGM1sJ,https://acme.dev/clear/orbit/187,Launch deck signal,True,2025-01-07 22:27:51,2025-04-06 19:00:02
188,343,NhWpIy,https://hackstack.io/vivid/network/188,Service guide river,True,2026-01-05 05:06:24,2026-02-19 17:13:21
189,76,5zt66O,https://relay.cloud/young/trail/189,Ops review trail,True,2025-02-18 04:29:04,2025-11-06 00:10:12
190,309,UhB3C7,https://relay.cloud/vivid/yard/190,Roadmap update uplink,False,2025-08-28 01:38:03,2025-11-12 08:55:35
191,268,j2mfqI,https://opswise.net/lively/delta/191,Ops review lagoon,True,2025-10-22 14:08:56,2025-11-19 05:02:41
192,351,f86nSx,https://seeded.app/quiet/zenith/192,Status board valley,False,2025-02-22 04:54:25,2025-06-11 10:08:00
193,376,SBL49q,https://relay.cloud/forest/trail/193,Quarterly brief orbit,False,2025-08-07 22:59:09,2025-11-20 02:03:52
194,147,Z3D6xr,https://seeded.app/navy/beacon/194,Service guide pioneer,True,2025-01-24 03:51:38,2025-01-29 07:20:58
195,217,NyDt17,https://opswise.net/navy/island/195,Campaign page canyon,False,2025-11-14 00:52:55,2025-12-07 18:46:29
196,76,h9Lw1Y,https://relay.cloud/ivory/orbit/196,Incident notes quartz,True,2025-10-29 19:21:24,2026-02-15 18:17:57
197,3,OeYOQK,https://seeded.app/navy/meadow/197,Status board lagoon,False,2025-11-25 13:23:02,2025-12-12 13:41:18
198,214,uY68QL,https://opswise.net/mellow/trail/198,Roadmap update trail,True,2025-04-22 19:19:11,2025-10-13 18:35:39
199,4,eD6BIm,https://seeded.app/lively/engine/199,Incident notes zenith,True,2025-10-06 22:18:05,2025-10-15 09:30:14
200,122,MOXWuH,https://relay.cloud/gold/garden/200,Demo link field,True,2026-02-02 16:51:45,2026-02-05 06:13:05
201,338,U1fQUL,https://acme.dev/forest/island/201,Service guide quartz,True,2025-12-07 19:54:40,2026-02-18 19:45:28
202,344,AcDVRd,https://seeded.app/opal/quartz/202,Campaign page island,True,2025-05-06 05:17:25,2025-11-13 09:26:10
203,252,0RWuAU,https://example.com/proud/river/203,Status board yard,True,2025-09-24 21:43:09,2026-01-09 21:24:26
204,85,1f8o34,https://example.com/forest/field/204,Launch deck yard,False,2025-06-02 11:47:54,2025-12-10 11:06:02
205,152,tNU9UO,https://acme.dev/rapid/river/205,Demo link trail,True,2025-01-02 02:35:35,2025-09-24 03:44:14
206,23,t68W24,https://hackstack.io/young/trail/206,Demo link valley,True,2025-09-18 19:21:16,2025-10-29 05:08:19
207,296,bHztyN,https://opswise.net/young/yard/207,Incident notes journey,True,2025-11-22 08:37:10,2025-12-09 09:44:11
208,192,8AOaMo,https://relay.cloud/forest/delta/208,Service guide engine,False,2025-08-22 10:00:03,2025-10-03 09:45:04
209,337,T0ZA5d,https://acme.dev/quiet/yard/209,Campaign page journey,False,2026-02-17 23:50:17,2026-02-20 22:52:38
210,303,ACdCZn,https://seeded.app/gold/journey/210,Service guide anchor,True,2026-01-17 08:53:26,2026-02-04 10:28:43
211,288,r4kmOT,https://example.com/navy/harvest/211,Status board delta,True,2025-12-16 19:34:40,2026-01-04 10:15:31
212,109,mCwujQ,https://relay.cloud/forest/anchor/212,Quarterly brief field,True,2025-05-24 01:21:42,2025-12-05 13:11:24
213,283,f61bPk,https://acme.dev/young/network/213,Demo link trail,True,2025-01-08 11:58:18,2025-12-29 18:51:57
214,334,a1hUff,https://hackstack.io/keen/river/214,Roadmap update trail,False,2025-08-09 04:44:50,2026-02-08 11:19:54
215,314,Yws8S4,https://acme.dev/harbor/yard/215,Roadmap update orbit,False,2025-10-22 10:21:18,2026-01-01 20:54:49
216,123,99QhQY,https://opswise.net/clear/pioneer/216,Demo link trail,True,2025-11-25 07:31:01,2025-12-14 17:13:36
217,129,juGcuW,https://relay.cloud/young/canyon/217,Demo link meadow,True,2026-01-10 21:17:04,2026-02-03 12:57:22
218,214,F0qBcf,https://seeded.app/keen/field/218,Incident notes trail,True,2025-12-20 20:37:05,2026-02-19 03:34:03
219,336,jrzNGN,https://acme.dev/mellow/zenith/219,Alert feed harvest,False,2025-01-06 21:27:01,2025-07-28 10:25:03
220,305,S7qGOW,https://hackstack.io/vivid/delta/220,Demo link meadow,True,2025-10-13 14:17:17,2025-11-23 08:17:54
221,296,gX4kDq,https://relay.cloud/young/island/221,Campaign page window,True,2025-10-10 11:09:25,2025-12-21 12:39:50
222,324,PTA1kH,https://hackstack.io/amber/quartz/222,Incident notes pioneer,True,2026-01-09 09:49:21,2026-02-19 13:18:36
223,340,orAbjp,https://opswise.net/navy/signal/223,Demo link journey,True,2026-01-09 08:09:13,2026-02-04 23:06:05
224,43,JSpSHy,https://hackstack.io/ember/uplink/224,Campaign page garden,True,2025-07-28 00:55:34,2025-10-23 14:35:34
225,244,y0iRac,https://opswise.net/quiet/pioneer/225,Demo link uplink,False,2026-01-15 02:04:01,2026-02-02 00:26:37
226,176,XTpHof,https://seeded.app/keen/kernel/226,Roadmap update river,True,2025-07-03 19:17:53,2025-12-29 13:44:31
227,84,j2K10h,https://acme.dev/rapid/engine/227,Incident notes meadow,True,2025-09-04 09:48:57,2025-11-08 06:17:24
228,175,b9Mw9D,https://hackstack.io/rapid/kernel/228,Ops review beacon,False,2025-07-05 18:31:53,2026-01-11 19:24:47
229,241,oYd17W,https://opswise.net/navy/journey/229,Quarterly brief canyon,True,2025-01-31 21:48:15,2025-07-28 08:34:20
230,160,v8mFvd,https://acme.dev/rapid/harvest/230,Quarterly brief journey,True,2025-03-23 20:39:58,2026-01-27 20:07:40
231,96,rIxtbi,https://hackstack.io/mellow/lagoon/231,Campaign page orbit,True,2025-11-13 01:40:37,2026-02-05 07:44:58
232,379,GJVYQE,https://example.com/mellow/meadow/232,Quarterly brief delta,True,2025-10-07 17:23:26,2025-10-21 05:32:47
233,271,LpCZgM,https://opswise.net/opal/pioneer/233,Demo link delta,True,2025-11-03 13:29:14,2025-11-17 16:45:33
234,226,4c6Lzx,https://relay.cloud/navy/kernel/234,Campaign page beacon,True,2025-09-28 18:23:18,2025-10-16 06:28:20
235,174,Qwxlyf,https://hackstack.io/forest/harvest/235,Service guide island,True,2026-01-23 14:30:14,2026-01-30 14:20:51
236,273,GMLOhH,https://opswise.net/ember/anchor/236,Demo link uplink,True,2025-05-15 07:01:28,2025-08-15 21:36:41
237,17,sbKDJb,https://relay.cloud/cobalt/canyon/237,Status board meadow,True,2025-11-08 13:01:56,2026-01-27 16:14:48
238,133,BeelIi,https://hackstack.io/urban/network/238,Incident notes meadow,True,2025-01-28 22:01:47,2025-12-18 05:46:18
239,306,irC3DZ,https://hackstack.io/forest/journey/239,Quarterly brief meadow,True,2025-06-19 10:01:02,2025-11-23 10:39:14
240,292,x9fdyY,https://relay.cloud/forest/zenith/240,Service guide meadow,True,2025-05-18 05:42:03,2026-01-14 18:27:47
241,135,BmfA3J,https://acme.dev/keen/yard/241,Launch deck signal,True,2025-09-17 03:32:42,2025-12-07 00:27:33
242,348,Ung3oA,https://hackstack.io/ivory/anchor/242,Demo link trail,True,2025-10-19 08:45:20,2025-12-15 15:40:04
243,37,ZDCtQG,https://opswise.net/forest/signal/243,Alert feed delta,True,2026-01-08 14:52:41,2026-02-12 01:58:12
244,214,JqqdFV,https://relay.cloud/amber/river/244,Demo link meadow,False,2026-02-08 00:05:40,2026-02-10 02:39:38
245,130,fJdQcd,https://seeded.app/clear/journey/245,Service guide garden,True,2025-06-02 08:14:33,2025-10-07 17:20:35
246,116,ERBNXa,https://acme.dev/gold/river/246,Alert feed zenith,False,2025-01-24 06:11:39,2025-07-12 20:50:03
247,108,yre1UF,https://opswise.net/clear/valley/247,Quarterly brief zenith,True,2025-07-02 04:24:03,2025-12-24 15:41:28
248,145,LdXFqY,https://hackstack.io/gold/yard/248,Service guide quartz,True,2025-04-29 21:27:41,2025-07-01 13:19:52
249,29,goDXG8,https://seeded.app/lively/zenith/249,Campaign page canyon,True,2025-04-08 11:25:46,2025-07-17 14:59:19
250,56,wsBniT,https://relay.cloud/harbor/uplink/250,Status board island,True,2025-05-06 20:41:09,2025-06-06 09:03:01
251,365,pR6leR,https://opswise.net/navy/field/251,Roadmap update valley,True,2025-05-16 14:43:36,2025-12-19 08:54:36
252,59,hbO6q7,https://example.com/ember/journey/252,Campaign page journey,True,2025-03-16 16:43:05,2025-08-13 21:07:29
253,57,keIXAm,https://opswise.net/quiet/valley/253,Quarterly brief orbit,True,2025-06-10 13:02:38,2025-06-13 10:14:30
254,365,sR6AB1,https://seeded.app/jade/harvest/254,Service guide canyon,True,2025-05-28 15:07:02,2025-11-12 13:33:25
255,61,0tfg7E,https://relay.cloud/tidy/window/255,Incident notes yard,True,2026-02-02 13:17:39,2026-02-17 14:19:42
256,380,skLlaT,https://seeded.app/lively/uplink/256,Campaign page yard,True,2025-11-23 16:54:31,2026-01-27 02:46:42
257,159,aknBBw,https://acme.dev/cobalt/yard/257,Status board meadow,True,2025-04-11 10:59:16,2025-06-13 08:28:26
258,132,OqGMa8,https://hackstack.io/quiet/window/258,Alert feed zenith,True,2025-02-28 09:43:14,2025-06-19 13:40:00
259,281,WPYldy,https://relay.cloud/harbor/valley/259,Roadmap update orbit,True,2025-05-01 03:08:26,2025-07-30 07:34:35
260,215,m4ygik,https://hackstack.io/ivory/orbit/260,Ops review anchor,False,2025-08-16 01:38:51,2025-09-17 10:53:02
261,94,SEarA1,https://opswise.net/calm/kernel/261,Status board harvest,False,2025-03-23 22:57:17,2025-08-03 11:06:27
262,42,hGFmmx,https://hackstack.io/lively/delta/262,Roadmap update kernel,True,2025-02-03 17:48:34,2025-07-27 14:41:21
263,21,ausQPN,https://acme.dev/keen/uplink/263,Demo link trail,True,2025-01-09 15:48:09,2025-02-22 12:23:17
264,175,b4YmwI,https://relay.cloud/ivory/signal/264,Service guide garden,True,2026-02-12 17:27:50,2026-02-18 19:47:03
265,221,JWhYuo,https://relay.cloud/young/island/265,Service guide field,True,2025-11-11 05:08:17,2026-02-07 09:23:25
266,50,To3Qpj,https://example.com/brisk/island/266,Campaign page network,True,2026-02-17 13:21:24,2026-02-18 04:19:22
267,138,HXoKe0,https://seeded.app/cobalt/valley/267,Incident notes network,True,2025-12-03 04:19:18,2025-12-19 22:38:51
268,72,dTfOBb,https://seeded.app/young/meadow/268,Demo link engine,True,2025-02-20 18:00:43,2026-02-10 18:39:07
269,397,S5mBqo,https://relay.cloud/urban/field/269,Ops review yard,True,2026-01-19 23:28:54,2026-01-29 01:43:01
270,45,WETU7H,https://acme.dev/amber/yard/270,Alert feed orbit,True,2025-11-15 00:54:45,2025-12-08 22:57:14
271,43,nLObto,https://relay.cloud/mellow/journey/271,Demo link field,True,2025-01-06 11:20:25,2025-08-04 16:22:49
272,365,vpxPjE,https://relay.cloud/amber/zenith/272,Incident notes canyon,True,2025-02-14 07:26:44,2025-11-26 19:30:47
273,167,6qzOL3,https://hackstack.io/ember/uplink/273,Roadmap update network,True,2025-11-14 15:16:46,2025-12-31 11:57:52
274,2,ikMycu,https://hackstack.io/harbor/island/274,Campaign page lagoon,True,2025-01-18 20:40:33,2025-12-05 03:21:53
275,276,SKvfVn,https://example.com/calm/quartz/275,Campaign page delta,True,2025-07-08 05:59:59,2025-09-05 21:55:39
276,206,SVB5e0,https://relay.cloud/rapid/field/276,Status board delta,True,2025-12-11 17:55:54,2026-01-23 18:07:22
277,371,6WdkP1,https://seeded.app/gold/valley/277,Quarterly brief kernel,False,2026-02-09 01:36:55,2026-02-15 04:55:51
278,36,8jyoBn,https://relay.cloud/dawn/quartz/278,Campaign page yard,False,2025-07-13 05:07:37,2025-09-14 01:10:26
279,83,g2ches,https://seeded.app/ember/trail/279,Ops review journey,True,2025-01-20 12:55:25,2025-02-01 12:57:07
280,387,3wsqSl,https://opswise.net/dawn/network/280,Ops review quartz,True,2025-09-03 00:42:38,2026-01-05 13:18:34
281,377,UfRVSD,https://acme.dev/jade/lagoon/281,Incident notes delta,True,2026-02-11 08:13:10,2026-02-11 11:29:19
282,259,CTd3QT,https://acme.dev/ember/yard/282,Roadmap update beacon,True,2025-03-06 12:13:00,2025-08-19 22:06:57
283,160,97jhCT,https://opswise.net/lively/orbit/283,Ops review canyon,False,2025-06-25 09:20:48,2025-08-13 23:37:37
284,89,rFJMQP,https://relay.cloud/lively/trail/284,Status board zenith,True,2026-01-07 21:50:15,2026-02-11 16:48:58
285,192,Fd0NtW,https://example.com/silver/window/285,Roadmap update delta,False,2025-07-05 04:24:26,2026-01-05 21:40:18
286,111,1VMsa2,https://example.com/warm/trail/286,Demo link window,True,2025-12-01 07:08:34,2026-01-27 19:38:43
287,377,0m31Dj,https://example.com/keen/yard/287,Status board beacon,True,2025-01-14 09:57:00,2025-11-30 05:56:03
288,14,vwBE59,https://acme.dev/clear/network/288,Quarterly brief beacon,True,2025-03-17 08:36:18,2025-05-17 01:10:08
289,359,HMVX8k,https://seeded.app/quiet/network/289,Alert feed meadow,True,2025-04-26 18:18:13,2025-06-08 12:27:45
290,217,pL0S97,https://acme.dev/mellow/meadow/290,Campaign page orbit,False,2025-04-07 18:36:45,2025-12-18 13:54:35
291,124,BXFqpu,https://acme.dev/ivory/delta/291,Roadmap update lagoon,True,2025-07-23 21:03:07,2025-12-13 10:02:35
292,21,UjBiuA,https://seeded.app/brisk/orbit/292,Ops review delta,True,2025-11-19 21:00:10,2025-12-31 23:00:22
293,125,m0lwkK,https://seeded.app/navy/lagoon/293,Status board signal,True,2025-10-20 18:49:27,2025-11-17 16:25:35
294,41,uCHCBs,https://hackstack.io/clear/window/294,Launch deck anchor,True,2026-01-07 13:02:24,2026-01-14 22:03:28
295,366,FlplsO,https://example.com/navy/canyon/295,Alert feed beacon,True,2025-01-14 17:36:46,2026-02-16 14:32:17
296,279,q4glHT,https://opswise.net/brisk/uplink/296,Quarterly brief zenith,True,2025-03-19 18:30:23,2025-06-01 11:22:39
297,45,CD9lAS,https://opswise.net/warm/canyon/297,Alert feed kernel,True,2025-01-19 06:28:18,2025-11-09 15:53:31
298,184,Z8cBs6,https://acme.dev/vivid/meadow/298,Quarterly brief pioneer,True,2025-11-21 06:47:54,2025-11-25 23:21:28
299,19,QXooJR,https://acme.dev/lively/garden/299,Quarterly brief network,True,2025-03-08 02:17:25,2025-09-22 03:41:45
300,246,ylYluH,https://relay.cloud/dawn/kernel/300,Campaign page quartz,True,2025-02-23 20:00:07,2025-03-30 11:28:48
301,257,KadIFM,https://seeded.app/rapid/journey/301,Alert feed quartz,False,2025-07-01 13:51:44,2025-07-23 20:30:26
302,70,zI7HgM,https://relay.cloud/cobalt/beacon/302,Service guide journey,False,2025-03-10 13:11:38,2025-09-06 15:36:41
303,256,vlB0L6,https://acme.dev/navy/network/303,Quarterly brief orbit,True,2025-05-15 01:09:18,2025-07-03 16:45:13
304,384,PF6Scs,https://acme.dev/jade/lagoon/304,Launch deck anchor,True,2025-08-02 06:45:41,2025-08-18 04:35:41
305,252,g7Tira,https://acme.dev/keen/window/305,Incident notes window,True,2025-04-14 00:48:43,2025-12-14 11:18:04
306,299,T8MX9G,https://seeded.app/navy/kernel/306,Alert feed trail,True,2026-02-10 09:29:29,2026-02-16 05:51:53
307,22,vViuex,https://hackstack.io/ivory/engine/307,Service guide window,True,2025-10-10 03:05:14,2026-02-16 11:20:36
308,107,GkpuIG,https://opswise.net/mellow/network/308,Launch deck beacon,True,2025-07-07 23:54:12,2025-07-12 09:12:41
309,317,2v6FMg,https://opswise.net/tidy/meadow/309,Alert feed journey,True,2025-11-17 16:56:57,2026-02-13 15:09:24
310,117,UgXug9,https://example.com/rapid/trail/310,Demo link valley,False,2025-03-12 20:24:57,2025-11-12 06:19:41
311,245,ThMuu9,https://acme.dev/navy/engine/311,Demo link signal,True,2026-01-08 06:17:23,2026-01-09 20:04:03
312,10,DsLOED,https://opswise.net/quiet/signal/312,Service guide network,True,2026-02-06 22:13:06,2026-02-20 01:34:43
313,138,wpzkjK,https://hackstack.io/jade/orbit/313,Incident notes quartz,True,2025-02-11 06:56:34,2025-10-27 13:24:54
314,338,IRf2jZ,https://opswise.net/warm/pioneer/314,Incident notes beacon,True,2025-06-10 05:56:12,2025-07-23 20:05:55
315,17,cZfPz0,https://relay.cloud/calm/anchor/315,Demo link beacon,False,2025-07-20 16:41:51,2025-08-24 18:59:38
316,191,Ws75Ne,https://opswise.net/urban/trail/316,Status board uplink,True,2025-09-16 10:32:19,2025-10-05 14:21:26
317,221,pv0RQ9,https://relay.cloud/harbor/pioneer/317,Demo link field,True,2025-01-02 11:10:12,2025-02-28 14:27:07
318,24,JPBFtl,https://hackstack.io/amber/signal/318,Ops review delta,True,2025-03-27 01:41:03,2025-05-22 09:40:06
319,263,0nCq9w,https://hackstack.io/cobalt/meadow/319,Status board meadow,True,2026-02-10 12:57:10,2026-02-16 04:02:59
320,274,RuyYf3,https://opswise.net/mellow/pioneer/320,Alert feed yard,True,2025-12-30 14:08:17,2026-02-02 10:36:25
321,238,KenlJL,https://relay.cloud/vivid/canyon/321,Status board kernel,False,2025-11-03 18:28:10,2025-11-23 02:49:10
322,8,gWDBVR,https://acme.dev/silver/kernel/322,Incident notes zenith,False,2025-10-20 16:27:44,2025-11-22 09:18:17
323,279,UaooGC,https://opswise.net/mellow/lagoon/323,Service guide zenith,False,2025-11-21 04:25:27,2026-01-16 07:51:15
324,170,GaJXem,https://example.com/vivid/pioneer/324,Demo link valley,True,2025-08-12 21:38:47,2026-01-18 03:40:03
325,265,owMsJH,https://seeded.app/gold/garden/325,Ops review garden,True,2025-07-27 04:39:51,2025-08-25 06:21:34
326,49,4wbQIR,https://hackstack.io/young/quartz/326,Alert feed uplink,True,2025-01-21 07:05:38,2025-12-24 04:42:32
327,15,aLIXG5,https://acme.dev/keen/island/327,Alert feed trail,True,2025-11-20 01:30:45,2026-02-06 08:57:49
328,56,BYW1ru,https://opswise.net/ember/uplink/328,Quarterly brief pioneer,False,2025-03-29 01:14:34,2025-12-20 14:20:24
329,205,vEJUgu,https://example.com/ember/window/329,Ops review delta,True,2025-03-03 23:34:55,2025-09-25 17:53:15
330,220,Wyys0R,https://hackstack.io/dawn/harvest/330,Quarterly brief canyon,True,2025-11-01 18:09:56,2025-12-05 07:41:24
331,152,P7AQv9,https://example.com/brisk/yard/331,Roadmap update delta,True,2025-11-08 14:51:03,2026-02-14 07:32:18
332,354,y1M413,https://example.com/keen/zenith/332,Alert feed yard,True,2025-09-29 01:42:54,2025-10-08 02:25:32
333,257,N9vzDJ,https://seeded.app/vivid/canyon/333,Status board canyon,False,2025-05-11 09:03:31,2025-09-15 03:57:38
334,257,ioS6D7,https://seeded.app/silver/delta/334,Launch deck beacon,True,2025-09-15 06:13:27,2026-02-05 23:26:27
335,362,MlHyrS,https://opswise.net/brisk/zenith/335,Demo link network,True,2025-06-18 08:12:21,2025-07-21 17:27:48
336,344,i2DloM,https://opswise.net/calm/pioneer/336,Campaign page river,False,2025-09-27 00:36:19,2025-10-10 11:06:12
337,266,qNsFXX,https://opswise.net/vivid/signal/337,Service guide field,True,2025-03-09 10:29:13,2025-08-12 22:35:49
338,191,piArkt,https://acme.dev/tidy/lagoon/338,Launch deck kernel,True,2026-01-23 01:39:26,2026-01-25 10:57:09
339,388,MRic4y,https://opswise.net/tidy/kernel/339,Launch deck valley,True,2025-12-16 05:47:12,2025-12-29 03:11:55
340,125,duUHUZ,https://hackstack.io/proud/signal/340,Service guide network,True,2025-03-29 09:53:05,2025-04-21 11:12:44
341,7,BkmgHZ,https://seeded.app/harbor/meadow/341,Launch deck delta,True,2025-04-20 02:27:08,2026-02-02 11:59:01
342,58,EI3j18,https://relay.cloud/ember/kernel/342,Launch deck delta,True,2025-12-31 17:38:59,2026-01-26 21:03:54
343,231,ygDHMI,https://relay.cloud/warm/zenith/343,Roadmap update pioneer,True,2025-11-09 09:57:49,2026-02-11 17:45:42
344,14,oVZ1rF,https://relay.cloud/calm/network/344,Campaign page field,True,2025-07-09 17:27:47,2025-08-14 16:03:46
345,277,vYUWFT,https://acme.dev/lively/uplink/345,Service guide orbit,True,2025-05-31 10:26:57,2025-12-22 15:32:43
346,121,7OK8Dl,https://acme.dev/urban/meadow/346,Campaign page valley,False,2025-03-08 06:31:03,2025-03-16 13:52:38
347,194,dQi4el,https://relay.cloud/cobalt/quartz/347,Incident notes yard,True,2026-02-07 08:32:01,2026-02-10 04:40:24
348,16,KkBpVO,https://relay.cloud/mellow/kernel/348,Alert feed uplink,True,2025-05-30 03:53:28,2025-12-18 10:28:50
349,324,kVMlaf,https://hackstack.io/silver/window/349,Campaign page anchor,True,2025-02-18 20:56:13,2025-05-14 19:21:25
350,243,FGbUyF,https://example.com/quiet/engine/350,Demo link lagoon,False,2026-01-20 11:25:28,2026-02-18 17:47:01
351,279,TvyN6U,https://opswise.net/rapid/pioneer/351,Alert feed meadow,True,2025-09-14 22:28:49,2025-12-11 17:58:52
352,342,Z0mM8h,https://acme.dev/cobalt/signal/352,Service guide beacon,True,2026-01-01 13:36:52,2026-02-06 08:27:47
353,256,5r5TN6,https://seeded.app/warm/beacon/353,Quarterly brief quartz,True,2025-10-06 21:21:15,2026-01-12 06:56:17
354,381,z46RIf,https://acme.dev/keen/journey/354,Alert feed pioneer,False,2025-08-19 00:19:47,2026-01-09 20:08:20
355,266,K3zYi3,https://hackstack.io/lively/lagoon/355,Quarterly brief trail,True,2025-04-07 00:16:32,2025-05-17 09:09:39
356,130,Dz1XNq,https://acme.dev/gold/pioneer/356,Incident notes field,True,2025-04-07 15:48:08,2025-10-07 07:23:24
357,217,1UdqWp,https://hackstack.io/rapid/beacon/357,Roadmap update yard,True,2025-04-02 03:41:14,2026-01-04 16:31:56
358,301,5iw7mN,https://relay.cloud/navy/signal/358,Demo link anchor,False,2025-11-04 23:54:14,2026-01-12 08:37:45
359,399,hIDKCq,https://example.com/dawn/beacon/359,Demo link window,True,2025-02-08 02:05:48,2026-01-10 23:14:15
360,310,UcUkaX,https://acme.dev/lively/garden/360,Campaign page yard,True,2025-02-12 04:00:36,2025-07-01 19:13:08
361,395,JkX1wI,https://seeded.app/tidy/trail/361,Alert feed river,True,2025-02-24 14:08:12,2025-02-27 09:11:44
362,259,pewIpi,https://relay.cloud/warm/trail/362,Campaign page beacon,True,2025-09-04 03:58:03,2025-10-13 15:05:55
363,135,SbIK64,https://relay.cloud/opal/lagoon/363,Alert feed journey,True,2025-08-13 13:04:47,2026-02-08 02:34:52
364,146,67CKSr,https://opswise.net/mellow/zenith/364,Incident notes yard,True,2025-01-10 10:02:16,2025-12-11 09:47:56
365,120,SL4YEK,https://relay.cloud/lively/window/365,Quarterly brief engine,True,2025-05-24 12:28:16,2025-11-10 06:30:12
366,225,LiqaaK,https://relay.cloud/cobalt/network/366,Campaign page anchor,True,2025-02-09 04:46:18,2025-02-28 18:06:13
367,309,FFSKZq,https://example.com/mellow/meadow/367,Launch deck trail,False,2026-01-04 04:06:05,2026-01-26 07:21:18
368,368,JVpZnx,https://opswise.net/young/canyon/368,Status board network,False,2025-04-15 17:19:55,2025-04-24 09:21:21
369,172,lEF8zs,https://hackstack.io/urban/field/369,Demo link anchor,True,2025-12-25 16:22:44,2025-12-27 09:05:42
370,79,hOryoj,https://example.com/urban/engine/370,Quarterly brief canyon,True,2025-01-09 16:36:49,2026-01-14 05:42:26
371,273,WR4F3b,https://relay.cloud/quiet/canyon/371,Roadmap update signal,True,2025-04-12 08:17:41,2025-12-06 08:15:09
372,303,HZljVQ,https://hackstack.io/warm/canyon/372,Launch deck garden,True,2025-09-09 20:08:45,2025-12-03 00:54:34
373,398,ioCLww,https://example.com/amber/signal/373,Campaign page engine,True,2025-10-02 22:35:13,2026-01-02 06:27:53
374,172,zBx5Il,https://opswise.net/lively/lagoon/374,Quarterly brief lagoon,False,2025-09-17 09:44:39,2025-11-28 04:42:29
375,46,mPj7SE,https://relay.cloud/brisk/pioneer/375,Service guide kernel,True,2025-09-23 02:34:36,2026-01-20 02:56:00
376,7,Z5ur2O,https://acme.dev/urban/signal/376,Roadmap update window,True,2025-01-27 08:11:36,2025-03-20 08:49:02
377,322,utiZEt,https://acme.dev/forest/yard/377,Service guide engine,False,2025-11-19 23:23:14,2026-01-04 03:03:08
378,167,Y6PRy8,https://hackstack.io/young/zenith/378,Quarterly brief uplink,False,2025-11-09 21:55:55,2026-01-05 19:00:25
379,381,q4MNWW,https://opswise.net/harbor/engine/379,Roadmap update island,True,2025-03-04 19:22:26,2025-09-07 10:17:29
380,172,M1rS0X,https://opswise.net/lively/island/380,Incident notes window,True,2025-12-25 18:35:05,2026-02-19 09:00:59
381,337,8VXtDF,https://seeded.app/cobalt/canyon/381,Demo link signal,True,2025-09-15 01:52:44,2026-02-16 22:02:01
382,41,RlzDoq,https://relay.cloud/tidy/field/382,Roadmap update lagoon,True,2025-11-17 19:32:25,2026-01-18 01:17:18
383,300,sx4Mtk,https://example.com/amber/meadow/383,Status board field,True,2025-08-01 05:57:07,2026-02-08 11:07:14
384,195,j6WyAl,https://seeded.app/proud/pioneer/384,Demo link zenith,True,2025-07-30 09:22:22,2025-11-15 11:57:21
385,255,f3vZ3q,https://acme.dev/quiet/river/385,Roadmap update meadow,True,2025-01-08 18:09:09,2025-08-25 18:47:04
386,121,rpmZmD,https://example.com/calm/signal/386,Quarterly brief island,True,2026-01-29 21:44:04,2026-02-02 15:25:24
387,186,TqdSbH,https://opswise.net/mellow/river/387,Launch deck quartz,False,2025-12-04 13:08:13,2026-01-10 11:54:09
388,350,qannP3,https://example.com/vivid/canyon/388,Quarterly brief lagoon,True,2025-12-11 11:09:12,2026-02-13 12:30:33
389,5,WZD7B7,https://example.com/rapid/zenith/389,Demo link orbit,True,2025-07-15 13:30:36,2025-12-06 19:28:22
390,353,8amTN1,https://acme.dev/mellow/yard/390,Ops review canyon,True,2025-08-18 02:20:05,2025-10-22 21:03:41
391,317,MVGs2Z,https://acme.dev/silver/delta/391,Alert feed uplink,True,2025-06-04 17:21:22,2026-01-22 05:41:57
392,118,SkspPp,https://relay.cloud/rapid/uplink/392,Incident notes engine,True,2025-01-27 00:42:34,2025-11-10 13:44:37
393,372,t8LKui,https://opswise.net/silver/orbit/393,Ops review window,True,2025-10-30 02:31:32,2025-11-28 01:02:49
394,92,bzcSKX,https://opswise.net/jade/zenith/394,Alert feed journey,False,2025-07-17 02:59:49,2025-09-16 08:05:44
395,57,RH6xzQ,https://hackstack.io/keen/field/395,Service guide beacon,True,2025-07-08 05:26:53,2025-10-26 14:24:07
396,98,ntMZfi,https://opswise.net/keen/pioneer/396,Service guide zenith,True,2025-08-08 07:24:07,2025-12-18 04:30:56
397,262,7Ltdnr,https://example.com/amber/engine/397,Demo link lagoon,True,2025-07-12 13:21:05,2025-11-10 17:35:52
398,311,BooCiG,https://hackstack.io/quiet/valley/398,Campaign page uplink,True,2026-02-06 17:06:25,2026-02-08 11:00:50
399,276,K2mklx,https://opswise.net/vivid/zenith/399,Quarterly brief field,False,2025-05-24 05:01:46,2026-01-05 08:34:28
400,160,oWCuNA,https://example.com/warm/orbit/400,Status board anchor,True,2025-10-14 06:34:10,2025-11-28 23:17:43
401,206,mgVoOY,https://opswise.net/keen/valley/401,Service guide beacon,True,2025-06-05 20:15:40,2025-08-19 01:57:56
402,4,wMNoIH,https://acme.dev/warm/valley/402,Service guide kernel,True,2025-11-20 21:44:48,2026-01-21 22:57:20
403,106,8oPvFS,https://seeded.app/ivory/window/403,Demo link delta,True,2025-06-02 04:46:15,2025-12-27 05:18:25
404,146,BxE6Sw,https://hackstack.io/urban/engine/404,Ops review signal,True,2025-06-22 11:10:17,2025-09-29 22:23:08
405,205,v3GebH,https://hackstack.io/tidy/uplink/405,Incident notes harvest,True,2025-01-02 05:51:50,2025-01-24 07:18:50
406,210,29WZDF,https://example.com/urban/trail/406,Service guide delta,True,2025-02-11 15:02:15,2026-01-12 18:13:00
407,339,Le55vF,https://example.com/urban/field/407,Service guide island,True,2025-11-04 15:54:30,2026-01-18 06:57:57
408,337,uWJrz6,https://acme.dev/cobalt/anchor/408,Service guide trail,False,2025-04-27 05:37:38,2025-09-18 14:23:02
409,16,uvfL5c,https://seeded.app/proud/quartz/409,Ops review anchor,True,2025-07-04 00:32:51,2026-01-10 00:03:52
410,92,iVR1Vx,https://seeded.app/quiet/uplink/410,Campaign page valley,True,2025-07-28 09:57:49,2025-12-29 22:11:09
411,212,HkBRT0,https://example.com/ember/journey/411,Status board orbit,False,2025-11-24 12:56:09,2026-01-07 06:12:08
412,231,HGtSEl,https://hackstack.io/vivid/harvest/412,Status board beacon,True,2025-06-24 19:26:17,2025-10-11 18:00:31
413,76,3Q1DqU,https://relay.cloud/calm/orbit/413,Service guide field,False,2025-07-14 02:14:52,2025-09-07 23:25:00
414,139,SClWkr,https://seeded.app/harbor/journey/414,Status board harvest,True,2025-02-09 09:47:39,2025-04-09 15:55:34
415,98,FTBum3,https://hackstack.io/amber/uplink/415,Demo link river,True,2025-11-08 19:25:28,2025-11-29 00:45:33
416,72,Ng0Qfy,https://example.com/silver/orbit/416,Ops review river,False,2025-05-20 17:01:35,2025-09-27 18:30:49
417,119,RC2rUa,https://acme.dev/ember/trail/417,Status board beacon,True,2025-01-12 13:15:22,2025-02-11 15:56:07
418,220,g0rVEp,https://relay.cloud/ember/trail/418,Demo link valley,True,2025-12-01 08:35:21,2025-12-29 07:08:08
419,330,CNdAJe,https://relay.cloud/gold/pioneer/419,Roadmap update window,False,2025-03-27 21:49:59,2025-08-08 18:49:53
420,333,vxbRwu,https://hackstack.io/urban/engine/420,Roadmap update lagoon,True,2025-02-03 06:18:25,2025-05-03 22:31:00
421,363,ekF8ui,https://example.com/dawn/uplink/421,Status board network,True,2026-02-13 07:51:06,2026-02-14 01:27:39
422,4,yAIKSR,https://hackstack.io/brisk/network/422,Quarterly brief field,True,2025-04-05 06:05:15,2025-10-25 02:33:49
423,341,bFCsZM,https://hackstack.io/lively/canyon/423,Alert feed pioneer,False,2025-06-13 22:58:39,2025-12-06 11:07:36
424,103,9HI1eq,https://hackstack.io/keen/orbit/424,Status board delta,True,2025-11-13 03:37:19,2025-12-07 10:37:16
425,313,ZPULrD,https://opswise.net/tidy/signal/425,Alert feed engine,True,2025-06-14 13:42:40,2025-09-20 23:00:40
426,165,nmoFo6,https://seeded.app/young/zenith/426,Status board window,True,2025-02-06 11:15:08,2025-07-12 10:08:02
427,338,E0sDHE,https://relay.cloud/forest/trail/427,Status board journey,True,2025-05-12 20:23:25,2025-07-25 21:40:01
428,10,uJw3j7,https://hackstack.io/dawn/kernel/428,Demo link river,True,2026-02-07 08:18:24,2026-02-19 22:44:41
429,371,V6rsZs,https://acme.dev/brisk/journey/429,Launch deck signal,True,2025-09-13 11:12:40,2025-12-29 21:48:58
430,316,G350ct,https://hackstack.io/navy/quartz/430,Roadmap update valley,True,2025-05-12 08:31:17,2026-01-12 04:32:49
431,282,ukoGgz,https://acme.dev/proud/network/431,Quarterly brief trail,True,2025-08-29 07:59:05,2026-02-13 07:44:56
432,87,N3t8sC,https://relay.cloud/forest/delta/432,Demo link zenith,False,2026-01-16 02:29:04,2026-02-15 05:53:46
433,67,L6x2rX,https://opswise.net/harbor/harvest/433,Status board signal,True,2025-08-18 17:45:30,2026-02-06 11:42:37
434,230,kvOaiu,https://example.com/opal/window/434,Incident notes uplink,True,2025-04-01 11:51:10,2025-06-05 02:33:33
435,343,DxGAE2,https://acme.dev/calm/quartz/435,Incident notes canyon,True,2025-02-14 21:38:24,2025-09-11 00:31:58
436,353,JPZwHp,https://seeded.app/amber/network/436,Roadmap update window,True,2025-04-01 16:54:02,2025-08-18 15:10:56
437,185,AWtHRJ,https://hackstack.io/keen/trail/437,Demo link canyon,False,2025-11-21 20:08:53,2026-01-04 10:23:59
438,149,q40Yir,https://acme.dev/urban/valley/438,Service guide lagoon,True,2025-03-13 16:58:20,2025-05-29 11:01:20
439,131,rlGjYy,https://relay.cloud/young/anchor/439,Demo link yard,True,2025-11-24 14:33:02,2026-02-13 02:03:58
440,123,l7hkGa,https://acme.dev/proud/beacon/440,Launch deck field,True,2025-11-08 00:40:26,2026-02-19 08:57:36
441,45,RUwdGA,https://hackstack.io/jade/meadow/441,Campaign page field,False,2025-01-22 10:05:12,2025-02-08 18:07:16
442,140,h8aklE,https://hackstack.io/keen/field/442,Alert feed anchor,True,2025-04-09 20:16:40,2025-12-14 23:44:26
443,97,SykiQy,https://relay.cloud/harbor/quartz/443,Quarterly brief field,True,2025-11-08 12:20:00,2026-01-13 02:33:18
444,123,WV8KJk,https://acme.dev/opal/meadow/444,Incident notes anchor,True,2025-03-06 15:52:20,2026-02-12 04:54:39
445,296,DVx86F,https://example.com/silver/zenith/445,Status board pioneer,True,2025-04-25 09:18:37,2026-02-09 20:33:45
446,218,5GkTHC,https://relay.cloud/lively/orbit/446,Ops review trail,True,2025-12-03 20:52:39,2026-01-05 07:12:04
447,37,ZY77rO,https://seeded.app/jade/field/447,Incident notes zenith,True,2025-02-11 12:39:43,2025-11-11 06:49:04
448,327,5hQepG,https://example.com/navy/harvest/448,Roadmap update journey,True,2025-08-20 15:02:08,2026-02-02 10:30:12
449,324,xupjvg,https://hackstack.io/amber/journey/449,Launch deck valley,True,2025-08-12 00:21:57,2025-08-29 18:58:05
450,93,NF11mC,https://opswise.net/jade/lagoon/450,Demo link kernel,True,2025-09-30 06:06:23,2025-10-18 08:25:38
451,376,3EV0eh,https://seeded.app/warm/garden/451,Status board meadow,False,2026-01-03 14:51:11,2026-01-29 22:26:23
452,276,u1xHDw,https://opswise.net/keen/pioneer/452,Ops review signal,True,2025-10-12 16:34:43,2026-02-03 12:28:39
453,109,Mew99I,https://opswise.net/urban/meadow/453,Service guide journey,False,2025-01-24 00:33:16,2025-05-14 08:12:43
454,89,7keXdh,https://example.com/tidy/yard/454,Status board lagoon,True,2025-10-04 00:18:49,2025-12-03 20:23:36
455,149,7Kuhit,https://example.com/brisk/canyon/455,Campaign page kernel,False,2025-08-17 12:36:50,2026-01-02 05:07:16
456,270,eVlJTl,https://hackstack.io/lively/pioneer/456,Incident notes window,True,2025-04-13 06:54:19,2025-12-30 01:21:51
457,302,krP1se,https://opswise.net/ivory/quartz/457,Alert feed pioneer,False,2025-09-16 22:14:32,2026-01-28 20:51:15
458,10,iod3r1,https://hackstack.io/warm/pioneer/458,Campaign page beacon,True,2025-09-22 19:53:24,2025-11-17 06:57:09
459,399,zdkMD8,https://example.com/harbor/garden/459,Launch deck field,True,2025-06-15 09:16:51,2025-09-23 20:18:27
460,317,hzZAck,https://hackstack.io/urban/signal/460,Service guide uplink,True,2025-01-01 08:21:40,2025-05-20 11:54:57
461,385,a9F5pI,https://hackstack.io/brisk/harvest/461,Campaign page river,True,2025-10-31 23:09:03,2025-12-01 08:28:18
462,314,RIngWq,https://hackstack.io/silver/meadow/462,Campaign page harvest,True,2025-03-30 06:28:16,2025-05-06 14:13:53
463,13,Q230uu,https://acme.dev/amber/window/463,Alert feed signal,True,2025-08-07 02:09:17,2025-09-07 11:51:34
464,246,TPfepm,https://relay.cloud/warm/zenith/464,Incident notes lagoon,True,2025-04-09 05:57:13,2025-04-23 10:39:21
465,285,NXFyaX,https://relay.cloud/opal/kernel/465,Demo link zenith,True,2025-09-27 23:32:23,2025-12-10 08:26:29
466,393,KosasH,https://acme.dev/mellow/lagoon/466,Quarterly brief network,True,2026-02-10 06:18:04,2026-02-18 20:13:01
467,310,NMkDjS,https://opswise.net/keen/journey/467,Quarterly brief orbit,True,2025-08-25 08:25:22,2025-11-09 21:45:41
468,65,May1M9,https://opswise.net/brisk/network/468,Campaign page kernel,True,2026-01-01 03:43:15,2026-01-29 02:42:23
469,21,4DS6f3,https://seeded.app/brisk/zenith/469,Demo link orbit,False,2026-02-10 02:51:41,2026-02-20 20:37:57
470,179,eRAbcg,https://acme.dev/jade/trail/470,Launch deck quartz,False,2025-07-21 14:31:18,2025-11-14 20:00:58
471,173,2GpbXo,https://seeded.app/harbor/signal/471,Quarterly brief journey,True,2025-04-23 10:07:27,2025-05-06 08:07:47
472,33,FquY2l,https://example.com/forest/journey/472,Quarterly brief field,True,2025-03-01 19:46:41,2025-03-10 08:48:58
473,250,fbewf4,https://seeded.app/quiet/field/473,Service guide pioneer,True,2025-07-30 18:11:43,2025-11-11 17:09:23
474,289,vSVCj8,https://example.com/keen/engine/474,Demo link beacon,True,2025-03-08 09:29:44,2026-01-04 15:15:06
475,325,2RkabH,https://example.com/lively/beacon/475,Campaign page garden,True,2025-05-26 13:05:35,2025-09-14 19:18:33
476,47,zSvXUW,https://relay.cloud/lively/kernel/476,Incident notes field,True,2025-07-03 15:30:37,2025-07-27 01:39:01
477,92,7HhEsN,https://example.com/lively/uplink/477,Ops review garden,True,2025-12-13 06:08:59,2025-12-24 12:28:12
478,7,wzIZRB,https://relay.cloud/silver/journey/478,Campaign page pioneer,True,2025-12-25 23:14:37,2026-01-15 02:34:29
479,331,F8qDed,https://relay.cloud/lively/garden/479,Roadmap update network,True,2025-09-12 00:56:34,2026-02-03 19:45:44
480,259,iM0DgB,https://relay.cloud/amber/river/480,Incident notes river,True,2025-09-03 18:10:58,2026-01-29 18:54:17
481,293,Ot4QHz,https://acme.dev/quiet/journey/481,Demo link signal,True,2025-09-13 17:55:17,2025-12-13 02:23:47
482,262,XCdNU7,https://seeded.app/opal/harvest/482,Launch deck yard,True,2025-10-31 09:08:09,2025-11-09 09:00:23
483,157,LUsSwQ,https://acme.dev/tidy/field/483,Ops review garden,True,2026-01-26 13:32:50,2026-01-31 10:26:56
484,328,1SBwiB,https://opswise.net/warm/canyon/484,Demo link river,True,2025-08-16 16:11:02,2025-11-17 06:25:16
485,74,OwMmSn,https://seeded.app/silver/garden/485,Incident notes meadow,False,2025-02-20 20:52:07,2025-02-28 01:39:41
486,135,lNl3jJ,https://opswise.net/vivid/orbit/486,Launch deck journey,False,2025-02-12 19:13:11,2026-02-12 01:22:58
487,392,vuop5x,https://hackstack.io/clear/island/487,Service guide island,True,2025-08-21 02:52:08,2025-11-26 06:01:29
488,87,ROKy5U,https://hackstack.io/ivory/garden/488,Launch deck canyon,True,2025-03-28 18:09:38,2025-04-23 01:36:54
489,343,Vp7Fxz,https://acme.dev/tidy/delta/489,Status board orbit,True,2025-10-18 07:38:09,2025-12-11 04:45:54
490,173,Zdo67x,https://relay.cloud/calm/garden/490,Status board window,True,2025-11-25 05:13:25,2026-02-01 18:30:49
491,265,QZlp3M,https://hackstack.io/clear/quartz/491,Campaign page lagoon,True,2025-11-10 17:17:53,2026-01-19 16:55:07
492,10,TPk4ul,https://example.com/calm/meadow/492,Roadmap update harvest,True,2025-11-20 21:49:08,2026-01-03 18:37:34
493,206,1uR70n,https://acme.dev/young/beacon/493,Roadmap update lagoon,True,2026-01-25 17:52:40,2026-01-30 03:47:34
494,206,JwkQmp,https://example.com/ember/yard/494,Status board kernel,False,2025-12-28 17:18:13,2026-02-16 23:35:41
495,173,tf7ZiT,https://hackstack.io/mellow/beacon/495,Ops review orbit,True,2025-10-05 14:33:40,2026-01-10 08:55:44
496,333,wfQb4e,https://acme.dev/dawn/quartz/496,Demo link trail,True,2026-01-24 06:20:34,2026-01-27 11:20:58
497,129,26NEZ6,https://example.com/keen/kernel/497,Quarterly brief yard,True,2025-07-09 15:15:59,2026-02-11 07:45:34
498,129,77rpkT,https://example.com/mellow/island/498,Ops review zenith,True,2025-10-05 10:49:18,2026-02-05 02:29:10
499,352,n1UG03,https://seeded.app/forest/delta/499,Quarterly brief window,True,2025-10-16 00:12:05,2026-02-17 14:24:03
500,7,zMyI1A,https://relay.cloud/ivory/kernel/500,Campaign page field,True,2025-01-10 16:42:38,2025-03-31 00:24:51
501,387,0vkgBc,https://seeded.app/mellow/garden/501,Quarterly brief signal,True,2025-03-10 00:17:19,2025-09-19 09:28:39
502,348,Bb83Wj,https://opswise.net/harbor/pioneer/502,Service guide island,True,2025-07-02 19:23:20,2025-09-19 18:50:47
503,396,C4wSuu,https://hackstack.io/urban/network/503,Status board network,True,2025-06-30 15:08:27,2026-01-08 12:09:20
504,99,gIc3MT,https://acme.dev/dawn/anchor/504,Ops review delta,True,2025-10-23 18:15:26,2025-11-02 06:45:18
505,247,2lASwF,https://hackstack.io/jade/engine/505,Quarterly brief signal,False,2026-01-04 10:17:33,2026-01-22 16:28:08
506,360,acs2Bu,https://relay.cloud/vivid/pioneer/506,Alert feed beacon,True,2025-05-28 08:14:49,2025-09-02 18:03:42
507,273,Q1LOlA,https://seeded.app/clear/meadow/507,Launch deck pioneer,True,2025-03-07 17:08:53,2025-11-10 02:51:02
508,38,xutqOs,https://example.com/silver/zenith/508,Service guide beacon,True,2025-03-27 04:24:01,2025-05-03 01:28:48
509,76,lWyuuP,https://acme.dev/jade/engine/509,Launch deck network,False,2025-07-08 21:06:06,2025-09-09 23:54:19
510,243,VbsUof,https://example.com/tidy/pioneer/510,Campaign page signal,True,2025-11-07 13:48:05,2026-02-10 13:38:48
511,247,vyPAa9,https://example.com/jade/trail/511,Demo link trail,True,2025-05-12 14:59:17,2026-02-03 16:19:28
512,194,VOpcpy,https://example.com/brisk/delta/512,Alert feed river,False,2025-06-15 05:46:42,2025-07-13 10:15:57
513,101,lfju4s,https://example.com/tidy/valley/513,Roadmap update field,True,2025-04-16 18:59:50,2025-04-28 10:13:28
514,54,kJu82D,https://example.com/young/pioneer/514,Campaign page yard,True,2025-01-12 12:30:53,2025-10-19 04:07:34
515,306,K1S8TA,https://opswise.net/tidy/engine/515,Status board garden,True,2025-03-27 05:35:23,2025-10-27 10:18:14
516,358,sOecB7,https://opswise.net/proud/zenith/516,Campaign page beacon,True,2025-10-27 02:09:08,2026-02-09 18:11:40
517,17,0ZwL0r,https://opswise.net/forest/island/517,Incident notes island,True,2026-01-07 14:10:03,2026-02-04 06:39:39
518,291,Wrep7E,https://relay.cloud/dawn/signal/518,Status board pioneer,True,2026-02-07 19:05:55,2026-02-20 06:30:55
519,226,jUtZ1l,https://example.com/navy/uplink/519,Demo link zenith,True,2025-05-30 21:18:15,2025-09-30 03:44:38
520,179,vw9enF,https://hackstack.io/keen/harvest/520,Launch deck island,True,2025-03-11 12:44:55,2025-12-04 12:36:35
521,100,78otgT,https://seeded.app/gold/quartz/521,Campaign page beacon,False,2025-06-28 21:12:06,2025-10-22 09:47:20
522,51,OCNzrA,https://acme.dev/cobalt/field/522,Launch deck network,True,2025-12-13 01:48:12,2026-01-01 07:32:20
523,189,qHq7pN,https://example.com/mellow/beacon/523,Launch deck window,True,2025-03-09 19:27:18,2025-04-01 21:24:53
524,23,ze5MYs,https://relay.cloud/urban/quartz/524,Demo link canyon,True,2025-09-25 11:09:09,2026-01-13 18:11:27
525,209,oqNum3,https://hackstack.io/ember/journey/525,Demo link river,True,2026-02-01 21:26:37,2026-02-19 11:31:11
526,400,381CSr,https://seeded.app/keen/network/526,Roadmap update field,True,2025-10-01 03:52:37,2026-01-31 05:42:53
527,183,LbgYCz,https://opswise.net/warm/uplink/527,Ops review meadow,True,2025-10-19 02:53:48,2026-02-17 08:05:09
528,399,196Zcr,https://hackstack.io/cobalt/trail/528,Status board zenith,False,2025-01-11 23:25:01,2025-08-17 07:54:31
529,211,QzbjWH,https://seeded.app/navy/window/529,Quarterly brief beacon,False,2026-02-19 01:23:48,2026-02-19 11:36:03
530,186,aXMa79,https://opswise.net/gold/network/530,Alert feed beacon,True,2026-02-18 02:43:52,2026-02-19 12:09:25
531,11,WBKCjf,https://hackstack.io/harbor/pioneer/531,Alert feed harvest,True,2025-06-20 19:36:11,2025-11-25 16:08:16
532,379,U8XJIo,https://acme.dev/young/uplink/532,Alert feed quartz,True,2025-09-28 05:07:32,2026-01-15 12:57:55
533,395,ri2CH6,https://opswise.net/mellow/zenith/533,Demo link window,True,2025-08-21 16:16:09,2025-11-27 17:40:33
534,156,YmhIt4,https://seeded.app/young/canyon/534,Incident notes meadow,True,2025-05-23 06:37:08,2025-10-11 04:11:33
535,129,7vfxvk,https://seeded.app/cobalt/trail/535,Roadmap update signal,False,2025-09-04 11:54:12,2026-02-11 09:28:19
536,227,Pf3WaY,https://seeded.app/proud/canyon/536,Alert feed meadow,True,2025-03-08 16:35:40,2025-05-11 23:44:41
537,312,x6BFug,https://opswise.net/brisk/garden/537,Alert feed valley,True,2026-02-16 21:49:57,2026-02-18 19:19:23
538,146,Sr5ttB,https://relay.cloud/opal/zenith/538,Ops review canyon,True,2025-11-18 06:30:35,2025-12-12 18:58:07
539,208,rCkGL3,https://acme.dev/amber/canyon/539,Launch deck uplink,True,2025-06-07 03:41:55,2025-07-03 23:17:57
540,371,LBwzQ4,https://hackstack.io/quiet/anchor/540,Launch deck field,True,2025-06-04 13:36:55,2025-06-05 22:34:13
541,197,wwvlsW,https://hackstack.io/mellow/garden/541,Launch deck trail,True,2025-03-15 06:09:45,2025-07-07 03:08:55
542,354,5IZ5jm,https://hackstack.io/harbor/garden/542,Campaign page trail,True,2025-08-08 11:11:19,2025-12-21 04:47:09
543,273,MhyMED,https://hackstack.io/harbor/meadow/543,Campaign page island,False,2025-04-06 05:13:23,2025-06-04 04:56:58
544,148,CjAGlG,https://seeded.app/mellow/zenith/544,Campaign page beacon,True,2026-01-29 22:59:11,2026-02-07 12:16:27
545,133,DORaUQ,https://opswise.net/vivid/beacon/545,Campaign page lagoon,True,2025-02-24 02:29:46,2025-02-25 17:00:12
546,373,P6LJOS,https://seeded.app/jade/pioneer/546,Campaign page anchor,False,2025-12-10 19:17:17,2026-01-16 16:02:32
547,91,Pri5KH,https://acme.dev/urban/meadow/547,Quarterly brief kernel,False,2025-09-11 20:31:24,2026-01-12 13:12:10
548,248,KOcKIl,https://opswise.net/gold/garden/548,Ops review anchor,True,2025-07-07 03:00:44,2025-12-31 00:36:40
549,147,xBSmZc,https://seeded.app/clear/pioneer/549,Quarterly brief canyon,True,2025-03-02 16:08:44,2025-04-17 12:24:21
550,40,rhGViU,https://acme.dev/keen/harvest/550,Quarterly brief journey,True,2025-03-10 15:07:52,2026-01-05 19:42:00
551,183,Xcn6NM,https://relay.cloud/quiet/zenith/551,Ops review river,False,2025-12-16 20:46:35,2026-01-24 12:11:50
552,1,blMQ6T,https://hackstack.io/mellow/garden/552,Demo link window,False,2025-12-14 21:48:19,2026-01-30 22:49:12
553,57,RjrhpT,https://hackstack.io/keen/meadow/553,Service guide field,True,2026-02-09 20:24:39,2026-02-20 03:39:07
554,141,nE2BJC,https://opswise.net/warm/valley/554,Roadmap update pioneer,True,2025-02-23 00:10:01,2025-09-23 15:17:32
555,35,5GL0TZ,https://seeded.app/young/orbit/555,Roadmap update beacon,True,2025-03-31 21:05:31,2025-10-12 03:11:58
556,84,5bR5qR,https://acme.dev/mellow/window/556,Alert feed uplink,False,2025-09-08 10:55:02,2026-01-31 06:25:03
557,40,rrxtsP,https://seeded.app/gold/lagoon/557,Service guide island,True,2025-08-09 15:21:37,2025-12-27 14:23:28
558,138,8TVnM2,https://example.com/amber/orbit/558,Demo link pioneer,False,2025-03-15 19:30:10,2025-07-06 21:58:40
559,93,qAdCWZ,https://opswise.net/young/quartz/559,Service guide trail,True,2025-11-04 01:12:13,2025-12-13 10:58:11
560,67,QtSAf1,https://opswise.net/forest/lagoon/560,Ops review harvest,False,2025-01-30 00:23:25,2025-04-11 19:50:43
561,122,gopp24,https://hackstack.io/gold/network/561,Launch deck island,False,2026-01-21 22:46:54,2026-01-31 03:00:18
562,31,8P1Npq,https://acme.dev/vivid/quartz/562,Launch deck field,True,2025-04-12 08:13:39,2025-11-13 18:30:48
563,135,NltXF3,https://acme.dev/mellow/window/563,Campaign page island,True,2025-08-24 16:08:31,2025-09-14 21:15:26
564,10,xjlXBY,https://seeded.app/harbor/engine/564,Launch deck kernel,True,2025-11-03 01:59:54,2026-01-09 08:21:51
565,5,XaBbCV,https://example.com/mellow/signal/565,Launch deck field,False,2025-05-23 02:59:37,2025-06-01 19:14:32
566,298,PJqTRd,https://acme.dev/rapid/window/566,Ops review quartz,True,2025-03-07 23:10:13,2025-09-11 06:06:41
567,233,Q90WJu,https://opswise.net/vivid/quartz/567,Alert feed garden,False,2026-02-19 06:02:21,2026-02-20 20:59:21
568,150,PRknMP,https://hackstack.io/dawn/kernel/568,Status board delta,False,2025-09-22 20:22:39,2025-10-11 16:52:00
569,26,xJXYgm,https://opswise.net/mellow/garden/569,Demo link orbit,True,2025-01-13 21:35:12,2025-05-27 14:00:46
570,305,Z2Neas,https://example.com/gold/kernel/570,Quarterly brief quartz,True,2025-04-23 18:02:57,2025-07-17 00:53:16
571,381,dyIxzY,https://opswise.net/brisk/lagoon/571,Service guide trail,True,2025-08-18 14:49:56,2025-09-10 02:05:13
572,276,JwRxtK,https://acme.dev/harbor/harvest/572,Roadmap update trail,True,2025-05-01 02:09:15,2025-11-17 05:18:57
573,338,dB1Yrc,https://opswise.net/keen/harvest/573,Service guide river,True,2026-01-31 06:07:10,2026-02-03 17:06:29
574,44,1kCFDh,https://hackstack.io/calm/canyon/574,Incident notes island,True,2025-07-01 04:34:30,2025-08-08 06:07:48
575,198,OusvXb,https://seeded.app/tidy/valley/575,Quarterly brief island,True,2025-10-27 10:19:41,2026-02-01 17:03:56
576,314,iv1HWW,https://example.com/vivid/signal/576,Status board trail,True,2025-06-03 17:43:59,2026-02-14 19:18:11
577,221,C6giE3,https://example.com/cobalt/window/577,Demo link orbit,False,2025-09-27 05:24:22,2026-02-15 19:24:25
578,284,4CrNpH,https://acme.dev/rapid/yard/578,Roadmap update lagoon,False,2025-03-02 11:34:26,2025-10-06 03:08:47
579,124,AE2XUh,https://seeded.app/tidy/network/579,Alert feed yard,True,2025-08-30 20:40:02,2025-11-02 08:56:10
580,6,9AKrK9,https://hackstack.io/gold/yard/580,Launch deck delta,True,2025-08-17 17:37:00,2026-02-12 21:13:49
581,76,RPSWIF,https://relay.cloud/silver/signal/581,Demo link field,True,2025-02-02 19:08:09,2025-05-11 22:05:49
582,330,ZxXWAj,https://hackstack.io/dawn/garden/582,Roadmap update quartz,False,2025-04-30 16:47:56,2025-09-04 11:45:27
583,204,iApl5S,https://relay.cloud/harbor/journey/583,Launch deck lagoon,True,2025-04-16 09:32:37,2025-05-20 04:07:17
584,34,bPiRBh,https://relay.cloud/silver/uplink/584,Campaign page quartz,True,2025-06-06 17:50:37,2025-12-31 22:26:26
585,308,y1HGVD,https://relay.cloud/cobalt/delta/585,Roadmap update journey,True,2025-09-17 10:57:02,2025-10-29 17:05:45
586,28,Z97bE7,https://acme.dev/forest/anchor/586,Alert feed kernel,True,2026-02-12 10:18:34,2026-02-15 04:45:31
587,380,4sOPnj,https://seeded.app/lively/garden/587,Status board signal,True,2025-03-12 12:38:20,2025-10-25 10:37:12
588,197,7nK5xe,https://seeded.app/proud/beacon/588,Quarterly brief harvest,False,2025-11-08 11:57:14,2026-01-01 09:18:32
589,118,zz1ug9,https://hackstack.io/gold/trail/589,Service guide pioneer,True,2025-01-05 12:22:44,2025-12-30 13:32:07
590,397,mC2aEy,https://hackstack.io/keen/delta/590,Service guide garden,True,2026-01-29 04:19:04,2026-02-03 11:59:23
591,20,M9iefV,https://hackstack.io/ivory/island/591,Demo link meadow,True,2025-11-02 12:44:12,2025-11-28 23:49:32
592,321,HUC4ay,https://acme.dev/keen/kernel/592,Alert feed beacon,True,2025-04-02 00:45:54,2025-10-23 08:11:50
593,267,ewSJ8N,https://seeded.app/proud/pioneer/593,Quarterly brief journey,True,2026-02-01 00:13:40,2026-02-12 22:30:26
594,153,MUKsVk,https://opswise.net/tidy/quartz/594,Status board network,True,2025-11-18 21:55:51,2025-11-23 18:26:53
595,70,J3Ecxp,https://relay.cloud/harbor/engine/595,Campaign page canyon,True,2025-12-23 21:16:55,2026-01-14 06:13:59
596,62,5odLn9,https://example.com/navy/orbit/596,Roadmap update beacon,True,2025-07-09 08:53:18,2025-12-20 19:46:05
597,368,UG4EKl,https://relay.cloud/forest/window/597,Status board pioneer,True,2025-09-18 00:07:43,2026-01-14 21:33:51
598,285,L84o6T,https://acme.dev/cobalt/yard/598,Demo link trail,True,2025-12-06 05:57:16,2026-01-19 14:34:31
599,173,ZibiKb,https://opswise.net/jade/yard/599,Launch deck orbit,True,2025-06-07 02:23:52,2025-06-12 20:19:30
600,377,uXo6J8,https://hackstack.io/calm/trail/600,Alert feed field,True,2026-01-23 05:59:00,2026-02-17 05:54:27
601,105,AbrqBu,https://opswise.net/cobalt/delta/601,Incident notes uplink,True,2026-01-28 09:14:01,2026-02-15 21:06:02
602,220,oeo7gu,https://hackstack.io/harbor/quartz/602,Campaign page meadow,True,2025-04-12 14:29:17,2025-07-18 17:22:17
603,325,Ve8frk,https://acme.dev/dawn/journey/603,Incident notes zenith,True,2026-01-18 05:43:15,2026-01-21 13:31:07
604,388,XLUCva,https://relay.cloud/clear/harvest/604,Status board field,False,2025-06-10 08:09:57,2025-07-13 19:51:13
605,377,DKvoLZ,https://relay.cloud/navy/signal/605,Alert feed island,False,2025-07-18 18:30:04,2025-08-07 23:21:33
606,249,fhguqh,https://seeded.app/proud/quartz/606,Campaign page signal,True,2025-12-10 09:26:30,2026-02-02 06:37:32
607,56,MvTxqU,https://hackstack.io/gold/canyon/607,Campaign page meadow,True,2025-05-12 16:05:31,2026-02-13 06:22:22
608,14,X5yJqP,https://acme.dev/ember/delta/608,Roadmap update delta,True,2025-06-29 22:23:01,2026-02-20 11:47:16
609,346,7lscqG,https://opswise.net/forest/kernel/609,Demo link island,True,2025-08-25 06:34:20,2025-12-24 20:15:20
610,244,4tHJvD,https://example.com/harbor/window/610,Campaign page island,True,2025-03-16 18:10:05,2025-06-01 08:19:25
611,312,jHKbc0,https://acme.dev/young/signal/611,Roadmap update valley,True,2025-05-05 14:39:08,2025-08-09 21:18:29
612,86,v5Rt9n,https://opswise.net/keen/signal/612,Alert feed harvest,True,2025-11-25 04:54:27,2025-11-25 14:12:41
613,108,d0fgx0,https://example.com/amber/quartz/613,Alert feed network,True,2025-05-09 11:48:59,2025-06-30 01:27:22
614,13,hPbYKI,https://acme.dev/dawn/journey/614,Service guide zenith,False,2026-01-04 23:21:08,2026-02-09 11:33:03
615,125,BW7Apt,https://hackstack.io/calm/trail/615,Campaign page meadow,True,2025-10-14 20:23:11,2025-10-27 06:48:02
616,260,hrkrxv,https://example.com/tidy/valley/616,Campaign page journey,True,2025-07-17 22:54:50,2025-10-21 13:16:07
617,141,zuJXwH,https://example.com/ivory/meadow/617,Alert feed engine,True,2025-11-17 03:37:55,2026-02-19 10:10:37
618,30,ejikik,https://hackstack.io/rapid/valley/618,Alert feed engine,True,2025-08-28 15:37:34,2026-02-03 01:27:04
619,27,WlnAyG,https://opswise.net/harbor/yard/619,Service guide journey,True,2025-06-13 12:51:04,2025-11-08 00:24:56
620,393,NiRa5f,https://hackstack.io/warm/orbit/620,Incident notes beacon,True,2025-11-02 05:27:50,2025-11-06 09:43:30
621,185,uBCvse,https://acme.dev/tidy/uplink/621,Incident notes delta,True,2025-01-26 08:30:02,2025-04-19 17:02:34
622,154,sNCzwC,https://example.com/silver/zenith/622,Quarterly brief signal,True,2025-07-18 12:59:35,2025-12-17 11:56:52
623,400,ZTDVam,https://opswise.net/calm/quartz/623,Roadmap update field,True,2025-01-08 02:33:53,2025-11-15 15:38:47
624,280,bOK53Z,https://opswise.net/amber/valley/624,Quarterly brief window,False,2025-03-20 22:48:37,2025-04-13 21:50:46
625,238,a5kgtB,https://seeded.app/jade/anchor/625,Incident notes field,False,2025-12-09 20:30:07,2026-02-01 02:06:33
626,149,OxNckX,https://example.com/silver/kernel/626,Alert feed orbit,True,2025-11-23 10:19:48,2025-12-10 07:05:34
627,102,qibYwS,https://hackstack.io/jade/lagoon/627,Campaign page yard,False,2025-01-30 15:57:19,2025-10-20 21:49:38
628,44,zHejkb,https://relay.cloud/young/orbit/628,Service guide island,True,2025-02-18 09:02:57,2025-04-12 02:40:17
629,315,Pgtpxf,https://opswise.net/proud/river/629,Status board orbit,True,2025-07-05 02:24:48,2026-01-01 17:44:37
630,266,Howgqh,https://opswise.net/calm/island/630,Demo link garden,True,2025-05-06 17:31:35,2025-12-26 01:12:27
631,255,u6USps,https://hackstack.io/silver/engine/631,Launch deck garden,False,2025-06-25 17:54:54,2025-07-21 06:05:43
632,71,RHI3nw,https://hackstack.io/urban/harvest/632,Status board meadow,True,2025-07-06 20:00:01,2026-01-07 19:08:54
633,348,JdYf4S,https://opswise.net/clear/beacon/633,Alert feed lagoon,True,2025-09-01 23:13:31,2026-01-25 23:21:15
634,162,u60u0U,https://example.com/lively/river/634,Launch deck river,True,2025-01-10 09:01:07,2025-05-21 23:39:46
635,102,UwmRcI,https://opswise.net/harbor/network/635,Roadmap update pioneer,False,2026-01-28 08:02:05,2026-02-06 04:55:20
636,4,f8kH3Q,https://example.com/vivid/zenith/636,Ops review pioneer,True,2025-06-05 03:54:48,2025-08-10 00:01:31
637,211,w524Cm,https://acme.dev/rapid/valley/637,Demo link river,True,2025-04-13 21:25:23,2025-11-17 18:22:41
638,288,mG6hkn,https://example.com/ember/harvest/638,Launch deck canyon,True,2025-04-01 04:02:21,2026-02-03 05:48:32
639,252,h13eRV,https://acme.dev/quiet/pioneer/639,Quarterly brief anchor,True,2025-02-04 02:05:18,2025-04-07 22:28:06
640,228,xXWJkC,https://example.com/forest/pioneer/640,Service guide quartz,True,2025-02-23 13:51:00,2026-01-29 21:56:16
641,41,E4wFp9,https://seeded.app/dawn/journey/641,Demo link valley,True,2026-02-10 14:33:22,2026-02-20 06:19:50
642,237,7mknzK,https://seeded.app/young/quartz/642,Ops review island,True,2025-07-09 00:04:28,2026-01-25 17:28:53
643,118,EUR1cu,https://opswise.net/warm/quartz/643,Ops review signal,True,2025-07-15 20:14:02,2025-11-06 20:15:49
644,201,TvdNde,https://hackstack.io/brisk/harvest/644,Status board field,True,2025-07-06 23:27:44,2025-11-22 09:38:45
645,42,HEPrGY,https://hackstack.io/quiet/lagoon/645,Quarterly brief zenith,False,2025-11-29 14:17:20,2026-01-16 11:28:34
646,392,mOh2BS,https://seeded.app/keen/signal/646,Roadmap update engine,True,2025-09-04 17:58:34,2025-09-17 07:05:01
647,350,LWrtrD,https://acme.dev/forest/harvest/647,Launch deck kernel,True,2025-11-03 12:07:56,2025-12-30 23:26:07
648,390,zwviNr,https://seeded.app/mellow/quartz/648,Demo link network,True,2025-11-14 11:17:37,2026-01-03 12:11:06
649,305,CCGlx6,https://opswise.net/amber/signal/649,Launch deck island,False,2025-12-02 17:37:08,2026-02-18 07:45:56
650,89,Ynl9yW,https://example.com/mellow/meadow/650,Campaign page window,True,2025-06-10 01:59:12,2025-06-19 10:49:14
651,203,rigtvo,https://acme.dev/keen/journey/651,Launch deck uplink,True,2025-05-29 01:08:16,2025-10-21 14:52:23
652,136,uC7sQz,https://opswise.net/tidy/uplink/652,Alert feed uplink,True,2025-12-28 11:31:40,2026-01-06 12:21:12
653,368,oEcZzJ,https://hackstack.io/keen/lagoon/653,Launch deck window,False,2025-05-16 22:13:44,2026-02-05 00:51:33
654,364,ZurBmc,https://opswise.net/rapid/network/654,Demo link lagoon,True,2026-01-17 06:48:25,2026-02-14 07:43:25
655,219,RpZQJJ,https://relay.cloud/silver/island/655,Roadmap update garden,True,2026-01-19 22:57:45,2026-01-26 11:39:28
656,92,Etm2Lo,https://opswise.net/quiet/island/656,Incident notes delta,True,2025-04-05 23:32:02,2025-06-11 03:42:18
657,225,zMlZYJ,https://opswise.net/keen/lagoon/657,Quarterly brief zenith,False,2025-03-16 07:24:20,2025-12-27 03:38:26
658,268,UzTANx,https://example.com/harbor/lagoon/658,Roadmap update beacon,True,2025-04-29 15:26:56,2025-06-21 12:35:23
659,388,2FuArI,https://opswise.net/rapid/uplink/659,Incident notes island,True,2025-05-23 14:20:12,2025-10-29 14:03:55
660,357,qdZfYb,https://seeded.app/vivid/kernel/660,Campaign page window,True,2025-11-01 15:41:31,2026-02-14 18:38:26
661,19,jvNKgQ,https://example.com/vivid/trail/661,Ops review trail,True,2025-10-04 01:49:10,2026-02-02 10:05:46
662,140,dpkbL5,https://acme.dev/opal/engine/662,Service guide river,True,2025-03-26 19:38:47,2025-09-02 05:34:54
663,287,Z2OGsI,https://hackstack.io/young/valley/663,Ops review pioneer,True,2025-12-03 14:11:19,2026-02-10 21:22:18
664,244,qLc6Qa,https://relay.cloud/young/beacon/664,Alert feed yard,True,2025-08-20 03:01:47,2025-11-18 11:16:19
665,207,Bonce3,https://relay.cloud/jade/zenith/665,Alert feed uplink,True,2025-08-07 02:15:14,2025-09-06 04:59:50
666,380,RUDnZV,https://seeded.app/harbor/window/666,Roadmap update delta,False,2025-01-09 13:08:48,2025-03-10 07:04:41
667,318,lFwiF6,https://hackstack.io/lively/harvest/667,Roadmap update harvest,True,2025-06-28 17:15:02,2026-02-15 22:45:53
668,120,ljQlas,https://seeded.app/tidy/signal/668,Campaign page canyon,True,2026-02-08 13:38:33,2026-02-19 05:31:02
669,236,QhNPKi,https://hackstack.io/brisk/window/669,Quarterly brief lagoon,True,2025-10-07 00:59:26,2026-02-20 21:29:08
670,79,AGIET8,https://opswise.net/brisk/lagoon/670,Incident notes harvest,True,2026-01-08 10:29:15,2026-02-13 01:03:45
671,35,kml9gg,https://opswise.net/dawn/meadow/671,Launch deck zenith,True,2025-11-02 01:15:40,2026-01-06 16:03:15
672,333,5IUp1T,https://relay.cloud/jade/quartz/672,Roadmap update delta,True,2025-11-08 10:43:37,2025-11-26 09:23:52
673,275,JKE59S,https://example.com/gold/window/673,Ops review zenith,True,2025-03-09 20:00:46,2025-08-25 18:36:00
674,10,SXPQAc,https://seeded.app/rapid/engine/674,Service guide window,True,2025-03-22 18:16:19,2025-06-04 16:16:47
675,348,uhvrxa,https://seeded.app/harbor/beacon/675,Demo link beacon,True,2025-09-18 21:38:45,2025-10-28 18:40:00
676,342,UcwmIw,https://example.com/brisk/quartz/676,Roadmap update garden,True,2025-12-23 07:57:50,2026-01-29 19:35:36
677,346,rbyJtN,https://opswise.net/navy/harvest/677,Alert feed field,True,2025-07-30 10:56:10,2026-02-03 19:39:35
678,85,xqCJ2F,https://acme.dev/jade/field/678,Alert feed window,False,2025-03-05 16:26:03,2025-08-16 02:41:34
679,139,zQed7G,https://seeded.app/cobalt/garden/679,Status board garden,True,2025-08-11 17:10:17,2025-10-29 20:21:10
680,4,2xL0xw,https://hackstack.io/dawn/window/680,Incident notes river,True,2025-08-07 23:01:39,2025-09-10 15:44:37
681,318,wN2obC,https://seeded.app/ivory/zenith/681,Status board field,True,2025-12-31 13:12:45,2026-01-07 16:24:33
682,72,bSsRtX,https://hackstack.io/dawn/quartz/682,Quarterly brief valley,True,2025-07-11 10:39:50,2025-08-02 00:41:24
683,194,aCo1TR,https://relay.cloud/gold/uplink/683,Launch deck harvest,True,2025-09-12 00:34:19,2025-11-17 15:51:08
684,283,8kR1do,https://acme.dev/quiet/engine/684,Incident notes harvest,True,2026-02-05 07:59:17,2026-02-09 04:45:18
685,230,BQhUXC,https://seeded.app/silver/beacon/685,Campaign page canyon,True,2025-01-09 23:40:36,2026-02-12 16:49:37
686,314,c2iNVC,https://hackstack.io/vivid/island/686,Campaign page valley,False,2025-03-04 04:46:16,2025-04-10 20:08:49
687,241,SB0dfG,https://relay.cloud/tidy/island/687,Incident notes journey,False,2025-04-26 11:38:29,2025-09-13 02:13:27
688,170,jX1TVR,https://acme.dev/young/engine/688,Incident notes kernel,True,2025-09-16 13:06:45,2025-11-18 00:00:01
689,236,vSU3S6,https://seeded.app/young/uplink/689,Alert feed river,True,2025-05-15 09:19:53,2025-07-08 17:54:09
690,230,32SETE,https://acme.dev/lively/engine/690,Demo link field,False,2025-05-04 08:42:24,2025-08-15 09:03:21
691,221,ufalFP,https://seeded.app/gold/beacon/691,Alert feed uplink,True,2025-01-12 23:54:44,2025-04-02 21:44:32
692,119,GOd8Yq,https://opswise.net/dawn/trail/692,Ops review orbit,True,2025-12-13 23:03:25,2026-01-14 00:23:41
693,180,pKouO0,https://example.com/warm/yard/693,Alert feed canyon,True,2025-04-19 13:12:51,2025-08-26 02:06:19
694,185,dhZdkC,https://example.com/silver/beacon/694,Campaign page journey,True,2025-04-29 04:38:27,2025-10-19 14:43:23
695,75,qeH2Ki,https://acme.dev/ember/pioneer/695,Service guide engine,True,2025-01-10 22:51:59,2025-11-11 05:37:59
696,22,osV9bS,https://opswise.net/brisk/trail/696,Service guide orbit,True,2025-07-21 19:45:38,2025-09-18 08:10:42
697,199,fuKvhr,https://seeded.app/urban/beacon/697,Ops review anchor,True,2025-12-04 20:30:15,2026-02-16 21:26:01
698,337,zlhlG5,https://relay.cloud/mellow/signal/698,Quarterly brief garden,False,2025-12-09 16:35:44,2026-02-07 21:34:13
699,264,IVZvwU,https://seeded.app/urban/trail/699,Incident notes trail,True,2025-03-15 01:29:41,2025-07-10 21:41:51
700,37,dRnrB8,https://seeded.app/harbor/engine/700,Alert feed journey,True,2025-08-09 08:17:45,2026-01-29 05:35:01
701,20,97Xzoe,https://acme.dev/rapid/engine/701,Launch deck yard,True,2025-06-06 00:17:20,2025-09-11 19:42:50
702,384,b7fyFn,https://hackstack.io/gold/anchor/702,Ops review anchor,True,2025-03-07 23:14:00,2025-12-17 12:27:50
703,201,AgYJaA,https://relay.cloud/silver/engine/703,Campaign page garden,True,2025-03-01 16:44:49,2025-12-26 16:04:14
704,236,LEm3fr,https://hackstack.io/silver/trail/704,Status board valley,True,2025-07-25 03:16:46,2025-09-11 11:32:55
705,206,94aTxL,https://relay.cloud/rapid/journey/705,Ops review pioneer,True,2025-09-04 03:22:57,2026-01-10 15:40:46
706,204,AB4385,https://example.com/warm/quartz/706,Service guide engine,False,2025-11-16 10:04:17,2026-02-02 09:36:03
707,388,AU8krK,https://acme.dev/mellow/meadow/707,Alert feed canyon,False,2025-07-11 14:40:02,2026-02-19 16:40:53
708,99,dtNGzX,https://opswise.net/vivid/pioneer/708,Demo link valley,True,2025-10-04 19:11:56,2026-02-07 11:32:33
709,400,JmtEEj,https://seeded.app/lively/quartz/709,Quarterly brief signal,True,2025-07-24 08:21:16,2025-08-28 03:02:13
710,268,931anj,https://hackstack.io/silver/canyon/710,Demo link field,True,2025-11-11 05:46:46,2025-11-24 13:45:26
711,323,rmTLm0,https://seeded.app/ivory/lagoon/711,Launch deck delta,True,2025-11-04 14:57:10,2025-11-07 07:21:34
712,324,CYfLrs,https://acme.dev/jade/uplink/712,Incident notes network,True,2025-04-30 19:52:03,2026-02-13 15:39:16
713,123,ANZ7O6,https://acme.dev/jade/quartz/713,Demo link kernel,True,2026-01-17 21:11:41,2026-02-13 18:47:40
714,225,gHUOxx,https://opswise.net/urban/anchor/714,Service guide beacon,False,2025-05-29 12:17:34,2025-11-04 03:18:09
715,131,B2vXie,https://opswise.net/jade/kernel/715,Demo link yard,True,2025-04-10 07:19:58,2025-08-17 09:56:40
716,140,f6H3qD,https://acme.dev/cobalt/journey/716,Alert feed zenith,True,2025-11-04 14:30:33,2025-11-09 07:55:03
717,278,EnikzD,https://opswise.net/urban/garden/717,Status board kernel,True,2025-11-25 09:09:01,2025-12-16 22:27:26
718,329,62Rrj5,https://relay.cloud/mellow/kernel/718,Launch deck delta,True,2025-08-22 19:42:00,2025-09-29 08:28:39
719,339,WDhh8R,https://relay.cloud/urban/uplink/719,Service guide zenith,True,2025-01-14 16:09:59,2025-03-28 21:04:06
720,208,1OyYr7,https://hackstack.io/opal/window/720,Quarterly brief window,True,2025-02-25 09:34:33,2025-12-05 19:55:53
721,79,jlmKLX,https://example.com/calm/harvest/721,Demo link quartz,True,2025-01-12 06:54:24,2025-10-28 10:09:58
722,337,PuicxX,https://seeded.app/silver/journey/722,Ops review harvest,False,2025-02-08 19:42:10,2025-04-06 17:43:49
723,116,jmZrQU,https://opswise.net/clear/signal/723,Demo link delta,True,2025-10-22 21:09:08,2026-01-04 20:58:09
724,328,Xn8uti,https://relay.cloud/silver/field/724,Quarterly brief yard,True,2025-03-17 20:42:09,2025-08-11 07:15:34
725,280,trcyM7,https://seeded.app/urban/uplink/725,Alert feed yard,True,2025-02-19 02:51:32,2025-04-05 10:40:58
726,251,Qu9Mu2,https://seeded.app/tidy/window/726,Incident notes engine,False,2025-08-11 00:40:30,2025-08-20 21:31:04
727,282,Ki6IzO,https://hackstack.io/young/journey/727,Quarterly brief valley,True,2025-01-20 08:16:42,2025-09-09 03:47:07
728,356,Kti3n9,https://seeded.app/silver/harvest/728,Quarterly brief harvest,True,2025-05-19 07:35:05,2025-11-10 18:09:34
729,275,SesqAZ,https://hackstack.io/clear/garden/729,Launch deck harvest,True,2025-08-02 19:27:54,2025-08-08 23:31:30
730,89,Z4WXIk,https://seeded.app/ember/valley/730,Ops review journey,True,2025-02-22 18:35:21,2025-04-28 13:02:39
731,297,yOzyka,https://example.com/young/meadow/731,Alert feed meadow,True,2025-03-29 22:53:02,2026-01-30 15:16:40
732,315,3ppVgO,https://example.com/urban/valley/732,Roadmap update delta,True,2025-11-22 05:06:36,2025-12-24 19:12:41
733,127,rGyrAn,https://example.com/brisk/orbit/733,Incident notes trail,True,2025-04-16 05:18:21,2025-05-14 23:09:41
734,82,TXvfHH,https://hackstack.io/gold/uplink/734,Status board yard,False,2025-04-15 07:55:35,2026-02-15 12:43:09
735,282,kj6X8d,https://relay.cloud/opal/island/735,Incident notes harvest,True,2025-03-08 23:53:31,2026-01-28 03:47:50
736,380,AubCnv,https://relay.cloud/jade/meadow/736,Service guide network,True,2025-05-14 02:44:48,2025-06-05 09:27:19
737,285,ZnqFFF,https://acme.dev/jade/signal/737,Service guide network,False,2025-01-24 13:22:47,2025-02-09 04:04:10
738,288,FH61dP,https://hackstack.io/proud/window/738,Alert feed zenith,False,2025-08-02 16:39:14,2026-02-03 22:40:14
739,246,PXLFyW,https://example.com/warm/meadow/739,Status board engine,True,2025-02-25 01:49:49,2025-06-09 09:12:04
740,1,7O4TOZ,https://hackstack.io/calm/kernel/740,Roadmap update network,True,2025-04-06 15:39:12,2025-08-30 12:16:46
741,100,ApAY7Z,https://relay.cloud/navy/pioneer/741,Demo link lagoon,True,2025-02-25 14:19:43,2025-08-30 23:57:45
742,35,9SC9XH,https://acme.dev/quiet/yard/742,Status board anchor,True,2025-02-02 23:00:41,2025-06-22 12:08:28
743,315,PUiLn3,https://example.com/calm/network/743,Service guide lagoon,True,2026-01-20 23:29:18,2026-01-27 16:57:43
744,174,91RjZd,https://acme.dev/harbor/journey/744,Quarterly brief river,True,2025-07-17 07:33:13,2025-12-04 23:58:43
745,90,8t1XWC,https://acme.dev/quiet/yard/745,Roadmap update delta,True,2025-11-26 22:24:34,2026-02-12 01:56:46
746,67,Xz6vBL,https://seeded.app/harbor/harvest/746,Alert feed field,True,2025-01-15 07:00:44,2025-04-26 23:59:03
747,60,lv6Sya,https://hackstack.io/clear/orbit/747,Launch deck engine,True,2025-07-07 11:48:31,2025-10-08 13:56:52
748,388,EFLPd7,https://opswise.net/silver/garden/748,Launch deck journey,True,2025-05-30 01:26:31,2026-01-24 07:46:39
749,128,OZpdqa,https://opswise.net/amber/quartz/749,Campaign page river,True,2025-01-16 18:05:27,2025-07-01 02:34:54
750,278,hSLBXV,https://hackstack.io/mellow/canyon/750,Service guide garden,True,2025-05-16 10:06:11,2025-10-15 20:16:15
751,360,xyR3qx,https://hackstack.io/keen/pioneer/751,Campaign page garden,True,2026-02-10 17:02:47,2026-02-11 17:26:20
752,305,SCqLzM,https://seeded.app/brisk/valley/752,Status board lagoon,True,2025-01-03 22:10:24,2025-02-08 19:31:52
753,379,JdJyEm,https://hackstack.io/urban/kernel/753,Campaign page beacon,False,2025-06-24 12:58:37,2025-07-16 10:48:38
754,281,AO21ng,https://example.com/lively/beacon/754,Alert feed engine,True,2025-04-02 22:18:07,2025-07-03 15:04:44
755,2,Artluy,https://hackstack.io/cobalt/window/755,Launch deck zenith,False,2025-11-16 19:31:45,2025-11-25 07:52:27
756,314,Tvaj8P,https://acme.dev/vivid/harvest/756,Alert feed meadow,True,2025-05-01 11:03:07,2025-07-31 06:20:40
757,108,WHnIL7,https://seeded.app/amber/pioneer/757,Service guide orbit,True,2025-10-12 19:13:04,2026-02-12 10:35:31
758,132,lSqicT,https://seeded.app/proud/trail/758,Service guide window,False,2025-06-19 01:47:56,2025-06-24 16:07:07
759,206,5GsTGw,https://hackstack.io/amber/window/759,Ops review harvest,True,2025-04-16 13:20:48,2025-06-08 02:51:35
760,124,5aLGGE,https://example.com/vivid/harvest/760,Status board beacon,True,2025-03-26 20:03:08,2025-08-05 08:25:13
761,375,CvfU5l,https://example.com/harbor/zenith/761,Launch deck yard,False,2026-01-04 14:41:30,2026-02-11 11:11:42
762,158,9XMYyH,https://hackstack.io/vivid/delta/762,Service guide river,False,2025-12-08 21:46:29,2026-02-02 06:01:08
763,313,WNhAym,https://acme.dev/silver/network/763,Launch deck meadow,True,2025-01-30 22:03:51,2025-04-18 17:13:24
764,99,tKtbYN,https://opswise.net/keen/window/764,Roadmap update engine,False,2025-12-17 08:42:05,2026-01-05 05:42:56
765,133,OksPtP,https://seeded.app/warm/lagoon/765,Demo link canyon,True,2025-03-28 09:40:08,2025-08-24 23:04:23
766,9,64y5Qf,https://hackstack.io/silver/delta/766,Alert feed uplink,True,2025-07-18 15:07:40,2025-10-18 22:10:22
767,213,nycRLI,https://relay.cloud/warm/lagoon/767,Campaign page island,False,2025-10-23 19:13:39,2026-01-28 12:25:09
768,135,sobsGK,https://acme.dev/jade/kernel/768,Quarterly brief kernel,True,2025-04-05 13:21:13,2025-07-16 13:44:56
769,48,jTRefr,https://seeded.app/proud/trail/769,Ops review delta,True,2025-03-15 19:26:51,2025-05-08 12:06:35
770,161,lMCH05,https://example.com/dawn/window/770,Incident notes island,True,2025-05-06 21:23:46,2025-07-15 21:17:09
771,1,pAxK2S,https://acme.dev/jade/yard/771,Ops review delta,True,2025-01-29 08:23:42,2025-11-05 07:38:30
772,117,nicTZ2,https://opswise.net/navy/uplink/772,Quarterly brief engine,False,2026-01-17 01:42:04,2026-02-06 02:29:47
773,42,eB1YrT,https://hackstack.io/brisk/pioneer/773,Service guide delta,True,2025-06-17 18:12:52,2025-10-26 23:05:05
774,272,NR0lZ8,https://example.com/proud/beacon/774,Service guide network,True,2025-10-02 08:47:11,2026-01-27 10:47:53
775,96,brihxI,https://opswise.net/navy/anchor/775,Ops review harvest,True,2025-11-04 20:16:33,2026-01-15 10:38:34
776,348,juS2hN,https://seeded.app/dawn/trail/776,Quarterly brief beacon,False,2025-01-28 21:56:30,2026-01-20 00:01:44
777,3,0y0KoF,https://opswise.net/warm/zenith/777,Ops review trail,True,2025-09-13 17:12:23,2025-10-17 15:33:00
778,111,LMpp6y,https://relay.cloud/vivid/valley/778,Incident notes signal,True,2025-01-18 20:16:24,2025-10-28 11:16:24
779,390,GUCkTF,https://acme.dev/lively/trail/779,Roadmap update journey,True,2025-04-27 13:15:19,2025-07-08 03:50:38
780,61,coSBgK,https://example.com/harbor/river/780,Launch deck orbit,True,2026-01-03 23:48:04,2026-02-18 23:43:00
781,6,84KL5S,https://opswise.net/ember/network/781,Campaign page journey,True,2025-01-28 01:15:23,2026-02-04 19:30:59
782,76,3IEM4a,https://acme.dev/keen/delta/782,Quarterly brief kernel,True,2025-03-10 23:58:10,2025-08-09 06:34:26
783,221,MOIv5w,https://hackstack.io/silver/zenith/783,Incident notes engine,False,2025-11-22 11:05:04,2026-01-07 09:50:33
784,131,w8s19b,https://acme.dev/brisk/harvest/784,Roadmap update anchor,True,2025-11-02 04:38:24,2026-01-23 16:44:08
785,104,iFSYlm,https://example.com/cobalt/meadow/785,Service guide quartz,True,2025-12-18 08:29:38,2026-01-27 03:23:17
786,353,uCM7hB,https://example.com/harbor/uplink/786,Service guide anchor,True,2025-11-04 00:27:00,2025-12-08 05:17:29
787,382,RD1w0e,https://acme.dev/dawn/network/787,Incident notes lagoon,False,2025-11-05 21:49:25,2026-01-08 03:18:21
788,70,qRiNSb,https://hackstack.io/vivid/window/788,Status board lagoon,True,2025-04-12 01:36:27,2025-05-08 02:24:23
789,26,Okm81N,https://acme.dev/calm/quartz/789,Status board field,True,2025-02-19 00:04:23,2025-03-30 09:51:29
790,301,Japxgb,https://acme.dev/brisk/field/790,Status board garden,True,2025-07-21 16:48:22,2026-02-07 17:23:51
791,193,v4boSP,https://example.com/calm/garden/791,Alert feed island,True,2025-07-12 16:42:04,2025-10-29 04:50:04
792,281,hHMzoF,https://acme.dev/quiet/delta/792,Demo link valley,True,2025-10-25 13:36:25,2026-01-06 15:07:30
793,87,uHm26p,https://hackstack.io/forest/garden/793,Status board canyon,True,2025-07-27 04:48:25,2026-02-20 05:14:46
794,360,6nl8ix,https://relay.cloud/young/lagoon/794,Quarterly brief engine,True,2025-09-14 00:53:06,2025-10-23 10:02:58
795,159,o2CAW9,https://example.com/young/harvest/795,Launch deck yard,True,2026-02-07 15:45:41,2026-02-15 14:54:25
796,266,elelPJ,https://acme.dev/brisk/zenith/796,Alert feed network,True,2025-12-16 01:25:49,2025-12-30 01:47:53
797,165,xYo49t,https://hackstack.io/warm/kernel/797,Quarterly brief journey,True,2025-04-14 23:49:36,2026-01-06 00:03:37
798,326,9C6RON,https://relay.cloud/clear/trail/798,Campaign page delta,False,2026-02-16 19:04:34,2026-02-18 18:28:55
799,114,fVfmtO,https://hackstack.io/urban/yard/799,Launch deck trail,True,2025-11-10 10:48:35,2025-11-17 02:33:13
800,385,e7XE3y,https://seeded.app/vivid/kernel/800,Demo link yard,True,2025-02-28 11:49:19,2025-04-06 15:13:00
801,363,Ox8RqQ,https://hackstack.io/keen/orbit/801,Alert feed trail,False,2025-11-06 22:59:55,2025-12-31 19:01:30
802,358,R93j63,https://acme.dev/rapid/window/802,Roadmap update river,True,2025-10-02 10:01:11,2025-11-12 13:42:39
803,261,A54R20,https://relay.cloud/calm/kernel/803,Alert feed zenith,True,2025-11-07 16:01:54,2025-12-17 14:27:38
804,388,ezxwVV,https://example.com/ivory/window/804,Ops review journey,True,2025-02-09 11:08:10,2025-11-02 13:10:42
805,27,BWrm4O,https://example.com/harbor/delta/805,Launch deck island,True,2025-02-16 00:59:13,2025-06-24 17:50:18
806,159,rLzS4V,https://relay.cloud/clear/anchor/806,Campaign page anchor,True,2025-07-26 09:05:45,2025-12-10 03:09:35
807,277,HkAjJX,https://opswise.net/young/field/807,Ops review quartz,True,2026-01-03 00:58:58,2026-01-09 22:42:50
808,335,MNzxgW,https://example.com/vivid/signal/808,Alert feed beacon,True,2025-04-08 06:28:05,2025-11-27 15:09:17
809,233,sXOImD,https://seeded.app/cobalt/engine/809,Service guide island,True,2025-05-01 23:59:00,2025-11-27 14:54:20
810,385,nDVhyX,https://seeded.app/lively/harvest/810,Incident notes valley,True,2025-06-23 15:34:22,2025-11-24 23:28:41
811,340,1MTOub,https://acme.dev/calm/network/811,Launch deck harvest,True,2025-02-24 12:00:37,2025-03-27 10:22:55
812,368,x8qcLj,https://acme.dev/warm/journey/812,Alert feed island,True,2025-05-03 11:49:06,2025-08-09 13:07:42
813,143,e12Eiq,https://opswise.net/lively/kernel/813,Ops review garden,True,2025-02-17 20:54:38,2025-07-03 10:11:56
814,190,7Sufsr,https://seeded.app/opal/kernel/814,Alert feed uplink,False,2025-07-05 15:21:51,2025-11-17 20:14:38
815,1,viFdNi,https://example.com/forest/yard/815,Service guide engine,True,2025-09-22 09:34:45,2025-11-17 18:24:43
816,182,baEx3m,https://opswise.net/harbor/garden/816,Campaign page beacon,True,2025-02-09 17:57:19,2025-03-24 09:22:43
817,352,lgqvVZ,https://relay.cloud/cobalt/journey/817,Service guide uplink,False,2025-05-19 05:59:25,2025-08-09 11:25:23
818,205,g0ciK0,https://relay.cloud/silver/journey/818,Campaign page window,True,2025-10-12 16:56:10,2025-10-31 21:30:08
819,113,62HJXF,https://seeded.app/keen/delta/819,Ops review journey,True,2026-01-01 03:33:49,2026-01-09 22:12:08
820,263,ouvXCR,https://opswise.net/harbor/delta/820,Quarterly brief island,True,2025-08-26 12:32:42,2026-01-28 07:28:18
821,258,YR3TiB,https://hackstack.io/opal/signal/821,Campaign page engine,True,2025-10-07 11:33:25,2025-12-31 02:20:18
822,91,5lmcLv,https://opswise.net/cobalt/orbit/822,Launch deck window,True,2025-04-22 04:51:21,2025-09-16 23:04:32
823,251,UiKWQG,https://example.com/rapid/harvest/823,Demo link garden,True,2025-10-27 14:11:43,2025-12-12 06:14:01
824,338,0W5Brj,https://seeded.app/amber/field/824,Status board journey,True,2025-05-11 22:11:51,2025-11-19 23:36:04
825,212,EjtTwr,https://opswise.net/clear/valley/825,Quarterly brief anchor,True,2025-12-05 10:13:54,2026-01-18 02:17:38
826,278,3fEgnz,https://example.com/ember/anchor/826,Quarterly brief orbit,True,2025-07-14 00:29:30,2025-11-05 22:11:37
827,312,wGZiIt,https://opswise.net/ivory/orbit/827,Ops review canyon,False,2025-02-01 15:47:23,2025-12-29 06:14:57
828,323,61mbfb,https://relay.cloud/quiet/island/828,Status board island,True,2025-01-25 14:32:20,2026-01-17 21:45:43
829,153,2kaD1D,https://example.com/amber/meadow/829,Alert feed trail,False,2025-08-16 18:48:38,2025-11-20 07:50:02
830,83,hA6qGZ,https://relay.cloud/jade/valley/830,Incident notes canyon,True,2026-01-10 13:18:38,2026-02-14 17:00:06
831,329,VBVuLe,https://hackstack.io/keen/kernel/831,Roadmap update kernel,True,2025-11-11 16:34:30,2025-12-07 09:31:01
832,60,JRdasQ,https://seeded.app/calm/engine/832,Alert feed journey,True,2025-04-21 22:07:13,2025-09-15 18:37:18
833,172,LlWZ7F,https://example.com/proud/garden/833,Incident notes canyon,True,2025-12-23 17:23:13,2026-02-13 20:39:30
834,243,UkpXus,https://opswise.net/ivory/uplink/834,Launch deck field,True,2025-09-04 06:27:03,2025-09-19 14:22:57
835,344,LsC18g,https://example.com/proud/yard/835,Demo link kernel,True,2025-05-11 14:33:56,2025-10-19 23:23:43
836,209,wOWgii,https://hackstack.io/tidy/kernel/836,Alert feed anchor,True,2025-04-29 17:05:56,2025-11-10 02:37:43
837,303,dUSmj0,https://acme.dev/gold/garden/837,Campaign page window,True,2025-02-20 16:18:44,2025-03-03 22:28:37
838,62,9q9otC,https://acme.dev/cobalt/canyon/838,Status board beacon,True,2026-01-03 02:12:44,2026-02-10 14:36:37
839,6,7zng0U,https://example.com/opal/network/839,Service guide field,True,2025-08-12 14:50:11,2026-02-05 02:58:29
840,11,erc3VW,https://opswise.net/keen/quartz/840,Ops review field,True,2026-01-12 11:46:15,2026-01-21 02:33:27
841,360,b5lqRU,https://relay.cloud/young/uplink/841,Ops review harvest,True,2025-07-04 00:56:33,2026-01-22 15:19:42
842,321,nuHti5,https://opswise.net/opal/window/842,Demo link zenith,True,2025-01-11 01:04:31,2025-10-21 01:00:14
843,163,xgcOqX,https://acme.dev/clear/signal/843,Quarterly brief garden,True,2025-12-19 06:09:02,2026-02-07 16:15:40
844,289,gX8rXZ,https://relay.cloud/cobalt/journey/844,Campaign page valley,False,2025-12-18 06:39:53,2026-02-08 20:39:09
845,246,daiG3B,https://relay.cloud/gold/uplink/845,Quarterly brief trail,True,2025-01-02 23:02:21,2025-06-09 02:25:46
846,271,8zlpjZ,https://relay.cloud/calm/quartz/846,Incident notes yard,True,2025-05-29 07:41:27,2026-01-25 08:57:23
847,379,Vn1AgP,https://opswise.net/proud/field/847,Demo link yard,True,2025-08-02 19:09:29,2025-10-06 18:56:56
848,120,Rr2lzW,https://example.com/proud/anchor/848,Quarterly brief anchor,True,2025-06-01 01:23:37,2025-11-23 04:04:09
849,360,pvMQWU,https://seeded.app/forest/canyon/849,Ops review engine,True,2025-05-01 22:29:47,2025-09-30 18:01:46
850,47,C7ZlcV,https://acme.dev/clear/zenith/850,Quarterly brief beacon,False,2025-05-18 03:26:39,2025-09-04 23:24:33
851,364,RG245e,https://relay.cloud/brisk/uplink/851,Alert feed window,True,2026-01-28 03:34:07,2026-02-08 01:41:19
852,193,5x0mPi,https://hackstack.io/ember/field/852,Alert feed field,False,2025-07-08 20:01:39,2025-08-17 03:56:04
853,380,pwIRop,https://opswise.net/urban/island/853,Quarterly brief valley,True,2026-02-20 13:32:44,2026-02-20 20:24:02
854,87,99J8Id,https://seeded.app/lively/delta/854,Status board kernel,True,2025-02-18 01:07:20,2025-03-19 05:27:31
855,167,V7DITd,https://seeded.app/cobalt/delta/855,Launch deck window,True,2025-02-02 05:34:45,2025-09-23 16:08:15
856,59,RZElkG,https://seeded.app/harbor/anchor/856,Demo link beacon,True,2025-05-30 17:50:14,2025-12-27 19:04:07
857,113,1ruQ5x,https://opswise.net/lively/anchor/857,Service guide valley,True,2025-10-24 02:10:19,2025-12-04 20:41:34
858,181,O2MUGx,https://opswise.net/young/island/858,Service guide island,False,2025-02-18 02:02:57,2026-02-13 10:50:45
859,387,vFFPZP,https://opswise.net/keen/yard/859,Alert feed garden,True,2025-09-16 15:04:19,2025-12-14 04:27:19
860,344,S3adlh,https://seeded.app/cobalt/trail/860,Demo link yard,True,2025-05-10 11:50:53,2025-12-19 17:04:48
861,245,iXK2mI,https://hackstack.io/gold/harvest/861,Ops review beacon,True,2025-02-17 11:06:48,2025-03-25 06:43:31
862,120,jpWrT9,https://relay.cloud/rapid/pioneer/862,Ops review engine,False,2025-10-18 02:08:45,2025-12-02 05:17:41
863,369,m1g3Xo,https://opswise.net/vivid/garden/863,Status board signal,True,2025-05-23 17:27:49,2025-11-03 12:20:58
864,39,naai3o,https://example.com/young/yard/864,Status board orbit,True,2025-06-27 06:02:02,2025-10-08 06:19:39
865,110,55GfRY,https://acme.dev/warm/river/865,Launch deck quartz,True,2025-12-29 07:35:56,2026-01-07 20:46:59
866,379,KYYNd4,https://opswise.net/urban/yard/866,Campaign page valley,True,2025-02-22 07:24:27,2025-12-08 13:14:04
867,177,sYZHYG,https://example.com/rapid/beacon/867,Roadmap update river,True,2025-12-09 07:23:47,2025-12-11 15:16:23
868,98,WCPSJ9,https://example.com/rapid/yard/868,Incident notes field,True,2025-01-25 18:53:48,2025-04-13 20:17:11
869,273,Ixaxf6,https://example.com/urban/engine/869,Incident notes anchor,True,2025-12-04 10:24:51,2025-12-29 11:26:06
870,65,buRXRS,https://hackstack.io/vivid/pioneer/870,Demo link signal,True,2025-04-14 21:10:29,2025-07-25 21:46:07
871,45,jQplL8,https://acme.dev/brisk/signal/871,Launch deck delta,True,2025-12-31 08:55:31,2026-02-18 16:49:54
872,16,4kU62A,https://acme.dev/proud/zenith/872,Roadmap update garden,True,2025-09-30 22:09:20,2026-01-08 12:55:05
873,302,5JbbnE,https://example.com/navy/canyon/873,Campaign page valley,True,2025-05-07 06:56:24,2025-10-30 18:49:41
874,134,MrOS8R,https://seeded.app/rapid/window/874,Campaign page trail,True,2025-04-08 07:54:29,2026-02-20 12:49:34
875,256,0sNOMx,https://seeded.app/quiet/zenith/875,Campaign page pioneer,True,2025-06-14 16:42:33,2025-10-08 14:04:39
876,318,ln0RJX,https://example.com/calm/yard/876,Alert feed beacon,False,2026-02-13 11:31:01,2026-02-19 07:13:10
877,78,QN4DiU,https://example.com/cobalt/signal/877,Campaign page journey,True,2025-03-27 20:02:03,2025-10-23 20:04:32
878,346,yl5azT,https://example.com/amber/beacon/878,Demo link window,True,2025-05-11 23:50:15,2025-07-19 00:28:56
879,341,yLU3Tp,https://example.com/opal/island/879,Status board beacon,True,2025-10-12 21:41:23,2025-11-30 13:52:28
880,12,2deNsy,https://seeded.app/tidy/uplink/880,Demo link field,True,2025-07-08 00:37:49,2025-10-19 23:50:32
881,262,9puYYs,https://hackstack.io/brisk/valley/881,Ops review field,True,2025-04-11 10:30:45,2025-09-07 21:25:31
882,301,DSyddj,https://seeded.app/calm/island/882,Status board zenith,True,2026-01-10 17:53:04,2026-02-14 04:14:35
883,303,9uFUKp,https://example.com/ivory/valley/883,Quarterly brief island,True,2026-01-22 21:19:15,2026-01-31 06:34:02
884,266,Rms9f6,https://example.com/clear/island/884,Ops review canyon,True,2025-10-01 07:14:26,2026-01-02 00:35:19
885,51,a5Ssk9,https://seeded.app/navy/delta/885,Incident notes beacon,True,2025-07-04 09:21:19,2025-11-23 22:35:55
886,299,hpgT58,https://relay.cloud/navy/journey/886,Demo link garden,True,2025-04-27 00:36:09,2025-06-13 11:33:00
887,227,CXmxef,https://example.com/ivory/canyon/887,Status board trail,True,2025-09-20 12:26:30,2026-01-10 16:47:12
888,10,Ne3aG0,https://relay.cloud/harbor/yard/888,Quarterly brief lagoon,False,2025-02-05 02:27:06,2025-12-04 00:44:15
889,94,KeU4KV,https://relay.cloud/calm/meadow/889,Alert feed valley,True,2025-05-11 18:12:22,2025-09-05 18:52:15
890,323,u5M7nX,https://example.com/dawn/island/890,Quarterly brief field,True,2026-01-06 20:40:40,2026-01-10 01:22:50
891,366,GUPfD1,https://hackstack.io/cobalt/delta/891,Service guide window,True,2025-03-12 11:27:39,2026-01-05 00:12:46
892,39,CaCsbX,https://acme.dev/vivid/harvest/892,Status board meadow,True,2025-01-27 09:35:16,2026-01-22 08:51:35
893,119,3L77GY,https://example.com/navy/delta/893,Campaign page delta,True,2025-11-09 17:19:02,2025-12-07 01:08:53
894,253,OQMMr5,https://relay.cloud/lively/trail/894,Roadmap update zenith,False,2025-10-01 13:02:23,2026-01-02 20:33:03
895,165,M0ypgS,https://acme.dev/amber/uplink/895,Launch deck zenith,False,2025-09-11 07:58:52,2026-01-01 15:12:05
896,98,Q2rQ02,https://opswise.net/navy/zenith/896,Ops review network,True,2025-03-27 05:46:52,2025-08-30 03:39:50
897,347,Ei34Im,https://example.com/tidy/trail/897,Service guide network,True,2025-05-21 07:59:59,2025-11-05 18:23:49
898,365,HnKoc2,https://example.com/clear/orbit/898,Status board lagoon,True,2025-11-07 02:08:03,2026-02-04 15:24:32
899,349,shvxa2,https://relay.cloud/jade/garden/899,Campaign page delta,True,2025-09-16 08:09:35,2025-12-13 06:58:54
900,174,sO4DQH,https://acme.dev/proud/uplink/900,Campaign page beacon,True,2025-02-12 10:25:36,2025-06-06 21:38:32
901,368,sg3dkX,https://hackstack.io/clear/lagoon/901,Ops review valley,True,2025-09-21 07:21:04,2025-12-30 05:45:15
902,148,bjMcb5,https://seeded.app/rapid/beacon/902,Service guide orbit,True,2025-05-26 04:50:10,2025-12-21 02:03:18
903,8,HsHKWI,https://example.com/proud/delta/903,Incident notes harvest,True,2026-02-06 08:32:35,2026-02-08 00:38:23
904,267,zmXgbC,https://opswise.net/clear/beacon/904,Alert feed yard,False,2025-05-23 21:25:10,2026-02-07 02:44:17
905,40,L2HA96,https://relay.cloud/opal/valley/905,Demo link engine,True,2025-10-06 01:51:17,2026-01-15 13:41:04
906,267,osowIe,https://relay.cloud/proud/harvest/906,Demo link uplink,True,2025-12-01 04:16:55,2026-02-05 17:21:59
907,301,r8C1Vz,https://seeded.app/urban/pioneer/907,Service guide beacon,True,2025-07-26 16:46:13,2025-10-01 11:28:30
908,344,myUPc8,https://acme.dev/calm/lagoon/908,Launch deck signal,True,2025-09-11 20:32:45,2025-12-06 21:13:15
909,220,3B5Ut9,https://opswise.net/cobalt/engine/909,Quarterly brief network,True,2025-04-14 01:08:04,2025-11-21 19:52:04
910,149,2wWZhP,https://seeded.app/ivory/island/910,Demo link river,True,2025-11-02 09:01:11,2025-12-18 15:33:57
911,152,li3Cnh,https://example.com/ivory/pioneer/911,Roadmap update delta,False,2026-02-10 05:52:16,2026-02-14 11:49:27
912,35,7GoF1V,https://hackstack.io/keen/quartz/912,Campaign page journey,True,2025-08-25 13:40:55,2025-10-24 14:15:36
913,353,9N43kK,https://acme.dev/brisk/journey/913,Incident notes field,True,2025-01-30 20:55:21,2025-03-23 02:00:22
914,249,TzmlUO,https://opswise.net/mellow/pioneer/914,Alert feed garden,True,2025-04-19 01:01:34,2025-04-23 07:01:08
915,53,AiAeqP,https://relay.cloud/lively/window/915,Ops review canyon,True,2025-10-17 23:15:24,2026-01-20 11:53:00
916,378,pc719K,https://relay.cloud/harbor/canyon/916,Launch deck network,False,2025-09-05 02:45:15,2025-11-08 14:19:34
917,56,5Gei2A,https://relay.cloud/amber/uplink/917,Status board canyon,True,2025-11-14 03:24:16,2025-11-21 05:45:34
918,109,3Q2BVn,https://acme.dev/silver/valley/918,Alert feed field,True,2025-04-18 18:45:44,2025-07-09 16:26:54
919,30,qeghS9,https://acme.dev/proud/yard/919,Service guide window,False,2025-08-27 14:03:13,2025-10-21 05:21:09
920,167,HsbVG4,https://hackstack.io/calm/journey/920,Roadmap update kernel,True,2025-02-11 07:40:03,2025-06-25 08:46:45
921,393,4FYtbt,https://relay.cloud/warm/quartz/921,Roadmap update orbit,False,2025-06-04 07:32:34,2025-06-20 06:11:00
922,14,7a66b6,https://relay.cloud/clear/quartz/922,Ops review island,True,2025-07-05 12:10:52,2025-12-06 21:57:08
923,120,shMor5,https://opswise.net/ivory/network/923,Campaign page valley,True,2025-01-18 14:59:40,2025-12-30 02:04:35
924,381,IZ3sW6,https://example.com/brisk/garden/924,Status board lagoon,True,2025-03-07 09:37:17,2025-08-16 07:40:55
925,262,mE2jJm,https://seeded.app/urban/field/925,Service guide network,True,2026-01-09 13:28:48,2026-01-20 01:18:31
926,332,lPmuMe,https://hackstack.io/dawn/beacon/926,Status board island,False,2025-09-04 04:50:12,2025-11-08 16:05:22
927,344,91llKX,https://relay.cloud/quiet/network/927,Quarterly brief kernel,True,2025-10-06 18:55:47,2026-02-01 20:27:54
928,195,oeS8lf,https://hackstack.io/quiet/harvest/928,Demo link uplink,True,2025-11-11 11:02:21,2026-01-18 16:56:41
929,339,14zNTg,https://acme.dev/young/river/929,Ops review journey,True,2025-06-27 20:03:33,2025-12-19 01:28:47
930,203,nKECUp,https://hackstack.io/keen/lagoon/930,Incident notes lagoon,True,2025-02-25 05:32:09,2025-09-02 06:49:50
931,38,5GoN3h,https://seeded.app/silver/trail/931,Alert feed yard,True,2025-09-19 01:15:52,2026-02-08 05:39:51
932,9,J9LeWF,https://opswise.net/navy/signal/932,Roadmap update canyon,True,2025-09-21 06:08:29,2025-11-10 21:03:58
933,114,jIgqVW,https://acme.dev/ivory/valley/933,Demo link signal,True,2025-12-02 07:27:03,2026-01-07 05:36:26
934,392,qdfwqN,https://relay.cloud/dawn/lagoon/934,Roadmap update delta,True,2025-02-13 15:20:38,2025-05-18 17:05:37
935,385,j8ybsM,https://opswise.net/forest/uplink/935,Service guide canyon,True,2025-03-05 17:25:46,2025-10-13 20:21:46
936,113,EMX3HB,https://acme.dev/rapid/trail/936,Roadmap update meadow,True,2025-10-04 13:07:21,2025-12-10 08:06:48
937,238,trhFlK,https://relay.cloud/forest/island/937,Roadmap update lagoon,True,2026-01-20 06:13:33,2026-02-06 00:42:53
938,114,Aa7ZM0,https://acme.dev/clear/yard/938,Service guide river,True,2025-01-06 07:18:13,2025-09-01 04:33:15
939,236,GR1Nfn,https://opswise.net/warm/beacon/939,Alert feed harvest,True,2025-03-07 04:28:15,2026-01-21 14:59:24
940,250,scgRkF,https://hackstack.io/vivid/valley/940,Campaign page engine,True,2025-05-15 23:46:53,2025-10-20 23:00:36
941,255,FY6a3c,https://example.com/cobalt/delta/941,Campaign page island,True,2025-11-24 11:51:21,2026-02-14 00:39:14
942,342,49PyrO,https://relay.cloud/navy/yard/942,Demo link beacon,True,2025-09-20 11:52:56,2026-01-19 01:11:31
943,384,Li5HCu,https://relay.cloud/navy/network/943,Campaign page lagoon,True,2025-09-19 19:19:18,2025-10-27 13:02:57
944,17,Uh5fuv,https://seeded.app/clear/beacon/944,Alert feed signal,True,2026-01-03 09:43:53,2026-01-27 09:19:19
945,229,Dtcwh8,https://opswise.net/gold/valley/945,Status board trail,True,2026-02-20 23:01:05,2026-02-20 23:15:06
946,211,2foG1T,https://opswise.net/tidy/harvest/946,Service guide meadow,True,2025-01-25 10:36:01,2025-03-04 15:46:57
947,75,wFes7F,https://seeded.app/ember/pioneer/947,Demo link window,False,2025-06-12 20:00:17,2026-02-04 13:15:58
948,170,B7DpYU,https://example.com/calm/orbit/948,Status board zenith,True,2025-02-22 17:43:12,2025-04-07 03:56:36
949,91,bby6fF,https://hackstack.io/young/pioneer/949,Ops review island,True,2025-04-24 10:57:26,2025-06-02 18:06:12
950,192,SDIeAu,https://relay.cloud/dawn/delta/950,Roadmap update quartz,False,2025-01-01 14:15:49,2025-11-04 22:54:47
951,24,Zk9UFw,https://hackstack.io/opal/network/951,Service guide network,True,2025-05-05 22:23:58,2025-06-02 12:50:00
952,288,QlkKUJ,https://example.com/lively/valley/952,Campaign page journey,True,2025-06-21 08:57:07,2025-12-31 00:20:24
953,154,eAqPMb,https://acme.dev/calm/delta/953,Launch deck lagoon,True,2025-03-17 20:41:56,2025-08-15 01:49:08
954,92,mMwWBL,https://opswise.net/clear/lagoon/954,Status board canyon,True,2025-09-09 14:28:19,2026-01-23 21:21:49
955,325,bSpRKs,https://acme.dev/vivid/yard/955,Demo link lagoon,True,2025-06-06 04:22:38,2025-07-05 18:11:35
956,119,J0Ne3Q,https://opswise.net/jade/anchor/956,Service guide kernel,True,2025-08-05 23:19:18,2025-12-26 07:01:57
957,221,xTE1MX,https://acme.dev/mellow/pioneer/957,Demo link delta,True,2025-11-26 22:34:46,2026-01-20 10:10:38
958,60,nexHvz,https://acme.dev/keen/beacon/958,Ops review engine,True,2025-03-24 08:53:34,2025-07-06 04:05:16
959,63,x6rFcd,https://opswise.net/jade/quartz/959,Alert feed engine,True,2025-03-30 19:21:17,2025-10-20 19:27:35
960,381,ZAn42L,https://acme.dev/ember/anchor/960,Status board harvest,True,2025-04-03 00:50:51,2025-11-29 01:32:43
961,340,dzjkXw,https://seeded.app/calm/zenith/961,Ops review kernel,True,2025-05-16 14:47:47,2025-07-24 13:28:41
962,207,XXS8Rb,https://seeded.app/warm/yard/962,Incident notes zenith,False,2025-05-27 03:33:51,2025-12-16 04:01:31
963,70,Ze0eRx,https://example.com/warm/delta/963,Quarterly brief harvest,True,2025-09-24 01:34:36,2025-12-07 02:29:38
964,349,goF2uG,https://seeded.app/navy/valley/964,Ops review quartz,True,2025-12-27 10:47:40,2026-01-22 12:25:13
965,363,6un9Ry,https://relay.cloud/mellow/trail/965,Roadmap update uplink,True,2025-01-16 14:56:47,2025-02-05 08:42:27
966,271,HIEJpq,https://example.com/quiet/trail/966,Status board river,True,2025-01-29 13:33:26,2025-06-29 05:10:32
967,251,rBB4DT,https://seeded.app/jade/island/967,Status board garden,False,2025-03-30 16:10:14,2025-05-22 19:21:21
968,375,nYughM,https://seeded.app/tidy/orbit/968,Launch deck beacon,True,2025-09-18 17:25:06,2025-11-07 12:31:05
969,18,vxb3q4,https://example.com/forest/kernel/969,Launch deck yard,True,2026-02-15 22:47:57,2026-02-20 12:00:46
970,136,XLhvp3,https://acme.dev/young/trail/970,Incident notes pioneer,True,2025-11-13 18:45:49,2026-01-15 17:08:04
971,115,DtKcyV,https://relay.cloud/clear/beacon/971,Demo link engine,True,2025-02-28 07:24:57,2025-08-31 23:09:40
972,94,bjUqWj,https://hackstack.io/gold/kernel/972,Incident notes river,True,2025-09-12 13:31:10,2025-11-11 05:22:03
973,191,oMB3LB,https://opswise.net/forest/engine/973,Campaign page valley,True,2025-10-04 17:02:38,2026-01-06 20:49:29
974,290,OYdb1E,https://acme.dev/quiet/island/974,Campaign page field,False,2026-02-13 12:14:59,2026-02-16 22:58:40
975,399,7UfzdV,https://opswise.net/ivory/uplink/975,Alert feed engine,True,2025-09-05 01:07:50,2025-12-22 01:18:35
976,17,58vr3f,https://seeded.app/dawn/trail/976,Roadmap update valley,False,2025-04-02 18:47:59,2025-05-11 09:58:29
977,180,mnFi0p,https://relay.cloud/jade/signal/977,Ops review uplink,True,2025-05-17 13:28:11,2025-12-19 21:56:25
978,60,HS6I5l,https://example.com/ember/pioneer/978,Incident notes lagoon,False,2025-01-02 18:37:25,2025-08-21 05:53:09
979,30,i6912y,https://relay.cloud/warm/network/979,Demo link signal,True,2025-07-02 20:45:30,2025-09-09 15:35:09
980,206,txqH4v,https://opswise.net/brisk/beacon/980,Launch deck zenith,True,2025-01-03 15:54:12,2025-09-10 03:43:15
981,57,I47sRB,https://relay.cloud/young/garden/981,Alert feed valley,True,2026-01-26 02:31:09,2026-02-07 08:42:47
982,146,ZKBB4A,https://relay.cloud/ivory/beacon/982,Demo link journey,False,2025-04-02 18:55:46,2026-01-02 17:19:35
983,220,uCrc7Y,https://example.com/opal/field/983,Campaign page kernel,True,2025-11-23 22:46:15,2026-01-03 16:11:13
984,30,6DK8Bb,https://example.com/forest/meadow/984,Campaign page orbit,True,2025-02-20 05:19:07,2025-06-17 03:34:13
985,362,q1L56X,https://hackstack.io/rapid/signal/985,Launch deck delta,True,2025-03-19 14:39:05,2025-08-18 08:26:53
986,12,lU7EFv,https://opswise.net/forest/engine/986,Status board valley,True,2025-07-27 20:43:18,2025-11-10 08:47:50
987,229,14Rrlp,https://relay.cloud/clear/harvest/987,Incident notes canyon,False,2025-12-23 20:33:03,2026-01-20 00:48:36
988,229,rWYeSv,https://acme.dev/warm/kernel/988,Demo link trail,True,2025-10-14 05:54:23,2025-12-25 07:33:20
989,84,umFrst,https://relay.cloud/mellow/zenith/989,Status board zenith,True,2025-11-27 14:39:51,2026-01-01 04:42:25
990,189,xisRgC,https://hackstack.io/vivid/zenith/990,Incident notes valley,True,2025-03-08 04:19:33,2025-12-09 17:50:17
991,306,sF9NTa,https://example.com/lively/zenith/991,Campaign page field,False,2025-11-04 04:32:20,2026-01-07 18:41:03
992,267,dEFWlF,https://relay.cloud/lively/kernel/992,Status board beacon,True,2025-02-09 17:21:47,2025-12-22 12:44:16
993,342,XcGVm3,https://example.com/ember/anchor/993,Demo link network,True,2025-11-09 23:51:41,2026-01-14 07:42:19
994,337,wAkaoi,https://acme.dev/jade/trail/994,Demo link delta,True,2025-11-26 11:20:17,2026-01-03 16:50:00
995,390,THq0S4,https://example.com/rapid/yard/995,Incident notes beacon,True,2025-01-03 20:06:13,2026-01-03 03:25:14
996,20,wSc9sX,https://acme.dev/gold/lagoon/996,Ops review canyon,True,2025-03-01 09:40:41,2025-09-30 09:10:53
997,14,I4gUmW,https://acme.dev/vivid/orbit/997,Quarterly brief field,True,2025-01-28 03:49:11,2026-01-27 06:00:41
998,42,hMVEcJ,https://opswise.net/keen/signal/998,Alert feed canyon,False,2025-03-20 19:06:04,2026-02-12 05:06:08
999,163,bYJ0hq,https://relay.cloud/young/zenith/999,Demo link garden,False,2025-07-10 03:48:17,2025-08-30 07:25:49
1000,42,q3EVCh,https://opswise.net/warm/beacon/1000,Service guide quartz,True,2025-08-18 13:27:30,2026-01-05 23:33:28
1001,120,p3SY1n,https://seeded.app/forest/lagoon/1001,Campaign page zenith,True,2025-07-23 02:17:44,2025-12-13 06:54:34
1002,245,IdpOIi,https://example.com/young/quartz/1002,Service guide network,True,2025-10-29 05:11:09,2025-11-30 15:30:27
1003,390,6mBd10,https://hackstack.io/mellow/anchor/1003,Demo link island,True,2025-05-25 10:29:14,2025-10-28 15:27:14
1004,139,jIhSAx,https://acme.dev/proud/signal/1004,Service guide journey,True,2025-10-12 05:36:02,2025-11-06 15:58:58
1005,372,omHyoV,https://seeded.app/harbor/quartz/1005,Alert feed garden,False,2025-04-02 11:00:25,2025-10-25 06:48:03
1006,81,i7ZZdp,https://acme.dev/opal/valley/1006,Campaign page window,False,2025-04-20 15:53:08,2025-05-12 21:00:22
1007,244,9ffQsn,https://acme.dev/amber/orbit/1007,Status board field,True,2025-09-03 01:50:58,2026-02-19 16:23:13
1008,120,rnYKUe,https://relay.cloud/harbor/uplink/1008,Demo link zenith,True,2025-06-20 13:32:22,2025-08-23 06:54:15
1009,32,BxYw9X,https://example.com/navy/pioneer/1009,Service guide window,True,2025-04-19 04:54:53,2025-10-26 21:54:04
1010,343,9uGbXt,https://hackstack.io/warm/network/1010,Campaign page engine,True,2025-04-02 17:21:23,2025-08-28 18:17:59
1011,251,CDUFH6,https://seeded.app/gold/beacon/1011,Quarterly brief delta,True,2025-05-23 00:16:27,2025-11-13 03:34:10
1012,294,7pWoJS,https://relay.cloud/navy/network/1012,Status board signal,False,2025-06-22 23:01:48,2025-09-07 22:11:14
1013,376,3cVKM6,https://acme.dev/ember/field/1013,Demo link island,False,2025-08-29 03:11:27,2025-11-05 21:52:18
1014,80,kZDONQ,https://acme.dev/brisk/quartz/1014,Incident notes journey,True,2026-01-19 08:58:25,2026-02-05 00:04:11
1015,329,xYHSUS,https://relay.cloud/jade/quartz/1015,Ops review journey,False,2026-02-20 06:58:27,2026-02-20 12:45:01
1016,93,HyRHer,https://hackstack.io/urban/trail/1016,Roadmap update river,True,2025-12-30 15:58:40,2026-01-11 17:40:59
1017,159,vkgd1m,https://acme.dev/amber/uplink/1017,Status board network,True,2025-01-29 11:42:37,2025-12-25 17:06:43
1018,47,7xNt0c,https://relay.cloud/quiet/network/1018,Alert feed journey,True,2025-04-23 21:19:43,2025-09-11 18:43:56
1019,173,hUtAHD,https://hackstack.io/urban/river/1019,Demo link delta,True,2025-08-11 06:43:05,2025-11-19 06:24:26
1020,304,KtiiV9,https://acme.dev/mellow/trail/1020,Incident notes signal,True,2025-01-30 04:58:54,2025-04-21 06:27:22
1021,213,UR8gsm,https://seeded.app/navy/zenith/1021,Campaign page lagoon,True,2026-02-19 03:34:49,2026-02-20 18:39:02
1022,42,gg4Sp7,https://relay.cloud/opal/lagoon/1022,Alert feed signal,True,2025-03-05 13:00:22,2025-07-23 19:14:15
1023,36,KupNWm,https://opswise.net/tidy/pioneer/1023,Launch deck beacon,False,2025-01-27 11:53:43,2026-01-19 04:40:10
1024,241,9LZVJh,https://opswise.net/warm/quartz/1024,Alert feed trail,True,2025-01-31 06:26:13,2025-10-09 06:16:17
1025,375,t2iWdg,https://opswise.net/opal/window/1025,Incident notes beacon,True,2025-03-19 23:00:39,2025-08-17 01:00:27
1026,224,RFJeJ0,https://opswise.net/proud/kernel/1026,Service guide uplink,True,2025-01-27 04:28:04,2025-09-09 22:11:31
1027,11,VORX1l,https://hackstack.io/rapid/zenith/1027,Service guide anchor,True,2025-10-07 06:08:41,2025-11-02 23:34:02
1028,43,aaQNWV,https://example.com/cobalt/meadow/1028,Campaign page trail,False,2026-01-21 05:35:20,2026-02-14 20:55:23
1029,306,xMkOpn,https://example.com/harbor/kernel/1029,Alert feed delta,True,2025-02-15 18:13:16,2025-07-07 11:00:36
1030,229,bpvHHg,https://hackstack.io/navy/harvest/1030,Ops review pioneer,True,2025-11-12 16:15:41,2025-12-02 18:38:09
1031,86,k2F3jE,https://relay.cloud/amber/lagoon/1031,Launch deck island,True,2025-07-01 01:34:04,2025-07-26 13:14:39
1032,355,fbEUrg,https://seeded.app/young/island/1032,Alert feed lagoon,True,2025-03-28 05:55:50,2025-09-26 20:21:17
1033,60,AXoqUp,https://example.com/warm/pioneer/1033,Demo link garden,True,2025-05-13 17:43:14,2025-07-26 17:35:27
1034,1,IYaV03,https://hackstack.io/amber/meadow/1034,Service guide orbit,False,2025-05-15 02:44:21,2025-10-01 16:08:10
1035,59,3TbvVv,https://seeded.app/keen/journey/1035,Campaign page river,True,2025-02-08 21:10:53,2025-05-12 23:19:56
1036,87,Y7WaBI,https://acme.dev/proud/meadow/1036,Service guide zenith,True,2025-02-19 02:32:32,2025-12-08 04:09:56
1037,162,X1fN7b,https://hackstack.io/vivid/signal/1037,Incident notes engine,True,2025-07-24 17:42:07,2025-08-22 10:38:05
1038,215,vBDJry,https://seeded.app/amber/island/1038,Alert feed canyon,True,2025-02-26 04:37:46,2025-10-13 08:39:10
1039,350,vF5jH8,https://hackstack.io/urban/window/1039,Status board lagoon,True,2025-07-09 21:18:19,2025-11-24 19:58:00
1040,339,qeGzaY,https://hackstack.io/quiet/trail/1040,Service guide network,True,2025-05-17 18:34:24,2025-08-26 05:59:07
1041,105,hJxzr1,https://acme.dev/forest/window/1041,Demo link delta,True,2025-10-06 03:33:15,2026-02-05 11:26:20
1042,281,4qw0of,https://example.com/gold/garden/1042,Demo link canyon,False,2025-06-07 03:17:03,2026-01-16 06:25:40
1043,48,Qr5Uac,https://example.com/warm/island/1043,Incident notes signal,True,2025-03-27 23:45:55,2025-09-19 13:15:15
1044,237,rgvNfd,https://seeded.app/amber/canyon/1044,Status board network,True,2025-03-07 03:14:33,2025-04-09 10:06:51
1045,355,BvzUU5,https://opswise.net/quiet/trail/1045,Campaign page orbit,True,2025-06-02 23:25:35,2026-02-03 12:19:58
1046,22,6DXOUt,https://relay.cloud/clear/valley/1046,Campaign page river,True,2025-10-31 01:08:26,2026-01-17 04:25:51
1047,312,IAapn1,https://hackstack.io/silver/beacon/1047,Roadmap update trail,True,2025-04-30 11:04:49,2025-09-06 06:34:57
1048,372,9p1ufm,https://acme.dev/warm/delta/1048,Ops review anchor,True,2025-05-12 00:53:21,2026-01-01 23:02:33
1049,237,VD6QyO,https://example.com/quiet/trail/1049,Ops review network,False,2025-03-09 10:39:09,2025-07-28 21:48:46
1050,377,b13PAe,https://seeded.app/navy/harvest/1050,Status board quartz,True,2025-11-17 17:29:20,2025-12-02 03:51:31
1051,96,NWaMxC,https://acme.dev/warm/network/1051,Status board meadow,True,2025-01-10 09:51:47,2025-10-31 13:13:33
1052,209,UqoHhl,https://acme.dev/mellow/zenith/1052,Incident notes window,True,2025-08-29 15:37:28,2025-10-25 14:48:19
1053,76,2LzIZv,https://opswise.net/gold/delta/1053,Service guide pioneer,False,2025-03-31 17:35:31,2025-07-29 05:38:42
1054,364,kfTZgv,https://hackstack.io/gold/river/1054,Incident notes meadow,True,2026-01-28 17:48:25,2026-02-06 13:18:26
1055,3,FRI8WM,https://acme.dev/amber/beacon/1055,Ops review quartz,True,2025-05-21 15:27:59,2025-07-27 07:27:50
1056,187,LtSjY7,https://opswise.net/clear/trail/1056,Status board delta,True,2025-01-31 11:03:42,2025-05-22 19:22:13
1057,379,NNcshY,https://hackstack.io/silver/quartz/1057,Roadmap update delta,False,2025-06-04 23:59:22,2025-08-21 04:16:04
1058,208,atfmeP,https://example.com/jade/kernel/1058,Launch deck network,True,2025-03-05 15:49:23,2025-04-17 16:36:12
1059,223,i2PUFv,https://seeded.app/quiet/signal/1059,Ops review kernel,True,2025-11-28 04:32:38,2025-12-25 20:53:31
1060,248,SqATqm,https://acme.dev/ember/quartz/1060,Ops review field,True,2025-09-02 00:57:26,2026-02-04 03:53:42
1061,257,R8q5qv,https://relay.cloud/clear/window/1061,Campaign page anchor,True,2025-08-03 13:05:32,2025-10-09 13:15:40
1062,183,3xfWhg,https://seeded.app/silver/yard/1062,Status board beacon,True,2025-05-25 15:08:33,2025-09-15 15:17:45
1063,185,QFYjcd,https://seeded.app/lively/window/1063,Ops review orbit,True,2025-05-13 01:37:53,2025-07-09 21:12:47
1064,368,hZgBLA,https://hackstack.io/lively/yard/1064,Quarterly brief signal,True,2025-03-07 17:12:47,2025-07-25 13:37:11
1065,309,Ot1rwm,https://example.com/cobalt/harvest/1065,Alert feed network,True,2025-02-12 10:29:25,2025-11-29 18:35:25
1066,71,clOkLN,https://opswise.net/harbor/uplink/1066,Roadmap update lagoon,True,2025-03-08 19:49:25,2025-10-15 12:24:26
1067,382,5QPwCU,https://relay.cloud/navy/river/1067,Roadmap update uplink,True,2025-12-17 03:01:11,2026-02-18 02:43:56
1068,104,svWdHi,https://relay.cloud/silver/quartz/1068,Alert feed pioneer,True,2025-08-12 05:18:20,2025-12-17 16:58:09
1069,342,1YULYr,https://hackstack.io/ember/river/1069,Ops review garden,True,2025-07-01 16:39:47,2025-08-03 19:55:07
1070,216,MV2dJ4,https://hackstack.io/harbor/river/1070,Roadmap update harvest,True,2025-06-26 01:15:37,2026-02-16 22:33:02
1071,144,1jYJra,https://hackstack.io/tidy/valley/1071,Quarterly brief harvest,True,2026-01-18 13:59:04,2026-02-07 16:09:59
1072,293,P1p38D,https://relay.cloud/harbor/anchor/1072,Incident notes field,True,2026-01-21 17:38:14,2026-01-30 23:17:03
1073,245,qf2tqF,https://example.com/jade/anchor/1073,Campaign page journey,True,2025-02-08 05:13:28,2026-01-04 16:14:31
1074,172,aHg6Qv,https://hackstack.io/calm/valley/1074,Ops review network,True,2026-01-21 13:48:55,2026-01-21 23:09:39
1075,141,HZ4DAr,https://acme.dev/ivory/window/1075,Service guide garden,True,2026-02-19 01:25:10,2026-02-20 11:02:27
1076,198,IIc3Qq,https://relay.cloud/harbor/network/1076,Status board yard,True,2025-08-30 15:48:37,2026-01-15 20:51:10
1077,309,t0wc0t,https://hackstack.io/ember/orbit/1077,Status board river,True,2025-04-02 07:28:56,2026-01-11 07:46:03
1078,387,Mz2vhr,https://hackstack.io/dawn/meadow/1078,Status board field,True,2025-01-26 04:17:55,2025-07-02 14:05:55
1079,212,I7mNPl,https://relay.cloud/brisk/pioneer/1079,Demo link uplink,True,2025-02-15 20:20:35,2025-08-31 14:27:05
1080,75,s9nAgs,https://opswise.net/lively/canyon/1080,Demo link garden,True,2025-03-13 03:18:27,2025-07-20 17:46:50
1081,205,SLQ5Jt,https://acme.dev/dawn/kernel/1081,Incident notes canyon,False,2025-12-22 02:31:42,2026-02-08 15:58:36
1082,206,I5UjVG,https://hackstack.io/ivory/engine/1082,Launch deck journey,False,2025-04-28 19:15:13,2025-07-13 20:29:14
1083,254,2Fo6uS,https://seeded.app/tidy/orbit/1083,Service guide harvest,True,2025-07-11 11:34:45,2026-02-02 18:20:22
1084,322,uTEPyt,https://relay.cloud/harbor/quartz/1084,Launch deck lagoon,True,2025-01-09 23:24:17,2025-01-14 02:44:45
1085,271,6Coosf,https://opswise.net/jade/window/1085,Service guide river,True,2025-07-23 05:17:08,2025-11-01 17:20:02
1086,202,KiZYaA,https://seeded.app/navy/meadow/1086,Incident notes uplink,True,2025-12-14 13:18:42,2025-12-19 19:28:22
1087,129,ZsZyr6,https://opswise.net/lively/yard/1087,Launch deck delta,True,2025-02-14 13:58:03,2025-04-14 17:35:54
1088,169,IB0soK,https://acme.dev/proud/kernel/1088,Quarterly brief kernel,True,2025-05-21 19:55:56,2025-10-15 22:09:43
1089,292,dDRo6c,https://hackstack.io/silver/beacon/1089,Status board pioneer,True,2025-10-24 22:47:19,2025-11-28 23:40:30
1090,260,pnx3C4,https://acme.dev/clear/river/1090,Incident notes garden,True,2025-05-31 22:13:13,2026-01-16 15:10:18
1091,310,aXhzEU,https://example.com/brisk/uplink/1091,Status board network,True,2025-12-02 09:05:59,2025-12-23 06:25:43
1092,107,CiFKsa,https://example.com/harbor/signal/1092,Alert feed delta,False,2025-03-22 08:47:52,2026-01-12 09:13:57
1093,290,lNFNve,https://hackstack.io/dawn/anchor/1093,Ops review trail,True,2025-03-08 09:58:12,2025-11-22 15:19:35
1094,306,iH7JNR,https://relay.cloud/ember/window/1094,Demo link field,True,2025-11-26 00:44:01,2026-01-13 20:30:05
1095,383,I9pan6,https://acme.dev/calm/quartz/1095,Quarterly brief anchor,True,2025-10-09 23:56:17,2025-12-30 13:52:15
1096,61,dg51oZ,https://hackstack.io/clear/orbit/1096,Service guide field,True,2025-10-03 12:17:04,2026-01-27 16:55:47
1097,126,RDsT1J,https://relay.cloud/gold/garden/1097,Demo link lagoon,True,2025-08-30 22:57:48,2025-10-08 19:44:54
1098,284,mHouT6,https://opswise.net/vivid/garden/1098,Status board river,True,2025-11-30 16:22:06,2026-01-14 04:21:44
1099,391,dJXYv1,https://opswise.net/quiet/orbit/1099,Service guide river,True,2025-01-20 00:08:12,2025-12-22 12:23:52
1100,186,Cfo4GF,https://seeded.app/opal/lagoon/1100,Status board engine,False,2025-01-15 05:05:54,2026-02-06 19:08:21
1101,359,aNiDQQ,https://relay.cloud/calm/river/1101,Quarterly brief valley,True,2025-02-20 11:02:58,2025-03-19 00:51:06
1102,162,VJnk2d,https://example.com/ember/orbit/1102,Demo link delta,True,2025-04-25 19:26:36,2025-05-01 19:26:14
1103,328,XJlBhP,https://example.com/young/delta/1103,Service guide lagoon,True,2025-12-30 03:59:24,2026-02-03 17:08:03
1104,29,IJ6iiX,https://relay.cloud/calm/kernel/1104,Quarterly brief pioneer,True,2025-03-02 20:38:19,2025-12-01 20:32:01
1105,192,YKdOmT,https://acme.dev/proud/trail/1105,Quarterly brief trail,True,2025-11-11 04:42:48,2025-12-05 15:38:04
1106,217,hGH28e,https://seeded.app/calm/river/1106,Launch deck kernel,True,2025-09-11 19:41:27,2026-01-08 06:51:06
1107,161,GSrgDz,https://relay.cloud/warm/orbit/1107,Roadmap update zenith,True,2025-04-30 07:10:29,2025-07-18 06:47:10
1108,222,AjA2w1,https://acme.dev/gold/harvest/1108,Campaign page field,True,2025-11-04 14:39:08,2025-12-09 18:23:33
1109,286,JroyRQ,https://opswise.net/harbor/island/1109,Incident notes orbit,True,2025-10-06 11:09:49,2026-01-11 08:30:19
1110,19,FcxGup,https://acme.dev/silver/delta/1110,Campaign page zenith,True,2025-07-29 03:34:34,2025-09-25 11:18:08
1111,305,FFzoOp,https://hackstack.io/rapid/engine/1111,Demo link yard,True,2025-08-12 18:28:10,2025-09-11 08:10:05
1112,162,pXB2jx,https://example.com/dawn/beacon/1112,Demo link river,True,2025-06-23 15:49:47,2026-02-18 20:59:37
1113,340,3HYpfX,https://acme.dev/forest/trail/1113,Ops review canyon,True,2025-03-20 21:58:59,2025-04-18 05:09:46
1114,342,1WvDqw,https://relay.cloud/keen/river/1114,Quarterly brief island,True,2025-03-23 19:23:58,2025-05-14 12:26:00
1115,41,V5ldBM,https://relay.cloud/dawn/anchor/1115,Launch deck journey,True,2026-01-04 23:31:28,2026-01-16 07:15:10
1116,75,iw1PkK,https://acme.dev/clear/valley/1116,Status board trail,True,2025-03-27 01:41:33,2025-05-15 20:20:15
1117,325,wj3vUk,https://example.com/ivory/network/1117,Incident notes beacon,True,2025-03-07 00:27:36,2025-09-03 23:55:17
1118,339,qe6EYq,https://hackstack.io/calm/island/1118,Campaign page harvest,True,2025-07-10 20:08:33,2025-12-13 09:28:32
1119,144,n1znrX,https://hackstack.io/silver/canyon/1119,Quarterly brief harvest,False,2025-02-21 22:26:16,2025-08-11 03:57:59
1120,234,CacHNc,https://seeded.app/opal/orbit/1120,Demo link lagoon,True,2025-03-03 21:49:59,2025-04-06 00:33:50
1121,202,x6Th0v,https://acme.dev/mellow/canyon/1121,Roadmap update beacon,False,2025-12-02 00:46:55,2026-02-01 09:17:19
1122,39,lyxCo3,https://example.com/cobalt/garden/1122,Demo link meadow,True,2025-02-05 10:55:54,2025-12-02 07:11:14
1123,20,dBHV8l,https://acme.dev/keen/network/1123,Status board kernel,True,2025-01-08 02:57:58,2025-06-20 04:49:49
1124,319,UQTCL6,https://seeded.app/silver/window/1124,Roadmap update network,True,2025-07-17 11:44:12,2025-10-27 16:51:58
1125,46,Dp5Zfc,https://relay.cloud/tidy/trail/1125,Ops review window,True,2025-02-05 22:09:53,2025-08-04 23:02:53
1126,18,rpFyM4,https://acme.dev/young/kernel/1126,Campaign page window,True,2025-10-17 21:44:14,2026-02-11 04:49:37
1127,100,qIpt1x,https://opswise.net/tidy/delta/1127,Incident notes network,True,2025-11-30 18:40:27,2026-01-21 16:26:57
1128,214,ofvRbw,https://acme.dev/brisk/island/1128,Ops review signal,True,2025-09-24 06:29:35,2026-01-08 04:54:21
1129,361,LyLGXE,https://hackstack.io/clear/anchor/1129,Quarterly brief orbit,True,2025-12-13 08:23:24,2026-01-26 06:48:01
1130,293,xVtlGH,https://acme.dev/ivory/orbit/1130,Launch deck meadow,True,2025-03-25 21:54:41,2025-10-05 10:56:54
1131,304,YhMct8,https://example.com/brisk/beacon/1131,Demo link field,True,2025-10-15 18:08:06,2025-12-11 08:50:26
1132,161,2BllKF,https://opswise.net/silver/delta/1132,Campaign page meadow,True,2025-03-17 02:37:20,2025-03-26 15:18:37
1133,213,NYA7W2,https://opswise.net/brisk/delta/1133,Service guide signal,True,2026-02-14 10:51:24,2026-02-20 06:01:13
1134,169,N8b4ZY,https://acme.dev/brisk/yard/1134,Alert feed lagoon,True,2025-12-25 10:36:06,2026-01-23 16:53:23
1135,81,ta1wrd,https://hackstack.io/opal/journey/1135,Quarterly brief network,False,2025-12-29 12:41:02,2025-12-31 18:39:59
1136,187,00Q1nv,https://opswise.net/jade/zenith/1136,Quarterly brief network,True,2025-03-08 19:22:33,2025-04-28 04:11:37
1137,132,HhIWSa,https://example.com/jade/quartz/1137,Alert feed quartz,True,2025-12-03 08:14:09,2026-02-13 21:05:28
1138,164,fl0dh0,https://seeded.app/opal/garden/1138,Status board meadow,False,2025-12-13 01:29:57,2025-12-22 15:06:12
1139,193,fJgIgr,https://seeded.app/warm/uplink/1139,Launch deck valley,False,2025-02-07 14:37:33,2025-11-21 23:09:38
1140,361,xxxEvF,https://relay.cloud/harbor/yard/1140,Ops review kernel,True,2026-01-29 05:32:17,2026-02-02 14:06:24
1141,272,AaBVgL,https://acme.dev/ember/kernel/1141,Incident notes window,True,2026-01-01 18:02:14,2026-01-21 08:06:21
1142,386,MU027V,https://acme.dev/urban/garden/1142,Launch deck yard,True,2025-12-29 11:16:19,2026-02-07 12:07:02
1143,374,vjR6V8,https://opswise.net/harbor/journey/1143,Alert feed lagoon,True,2025-09-14 17:38:55,2026-01-26 11:40:58
1144,201,52I5am,https://hackstack.io/ivory/signal/1144,Ops review meadow,True,2025-04-22 15:30:01,2025-09-16 17:18:21
1145,2,YgszGd,https://relay.cloud/ember/trail/1145,Incident notes pioneer,True,2025-07-31 05:57:34,2025-08-12 23:13:44
1146,297,fN4MYf,https://example.com/ivory/anchor/1146,Launch deck pioneer,True,2025-03-03 11:47:08,2025-11-04 17:05:46
1147,163,6AFlLa,https://relay.cloud/lively/anchor/1147,Alert feed island,True,2025-06-23 03:05:01,2025-07-07 06:58:27
1148,69,JTKa9e,https://hackstack.io/cobalt/yard/1148,Service guide yard,True,2025-03-06 19:02:47,2025-10-10 00:43:46
1149,39,ea6pIF,https://seeded.app/forest/delta/1149,Launch deck garden,True,2026-01-31 12:43:05,2026-02-15 22:04:50
1150,248,UvzrMF,https://opswise.net/proud/river/1150,Ops review canyon,True,2025-12-03 11:35:00,2025-12-30 00:08:25
1151,319,xkXrrA,https://relay.cloud/vivid/field/1151,Quarterly brief garden,True,2025-11-08 23:57:49,2025-11-19 11:57:02
1152,3,EVzArM,https://acme.dev/vivid/canyon/1152,Service guide field,False,2025-04-16 08:34:32,2026-02-08 10:18:41
1153,151,9ua0rv,https://acme.dev/keen/delta/1153,Incident notes field,True,2025-09-19 10:02:05,2026-02-15 10:15:31
1154,168,ZruX4J,https://relay.cloud/quiet/orbit/1154,Alert feed meadow,False,2025-01-10 09:26:18,2025-03-07 13:56:57
1155,182,na5Lax,https://opswise.net/forest/zenith/1155,Status board lagoon,False,2025-02-28 01:08:25,2025-02-28 03:28:26
1156,67,HpJ3Ij,https://relay.cloud/jade/signal/1156,Quarterly brief signal,True,2025-09-20 20:13:36,2026-02-06 10:46:46
1157,298,XcwJSm,https://acme.dev/clear/garden/1157,Service guide lagoon,True,2025-03-03 05:03:13,2026-01-15 11:55:58
1158,178,ph3iEa,https://seeded.app/harbor/beacon/1158,Alert feed canyon,True,2025-04-23 03:44:55,2026-01-22 10:14:58
1159,281,YNl9w3,https://acme.dev/young/river/1159,Campaign page quartz,False,2025-03-31 02:28:37,2026-02-16 04:31:41
1160,192,KSU6AB,https://example.com/ivory/trail/1160,Demo link meadow,True,2025-01-26 08:56:11,2025-01-26 23:05:42
1161,74,xLoZUq,https://acme.dev/tidy/kernel/1161,Quarterly brief zenith,True,2025-01-14 03:35:26,2025-09-12 07:49:14
1162,345,K0r5cK,https://opswise.net/opal/meadow/1162,Incident notes engine,True,2025-08-07 16:43:40,2025-08-26 22:16:59
1163,192,N42nR1,https://hackstack.io/gold/yard/1163,Status board trail,True,2025-03-21 14:24:00,2025-06-28 06:07:59
1164,137,MNPLUF,https://acme.dev/keen/river/1164,Roadmap update uplink,True,2026-01-18 00:33:22,2026-02-16 18:15:59
1165,297,9iTF4L,https://relay.cloud/keen/lagoon/1165,Campaign page delta,True,2025-08-26 21:47:23,2025-11-24 17:28:13
1166,389,JHwHSI,https://acme.dev/silver/anchor/1166,Roadmap update window,True,2025-09-14 12:47:29,2025-12-31 06:10:33
1167,67,vx7GY2,https://opswise.net/young/anchor/1167,Campaign page anchor,True,2025-02-19 02:29:27,2025-03-06 07:32:36
1168,384,VvYtj1,https://opswise.net/ivory/island/1168,Roadmap update beacon,True,2025-04-18 10:06:04,2025-10-28 21:36:13
1169,257,byisf4,https://relay.cloud/young/delta/1169,Incident notes uplink,True,2025-10-31 06:19:27,2025-12-11 11:05:46
1170,1,P9FfXR,https://opswise.net/calm/window/1170,Campaign page journey,False,2025-06-18 19:48:30,2025-07-09 22:50:19
1171,15,3lqWDJ,https://relay.cloud/rapid/river/1171,Roadmap update island,True,2025-03-02 16:15:21,2025-09-05 09:15:10
1172,95,Uu2cSI,https://hackstack.io/keen/river/1172,Ops review quartz,False,2025-07-05 03:42:06,2025-09-24 18:55:24
1173,302,Oez6eD,https://acme.dev/mellow/meadow/1173,Quarterly brief uplink,False,2025-08-29 23:05:43,2025-12-30 21:55:47
1174,280,S8gi7U,https://acme.dev/harbor/pioneer/1174,Ops review signal,False,2025-04-29 12:48:51,2025-11-23 03:25:28
1175,308,3I1eWr,https://hackstack.io/dawn/valley/1175,Ops review garden,True,2025-03-06 20:57:43,2025-09-16 12:35:35
1176,73,A6Z3R1,https://hackstack.io/silver/trail/1176,Demo link kernel,True,2025-02-09 10:24:48,2025-05-21 17:21:33
1177,138,V1kHGg,https://acme.dev/warm/lagoon/1177,Launch deck journey,True,2025-11-28 12:51:28,2025-11-28 14:48:37
1178,81,azDa7D,https://acme.dev/navy/meadow/1178,Launch deck harvest,False,2025-05-26 06:02:56,2025-06-22 06:42:33
1179,338,CUsonV,https://hackstack.io/rapid/orbit/1179,Demo link uplink,False,2025-04-17 20:43:58,2025-08-02 12:39:45
1180,395,19nPsG,https://example.com/quiet/window/1180,Service guide journey,True,2025-03-29 16:58:57,2026-02-09 03:59:36
1181,271,SXqFIU,https://seeded.app/harbor/journey/1181,Ops review river,True,2025-08-08 17:53:13,2025-11-11 20:38:39
1182,274,S3WAbg,https://opswise.net/ivory/pioneer/1182,Alert feed network,True,2025-07-24 00:43:42,2025-11-18 09:29:16
1183,193,vWeccl,https://hackstack.io/keen/lagoon/1183,Service guide trail,False,2025-04-22 23:47:15,2025-07-03 12:48:58
1184,15,hgEwuS,https://seeded.app/gold/window/1184,Status board valley,False,2025-01-16 11:02:37,2026-01-14 11:01:57
1185,149,P9FPwf,https://acme.dev/lively/network/1185,Demo link garden,True,2025-06-17 09:58:01,2025-07-18 13:52:30
1186,360,LGljdO,https://relay.cloud/silver/meadow/1186,Status board harvest,True,2025-12-12 15:54:43,2026-02-20 16:55:02
1187,256,BGWTOC,https://relay.cloud/gold/beacon/1187,Incident notes river,True,2025-01-08 07:14:46,2025-06-12 19:19:33
1188,382,vXDoyR,https://relay.cloud/navy/engine/1188,Quarterly brief pioneer,True,2025-07-20 01:05:11,2025-10-19 07:23:36
1189,301,45LZkp,https://hackstack.io/dawn/delta/1189,Alert feed uplink,True,2025-06-09 22:33:23,2026-02-20 14:17:36
1190,239,Z3QaHO,https://acme.dev/clear/network/1190,Incident notes zenith,True,2025-07-09 19:16:49,2026-02-11 00:23:38
1191,85,Mi1v6a,https://seeded.app/silver/meadow/1191,Launch deck valley,True,2025-03-01 11:02:50,2025-09-12 20:53:09
1192,74,wC9nW2,https://seeded.app/brisk/anchor/1192,Ops review trail,True,2025-08-10 14:30:14,2026-02-13 03:49:12
1193,54,3Sv3Lx,https://relay.cloud/brisk/beacon/1193,Alert feed kernel,True,2025-10-03 20:26:03,2026-01-15 17:22:08
1194,263,ixKN4k,https://hackstack.io/amber/orbit/1194,Alert feed journey,True,2025-03-19 05:45:07,2025-09-26 13:01:29
1195,27,iW7WwP,https://relay.cloud/ember/valley/1195,Service guide lagoon,False,2025-01-20 23:39:14,2025-11-11 12:16:50
1196,324,OIC5I2,https://hackstack.io/quiet/kernel/1196,Alert feed island,True,2025-12-27 05:55:28,2026-01-15 09:34:05
1197,43,7bYxUL,https://acme.dev/amber/signal/1197,Demo link delta,False,2025-06-14 18:06:23,2025-07-06 22:07:49
1198,191,CkjBeE,https://example.com/mellow/river/1198,Alert feed anchor,True,2025-10-05 22:51:07,2026-01-21 09:52:58
1199,228,4ZYTYz,https://opswise.net/tidy/journey/1199,Ops review garden,True,2025-09-16 21:35:41,2025-12-20 10:42:24
1200,130,hFvGwe,https://seeded.app/forest/kernel/1200,Ops review beacon,True,2025-03-03 07:02:16,2025-06-16 03:29:06
1201,350,M8s3kK,https://seeded.app/ivory/beacon/1201,Status board zenith,True,2025-05-09 03:37:18,2025-05-14 12:55:56
1202,370,XgAri5,https://acme.dev/opal/uplink/1202,Service guide island,False,2025-03-17 15:44:11,2026-02-07 09:19:45
1203,75,0AQlFU,https://example.com/gold/delta/1203,Status board pioneer,True,2025-02-07 13:52:43,2025-10-31 19:23:39
1204,225,KEfSFz,https://acme.dev/lively/anchor/1204,Service guide beacon,True,2025-11-06 09:09:27,2025-11-13 20:10:05
1205,315,uGujHC,https://opswise.net/quiet/yard/1205,Launch deck signal,False,2025-05-31 00:13:12,2025-11-28 19:28:48
1206,43,Rlp2QR,https://acme.dev/mellow/harvest/1206,Status board quartz,True,2025-09-29 00:57:47,2026-02-01 05:11:22
1207,274,t0BmMJ,https://example.com/lively/network/1207,Quarterly brief journey,True,2025-01-02 13:51:31,2025-02-26 14:24:03
1208,228,nypE2W,https://acme.dev/warm/quartz/1208,Ops review river,False,2025-02-03 22:51:03,2025-08-25 22:21:18
1209,180,JPC12C,https://seeded.app/silver/zenith/1209,Alert feed island,True,2025-03-03 12:19:02,2025-10-24 01:21:07
1210,190,07HKLP,https://acme.dev/ember/lagoon/1210,Alert feed yard,True,2025-04-01 16:13:42,2025-12-19 13:14:33
1211,6,H1dTVj,https://hackstack.io/clear/river/1211,Quarterly brief trail,True,2025-04-01 11:58:14,2025-06-27 03:14:49
1212,11,iWnvcA,https://example.com/vivid/river/1212,Demo link signal,False,2025-04-06 16:04:14,2026-01-28 16:02:30
1213,80,sKtmTU,https://acme.dev/jade/pioneer/1213,Status board quartz,True,2025-09-20 15:57:32,2025-10-30 19:48:55
1214,227,QVlkT9,https://opswise.net/calm/engine/1214,Campaign page journey,True,2025-03-17 21:42:20,2025-10-25 07:22:23
1215,350,rAMR3P,https://example.com/amber/island/1215,Quarterly brief field,True,2025-10-10 02:38:28,2025-12-07 05:59:52
1216,121,TBZn4M,https://seeded.app/dawn/signal/1216,Campaign page garden,True,2025-07-04 06:59:20,2025-07-15 18:09:51
1217,364,K2yfSH,https://relay.cloud/opal/orbit/1217,Incident notes delta,True,2025-11-25 15:22:31,2025-12-23 03:56:28
1218,86,2A2gJR,https://example.com/quiet/valley/1218,Service guide engine,True,2025-02-24 07:44:17,2025-10-21 15:41:06
1219,46,n5sKvl,https://example.com/rapid/canyon/1219,Incident notes river,True,2025-02-19 14:40:00,2025-10-01 13:20:59
1220,130,z3lE0L,https://hackstack.io/urban/field/1220,Quarterly brief harvest,True,2025-06-12 21:53:52,2025-12-30 22:18:40
1221,113,z3SsUA,https://relay.cloud/young/quartz/1221,Launch deck uplink,True,2026-02-11 10:48:34,2026-02-18 08:32:28
1222,223,zuutQQ,https://relay.cloud/rapid/quartz/1222,Demo link engine,True,2025-01-19 17:04:41,2025-08-03 09:10:15
1223,326,f3XHTz,https://hackstack.io/silver/network/1223,Quarterly brief yard,True,2025-01-29 03:50:34,2025-10-17 04:00:53
1224,174,02FcnE,https://example.com/gold/harvest/1224,Launch deck uplink,True,2025-01-16 17:56:29,2025-01-30 04:38:24
1225,140,vd0kVR,https://seeded.app/proud/field/1225,Service guide harvest,False,2025-05-30 18:55:27,2025-10-04 15:17:57
1226,175,EHhs9J,https://seeded.app/quiet/pioneer/1226,Roadmap update valley,True,2025-12-18 10:54:07,2026-01-28 06:01:33
1227,244,84JC6j,https://example.com/rapid/island/1227,Incident notes anchor,True,2025-05-10 23:32:39,2025-07-07 21:10:57
1228,52,YGJ5nl,https://relay.cloud/opal/orbit/1228,Roadmap update trail,True,2025-01-02 19:49:22,2025-03-12 18:30:11
1229,105,WMLxqd,https://relay.cloud/young/beacon/1229,Demo link beacon,False,2025-01-02 22:14:34,2025-02-05 10:17:32
1230,122,13mTkr,https://acme.dev/ivory/island/1230,Quarterly brief meadow,True,2025-07-03 13:09:50,2025-09-05 00:00:01
1231,298,YAmzI0,https://example.com/navy/uplink/1231,Demo link kernel,True,2025-10-02 03:04:07,2025-12-21 19:38:32
1232,148,9vNVGB,https://seeded.app/tidy/meadow/1232,Campaign page island,True,2025-10-22 00:25:37,2025-12-05 17:18:03
1233,28,HtoSme,https://example.com/lively/river/1233,Service guide pioneer,False,2025-07-05 19:51:40,2026-01-16 07:19:07
1234,340,UMfypn,https://opswise.net/brisk/valley/1234,Roadmap update window,True,2025-06-10 03:26:26,2026-01-30 03:08:31
1235,246,PhVcN3,https://seeded.app/brisk/uplink/1235,Quarterly brief pioneer,True,2025-07-05 10:17:19,2025-08-06 11:33:01
1236,294,teNwXc,https://acme.dev/vivid/trail/1236,Demo link harvest,False,2026-02-01 06:59:54,2026-02-08 14:18:33
1237,6,lfpLnV,https://acme.dev/opal/lagoon/1237,Incident notes field,True,2025-09-17 01:30:01,2026-02-18 06:58:13
1238,338,Jr76qv,https://acme.dev/keen/garden/1238,Incident notes harvest,True,2025-05-10 23:05:39,2025-12-27 17:46:06
1239,115,Ft7e3g,https://hackstack.io/warm/pioneer/1239,Demo link zenith,False,2025-11-21 11:07:59,2025-12-20 12:04:18
1240,226,Ebl1XV,https://hackstack.io/clear/field/1240,Demo link network,True,2025-01-03 18:34:49,2025-06-01 19:43:09
1241,386,VkcDz5,https://relay.cloud/gold/lagoon/1241,Ops review orbit,True,2025-12-17 03:33:19,2026-01-03 03:11:15
1242,187,nX2Crd,https://example.com/cobalt/signal/1242,Ops review delta,True,2025-10-11 12:12:08,2025-11-21 22:47:06
1243,230,AevFW4,https://example.com/tidy/uplink/1243,Launch deck journey,True,2025-01-23 21:38:08,2025-11-01 16:05:59
1244,244,4E8q4I,https://seeded.app/quiet/pioneer/1244,Demo link canyon,True,2025-10-23 14:21:45,2026-02-06 01:09:56
1245,290,HY2O8C,https://opswise.net/tidy/valley/1245,Quarterly brief meadow,True,2025-12-11 19:33:42,2026-02-20 01:14:55
1246,47,YEgefv,https://acme.dev/calm/yard/1246,Alert feed field,True,2025-05-08 10:38:04,2025-09-02 04:35:26
1247,296,8wtg2L,https://hackstack.io/jade/trail/1247,Campaign page yard,True,2025-09-26 11:50:29,2025-10-26 16:22:57
1248,36,IhxmuG,https://relay.cloud/silver/trail/1248,Alert feed pioneer,True,2025-12-16 01:15:38,2026-01-23 04:31:43
1249,122,ORdVOU,https://seeded.app/dawn/meadow/1249,Service guide journey,True,2025-06-28 13:34:43,2026-01-14 03:42:35
1250,115,JHMV2d,https://hackstack.io/tidy/orbit/1250,Demo link canyon,True,2025-03-14 20:35:06,2025-09-27 01:57:54
1251,114,jyFsbU,https://seeded.app/warm/delta/1251,Service guide uplink,True,2026-01-25 06:58:09,2026-02-19 12:55:56
1252,394,QugrSA,https://acme.dev/lively/engine/1252,Service guide beacon,True,2025-08-25 18:32:05,2025-11-11 03:15:31
1253,351,vctYW1,https://opswise.net/warm/pioneer/1253,Demo link meadow,True,2025-12-31 01:59:06,2026-01-20 21:25:18
1254,141,eW7HcJ,https://acme.dev/lively/field/1254,Status board pioneer,True,2026-01-12 21:59:26,2026-02-07 15:17:32
1255,260,UVAt19,https://acme.dev/ember/quartz/1255,Ops review orbit,True,2025-05-13 17:46:54,2025-08-03 23:27:47
1256,27,PLbVHM,https://acme.dev/quiet/window/1256,Launch deck quartz,True,2025-10-05 05:49:19,2025-12-03 19:42:16
1257,45,rRI0Yb,https://hackstack.io/warm/window/1257,Campaign page island,False,2025-01-16 23:25:49,2026-01-11 20:34:24
1258,223,b8uRpB,https://seeded.app/quiet/meadow/1258,Roadmap update river,True,2026-01-29 22:02:04,2026-02-06 07:23:23
1259,54,10HWDE,https://example.com/harbor/lagoon/1259,Launch deck pioneer,False,2025-05-30 22:35:49,2025-09-09 02:26:46
1260,55,B3tgud,https://acme.dev/rapid/island/1260,Alert feed meadow,True,2025-06-01 17:32:23,2025-06-04 07:01:09
1261,266,adPUXP,https://relay.cloud/harbor/window/1261,Launch deck journey,True,2025-11-24 08:24:21,2026-01-24 16:45:19
1262,156,8jlv6u,https://acme.dev/gold/network/1262,Roadmap update orbit,True,2025-12-22 21:38:15,2026-01-10 22:12:24
1263,32,2nJKUO,https://opswise.net/quiet/uplink/1263,Incident notes pioneer,False,2025-01-18 04:57:24,2025-07-12 10:02:52
1264,277,9tdvHb,https://acme.dev/silver/beacon/1264,Campaign page meadow,True,2025-04-21 17:30:07,2025-10-22 15:20:42
1265,312,ZDuYUc,https://example.com/quiet/river/1265,Status board signal,True,2025-04-10 19:12:00,2025-07-18 19:52:10
1266,67,1A9Fkx,https://example.com/quiet/river/1266,Quarterly brief river,True,2025-03-15 04:45:21,2025-11-14 23:42:43
1267,300,XhUMgx,https://hackstack.io/gold/engine/1267,Ops review quartz,True,2025-09-12 23:18:43,2025-11-14 05:20:32
1268,79,pie79S,https://acme.dev/ember/canyon/1268,Alert feed journey,True,2025-07-27 04:06:46,2026-02-08 09:38:26
1269,136,54YgIR,https://hackstack.io/lively/trail/1269,Alert feed uplink,True,2025-06-15 16:54:48,2026-01-23 12:47:11
1270,53,XoZ0ZS,https://opswise.net/silver/canyon/1270,Service guide network,True,2025-04-13 15:31:45,2025-10-23 21:50:20
1271,388,k9AgAf,https://example.com/young/anchor/1271,Status board window,True,2025-11-05 05:25:36,2026-02-13 03:34:50
1272,307,nkClJB,https://relay.cloud/dawn/valley/1272,Ops review island,True,2025-03-10 09:35:17,2025-05-10 18:25:53
1273,42,Aj0TJR,https://seeded.app/harbor/pioneer/1273,Status board meadow,True,2025-08-05 18:03:14,2025-12-05 09:16:41
1274,178,UhXTdS,https://acme.dev/rapid/harvest/1274,Alert feed harvest,True,2025-01-31 18:50:14,2025-03-27 06:02:19
1275,385,VUsJ2r,https://hackstack.io/urban/lagoon/1275,Alert feed network,True,2026-01-21 12:23:41,2026-01-31 13:29:04
1276,292,GG13h2,https://example.com/silver/signal/1276,Ops review journey,True,2026-02-06 04:28:56,2026-02-18 17:41:15
1277,65,zDRMII,https://relay.cloud/warm/river/1277,Campaign page network,True,2025-02-19 07:29:57,2025-10-21 22:07:52
1278,370,ejsuLW,https://acme.dev/brisk/valley/1278,Status board island,True,2026-01-20 01:53:40,2026-01-22 07:53:18
1279,318,IV9McA,https://hackstack.io/urban/delta/1279,Demo link zenith,True,2025-08-16 23:28:27,2025-12-26 23:41:25
1280,92,L6LuLT,https://example.com/clear/journey/1280,Launch deck uplink,False,2025-06-20 07:09:41,2025-07-07 05:06:44
1281,27,yjE2U9,https://relay.cloud/dawn/trail/1281,Service guide delta,False,2025-06-12 04:19:11,2025-12-03 02:45:32
1282,142,JpMls6,https://seeded.app/warm/journey/1282,Alert feed orbit,True,2026-02-09 17:30:53,2026-02-17 20:24:58
1283,108,WyZuZ9,https://example.com/ember/uplink/1283,Launch deck zenith,True,2025-01-03 06:33:08,2025-05-01 21:08:28
1284,78,FBRu6t,https://acme.dev/lively/orbit/1284,Alert feed orbit,True,2025-07-11 19:46:20,2026-01-19 02:32:40
1285,52,6eyByh,https://opswise.net/keen/canyon/1285,Demo link anchor,True,2025-10-22 11:34:33,2026-02-10 03:46:44
1286,55,HCFvDz,https://seeded.app/mellow/beacon/1286,Alert feed meadow,True,2026-01-03 14:32:12,2026-01-06 10:26:10
1287,201,3FaEjm,https://example.com/urban/orbit/1287,Ops review pioneer,False,2025-12-27 21:37:30,2026-02-04 13:56:36
1288,84,pv5xJF,https://hackstack.io/harbor/field/1288,Incident notes garden,False,2025-10-19 06:39:14,2026-02-02 05:53:22
1289,17,LbqVsC,https://example.com/dawn/river/1289,Launch deck orbit,True,2025-07-17 12:31:57,2025-07-19 18:11:04
1290,312,9hmg3u,https://seeded.app/forest/window/1290,Incident notes zenith,True,2025-08-14 06:50:00,2025-09-20 14:35:17
1291,242,m74U5L,https://hackstack.io/silver/uplink/1291,Ops review orbit,False,2025-05-22 09:27:12,2025-08-11 20:01:18
1292,174,aLsZkT,https://acme.dev/lively/quartz/1292,Roadmap update island,True,2025-03-06 08:30:54,2025-03-26 10:35:04
1293,139,WyheGg,https://relay.cloud/young/garden/1293,Ops review canyon,False,2025-01-20 16:18:16,2025-05-22 23:03:26
1294,25,gFJMyR,https://relay.cloud/clear/journey/1294,Demo link window,True,2025-08-20 04:16:59,2025-12-31 18:29:09
1295,101,DO4prd,https://hackstack.io/mellow/orbit/1295,Campaign page beacon,True,2025-05-02 11:06:52,2025-08-20 06:08:51
1296,271,UdBafA,https://example.com/brisk/anchor/1296,Ops review trail,False,2025-11-05 07:06:21,2025-11-09 16:07:35
1297,353,ZfAoGg,https://relay.cloud/forest/valley/1297,Demo link window,True,2025-03-23 11:12:25,2026-01-22 17:42:20
1298,253,JxwMbK,https://hackstack.io/vivid/delta/1298,Campaign page garden,True,2025-03-21 00:05:49,2025-11-29 15:01:52
1299,85,J2nm66,https://example.com/cobalt/engine/1299,Alert feed delta,False,2025-02-22 20:23:29,2025-09-23 18:59:57
1300,315,ZGHLjk,https://relay.cloud/calm/window/1300,Status board river,False,2025-05-31 16:59:44,2026-01-11 03:19:54
1301,385,ywIMAI,https://hackstack.io/vivid/lagoon/1301,Alert feed kernel,True,2026-01-02 19:45:41,2026-01-22 10:54:43
1302,131,WoiJsV,https://seeded.app/ivory/river/1302,Campaign page kernel,True,2025-09-01 18:13:20,2025-09-10 19:32:03
1303,240,adAFQo,https://example.com/young/journey/1303,Service guide field,True,2025-04-24 07:39:18,2025-09-20 09:07:00
1304,181,9RdQJW,https://relay.cloud/forest/valley/1304,Incident notes trail,False,2026-01-18 12:57:50,2026-01-23 18:07:31
1305,131,1WjE93,https://relay.cloud/quiet/orbit/1305,Launch deck anchor,True,2025-10-17 14:20:56,2025-11-14 21:47:41
1306,214,fK97kM,https://example.com/clear/network/1306,Status board river,True,2025-03-31 23:16:43,2025-11-08 04:18:08
1307,313,0tpeGK,https://opswise.net/forest/meadow/1307,Ops review yard,True,2026-01-27 15:20:37,2026-02-02 18:38:27
1308,385,LuJVtF,https://relay.cloud/vivid/journey/1308,Alert feed garden,True,2025-04-01 14:35:11,2025-06-15 21:59:56
1309,39,g2VBgS,https://acme.dev/brisk/beacon/1309,Incident notes yard,True,2025-08-13 04:45:42,2026-01-07 09:21:30
1310,338,cFPKZC,https://example.com/clear/uplink/1310,Status board uplink,True,2025-05-31 05:06:37,2025-09-17 20:39:23
1311,179,M0Axpq,https://opswise.net/quiet/delta/1311,Ops review lagoon,True,2025-09-12 05:53:29,2025-10-12 00:21:07
1312,154,qpUkMn,https://relay.cloud/keen/zenith/1312,Launch deck river,True,2025-04-23 03:16:44,2025-11-06 14:30:50
1313,120,MEiEHw,https://example.com/quiet/kernel/1313,Alert feed engine,True,2025-06-04 12:20:43,2025-11-02 19:05:12
1314,313,aDm0mx,https://seeded.app/amber/canyon/1314,Demo link harvest,True,2025-12-29 10:50:24,2026-01-14 19:23:15
1315,77,g4Ej1L,https://example.com/quiet/meadow/1315,Ops review delta,True,2025-01-27 09:58:33,2025-05-19 22:24:03
1316,97,lj7aX5,https://seeded.app/silver/island/1316,Status board canyon,True,2025-08-18 13:40:52,2025-11-29 16:38:21
1317,278,94IKIZ,https://opswise.net/brisk/kernel/1317,Status board quartz,False,2025-01-23 19:35:02,2025-08-19 13:18:08
1318,102,n5tpBC,https://acme.dev/ivory/network/1318,Quarterly brief garden,True,2025-07-09 20:30:18,2025-12-02 06:24:43
1319,205,dVC8iH,https://seeded.app/keen/lagoon/1319,Ops review lagoon,True,2025-10-31 09:06:38,2025-12-07 05:58:03
1320,19,atX4Vg,https://example.com/ember/engine/1320,Launch deck uplink,True,2025-08-22 09:50:17,2026-02-05 21:38:54
1321,220,XV3OPV,https://example.com/gold/field/1321,Campaign page river,True,2025-10-13 16:52:29,2025-11-12 22:47:32
1322,231,tXvuuf,https://example.com/lively/lagoon/1322,Ops review harvest,True,2025-05-10 13:37:01,2025-06-15 07:08:50
1323,175,rBwsvL,https://hackstack.io/keen/orbit/1323,Roadmap update window,True,2025-07-31 15:26:43,2026-02-02 02:04:00
1324,24,j1yAlp,https://relay.cloud/ember/garden/1324,Launch deck pioneer,True,2025-06-30 01:30:02,2025-12-02 20:51:19
1325,68,nLgSjw,https://acme.dev/calm/lagoon/1325,Demo link kernel,True,2025-11-18 20:54:53,2026-02-20 04:24:03
1326,331,H2Pnmh,https://hackstack.io/amber/field/1326,Alert feed garden,True,2025-05-22 08:28:04,2026-02-08 16:00:53
1327,58,cmyluX,https://relay.cloud/warm/beacon/1327,Status board meadow,True,2025-06-26 12:33:45,2026-01-09 19:18:04
1328,143,tKPqnV,https://opswise.net/brisk/lagoon/1328,Incident notes journey,True,2025-11-18 17:23:06,2025-11-29 16:56:53
1329,213,IZYB8j,https://relay.cloud/urban/canyon/1329,Roadmap update delta,True,2026-01-26 14:35:56,2026-02-17 14:45:18
1330,181,JBTVUN,https://acme.dev/brisk/beacon/1330,Demo link pioneer,True,2026-01-26 18:13:52,2026-02-11 02:30:34
1331,362,3q7X8Z,https://opswise.net/gold/garden/1331,Ops review island,True,2025-05-17 11:31:29,2025-12-11 23:37:07
1332,184,1KwJGW,https://seeded.app/rapid/zenith/1332,Ops review signal,True,2025-05-15 00:54:59,2025-10-20 05:15:45
1333,190,jVLRg3,https://acme.dev/harbor/field/1333,Incident notes zenith,True,2025-12-31 13:02:02,2026-01-01 10:42:26
1334,258,DNTDFT,https://relay.cloud/jade/lagoon/1334,Incident notes network,True,2025-11-03 05:07:04,2025-12-02 14:20:20
1335,215,Pn2eyy,https://opswise.net/jade/garden/1335,Incident notes garden,True,2025-04-24 03:23:52,2025-07-16 02:42:17
1336,84,vC6JX3,https://opswise.net/jade/delta/1336,Ops review signal,True,2025-09-07 09:26:32,2026-02-15 17:41:04
1337,319,7aolCG,https://hackstack.io/warm/anchor/1337,Quarterly brief lagoon,True,2025-06-27 02:38:32,2025-12-08 10:43:06
1338,286,lCMpJC,https://relay.cloud/rapid/engine/1338,Ops review pioneer,True,2026-01-12 17:30:37,2026-01-19 19:58:46
1339,178,FlGAWJ,https://seeded.app/dawn/engine/1339,Status board delta,True,2025-09-05 18:10:53,2025-10-17 03:53:03
1340,144,lsMvsv,https://acme.dev/calm/zenith/1340,Incident notes meadow,True,2025-03-31 03:29:50,2025-08-21 13:08:37
1341,359,juqaBI,https://acme.dev/clear/signal/1341,Alert feed harvest,False,2025-10-13 23:32:50,2025-11-19 07:52:20
1342,189,jeRbGS,https://seeded.app/gold/harvest/1342,Campaign page garden,True,2025-02-11 15:49:53,2026-02-15 14:33:21
1343,22,Dal5bq,https://example.com/calm/quartz/1343,Campaign page meadow,False,2025-04-17 21:04:53,2025-12-26 06:46:25
1344,121,lUECUN,https://acme.dev/opal/trail/1344,Incident notes harvest,True,2025-08-17 17:56:27,2026-01-18 01:05:14
1345,371,P37dia,https://example.com/harbor/island/1345,Roadmap update field,True,2025-12-31 09:24:06,2026-01-11 08:49:01
1346,218,jKezaN,https://seeded.app/cobalt/uplink/1346,Quarterly brief pioneer,False,2025-02-19 18:17:29,2025-12-04 15:54:49
1347,330,CPZAEr,https://seeded.app/forest/window/1347,Quarterly brief beacon,True,2025-09-06 02:32:16,2025-09-30 02:24:00
1348,200,AtlaPy,https://seeded.app/ivory/river/1348,Roadmap update field,True,2025-07-10 01:20:51,2025-12-22 07:25:39
1349,235,WIPKoN,https://relay.cloud/forest/lagoon/1349,Alert feed kernel,True,2025-03-06 19:19:14,2025-03-30 08:36:35
1350,105,bPZDmi,https://seeded.app/calm/harvest/1350,Launch deck kernel,True,2026-01-02 10:38:50,2026-02-01 10:07:50
1351,282,JMNzU1,https://opswise.net/clear/orbit/1351,Incident notes anchor,True,2025-08-25 08:02:24,2025-12-18 12:58:10
1352,170,O9Pjlf,https://acme.dev/opal/network/1352,Ops review journey,False,2025-11-13 10:59:56,2025-11-14 16:03:20
1353,93,r3HjbR,https://acme.dev/silver/orbit/1353,Ops review lagoon,True,2025-06-17 19:08:30,2025-09-24 21:28:06
1354,293,bDAUmd,https://acme.dev/vivid/orbit/1354,Incident notes orbit,True,2025-05-18 22:14:42,2025-06-21 19:29:05
1355,331,DIb0Vd,https://seeded.app/gold/delta/1355,Launch deck garden,True,2026-01-08 06:56:09,2026-02-14 15:03:12
1356,366,Tgwz0X,https://example.com/urban/engine/1356,Status board kernel,True,2025-10-08 18:59:24,2026-02-13 12:05:36
1357,211,EgVUEA,https://hackstack.io/proud/anchor/1357,Quarterly brief field,True,2025-03-01 09:29:37,2025-10-31 13:41:56
1358,188,6rOJs4,https://example.com/mellow/network/1358,Service guide valley,True,2026-01-07 03:34:59,2026-02-18 17:22:43
1359,211,mHfcWA,https://hackstack.io/vivid/garden/1359,Roadmap update window,True,2025-05-19 21:19:23,2025-11-23 04:14:24
1360,242,RnxbhF,https://seeded.app/warm/network/1360,Ops review garden,True,2025-01-31 12:19:44,2025-08-15 22:44:15
1361,193,P6Qvnx,https://seeded.app/mellow/garden/1361,Quarterly brief network,True,2025-03-17 19:43:45,2025-04-13 10:14:03
1362,187,VXexHU,https://relay.cloud/tidy/trail/1362,Incident notes lagoon,False,2025-10-10 12:42:17,2026-02-12 05:13:27
1363,295,zqsGDe,https://opswise.net/calm/anchor/1363,Service guide engine,False,2025-09-26 03:13:14,2025-11-16 08:32:01
1364,81,gEI7p6,https://hackstack.io/harbor/beacon/1364,Incident notes river,True,2026-01-07 17:53:19,2026-01-13 08:56:06
1365,282,Y38Fth,https://acme.dev/dawn/garden/1365,Roadmap update uplink,True,2025-11-28 17:52:10,2026-01-09 09:21:05
1366,316,dtRXDk,https://opswise.net/vivid/window/1366,Launch deck orbit,True,2025-05-23 02:45:33,2025-06-04 03:17:15
1367,88,1CKZpW,https://acme.dev/quiet/window/1367,Status board valley,True,2025-07-12 19:23:54,2026-01-09 19:02:37
1368,244,ACcLYd,https://opswise.net/navy/pioneer/1368,Status board trail,True,2025-04-26 10:05:46,2026-01-17 01:08:27
1369,122,4raDw5,https://seeded.app/cobalt/window/1369,Incident notes orbit,True,2025-08-13 07:32:52,2025-10-15 17:32:06
1370,338,r3ATm8,https://example.com/keen/island/1370,Campaign page anchor,True,2025-11-25 06:14:39,2025-12-27 05:22:36
1371,152,47TkFz,https://acme.dev/keen/window/1371,Launch deck anchor,True,2025-04-21 06:22:34,2025-10-08 16:09:16
1372,45,aJsN9y,https://seeded.app/quiet/network/1372,Alert feed lagoon,True,2025-11-29 05:40:45,2025-12-05 12:53:47
1373,23,ojrqG6,https://seeded.app/quiet/canyon/1373,Roadmap update harvest,False,2025-11-11 16:39:51,2026-02-15 03:32:06
1374,92,KX1ncR,https://opswise.net/ember/trail/1374,Status board uplink,True,2025-08-29 22:24:25,2025-11-06 11:53:01
1375,202,d4MZuK,https://relay.cloud/silver/zenith/1375,Roadmap update garden,True,2025-11-15 13:58:19,2026-02-03 04:53:08
1376,223,dUwQTv,https://hackstack.io/cobalt/valley/1376,Service guide delta,True,2026-01-06 05:28:52,2026-01-24 04:29:07
1377,105,yozQWS,https://relay.cloud/clear/canyon/1377,Status board anchor,True,2025-05-21 10:05:21,2026-02-01 20:50:15
1378,84,7LEB2r,https://relay.cloud/tidy/journey/1378,Ops review pioneer,False,2025-03-10 18:04:47,2025-03-26 23:42:01
1379,380,ETdCRu,https://example.com/opal/engine/1379,Campaign page orbit,True,2025-03-25 03:33:21,2025-11-01 21:07:39
1380,107,5sGaTo,https://seeded.app/cobalt/network/1380,Roadmap update meadow,True,2025-04-04 18:43:47,2025-10-21 12:20:09
1381,276,mBHMnQ,https://relay.cloud/opal/meadow/1381,Alert feed pioneer,True,2025-12-10 06:49:14,2025-12-16 07:51:38
1382,129,bEG87a,https://acme.dev/harbor/lagoon/1382,Roadmap update trail,True,2025-01-06 18:43:13,2025-11-13 07:02:28
1383,279,K3nAx1,https://acme.dev/young/garden/1383,Demo link engine,True,2025-03-23 00:59:41,2025-05-04 09:38:13
1384,254,XokaBY,https://example.com/lively/yard/1384,Service guide quartz,True,2025-04-05 04:34:57,2025-04-09 00:26:46
1385,313,LgemeU,https://example.com/dawn/yard/1385,Demo link delta,False,2025-06-26 21:45:48,2025-10-30 10:29:02
1386,58,SEK6Wp,https://relay.cloud/gold/river/1386,Demo link canyon,False,2025-11-05 04:18:03,2025-11-22 18:54:08
1387,365,832Pab,https://seeded.app/vivid/pioneer/1387,Service guide journey,True,2025-05-29 01:01:05,2026-02-13 22:31:17
1388,72,3dPDza,https://relay.cloud/clear/zenith/1388,Roadmap update network,True,2025-12-23 16:47:32,2026-01-28 23:20:27
1389,301,WiAa3a,https://relay.cloud/ember/engine/1389,Demo link pioneer,True,2025-09-26 13:32:28,2025-11-01 00:57:42
1390,248,EMea7B,https://example.com/silver/harvest/1390,Demo link valley,False,2025-12-17 11:36:07,2025-12-25 05:22:04
1391,65,1RFoCW,https://relay.cloud/jade/island/1391,Campaign page orbit,True,2025-04-27 08:22:05,2025-06-27 02:14:18
1392,228,0GzcyB,https://relay.cloud/proud/lagoon/1392,Demo link island,True,2025-03-02 00:28:01,2025-03-12 04:08:49
1393,174,Mzi7WI,https://example.com/brisk/lagoon/1393,Demo link orbit,True,2025-03-26 21:57:49,2026-02-04 07:22:27
1394,200,abYO7z,https://seeded.app/tidy/meadow/1394,Ops review kernel,True,2025-10-22 08:28:34,2025-11-01 20:37:49
1395,48,TcksTo,https://example.com/amber/journey/1395,Demo link engine,False,2025-12-16 07:25:45,2025-12-20 03:58:16
1396,160,6TaBtu,https://seeded.app/navy/journey/1396,Roadmap update field,False,2025-10-03 02:07:02,2025-12-14 14:35:08
1397,239,7i2b6x,https://acme.dev/urban/harvest/1397,Demo link trail,True,2026-02-09 04:55:47,2026-02-19 08:30:17
1398,249,9ppDuN,https://opswise.net/quiet/delta/1398,Status board orbit,False,2025-03-20 09:04:14,2025-08-10 04:09:20
1399,197,opLJhu,https://hackstack.io/cobalt/lagoon/1399,Campaign page engine,False,2025-09-07 06:53:29,2025-12-31 05:25:35
1400,373,r2PPmh,https://seeded.app/gold/meadow/1400,Status board lagoon,True,2025-09-06 09:24:59,2025-11-27 16:01:44
1401,214,GhiVYs,https://opswise.net/keen/yard/1401,Incident notes engine,True,2025-03-30 15:24:51,2025-07-03 05:30:28
1402,214,r8ULLk,https://opswise.net/proud/signal/1402,Status board pioneer,True,2025-09-23 22:47:42,2025-11-24 06:14:33
1403,382,GPXNcu,https://opswise.net/young/anchor/1403,Roadmap update beacon,True,2025-03-30 07:04:06,2025-04-11 18:35:24
1404,279,63aPKq,https://seeded.app/quiet/pioneer/1404,Incident notes harvest,False,2025-12-11 01:16:50,2026-01-24 12:36:10
1405,347,0OXFCG,https://relay.cloud/harbor/garden/1405,Demo link journey,True,2025-07-06 20:57:42,2025-10-02 11:11:25
1406,251,1ij7GM,https://acme.dev/amber/engine/1406,Alert feed network,True,2025-02-26 19:48:47,2026-01-07 10:03:37
1407,118,LmQJIT,https://opswise.net/navy/zenith/1407,Demo link pioneer,True,2025-06-15 14:47:59,2026-01-21 19:45:30
1408,186,lczEN4,https://opswise.net/ember/valley/1408,Incident notes orbit,True,2025-11-13 09:18:10,2026-01-26 01:24:17
1409,122,wsvAyG,https://seeded.app/mellow/zenith/1409,Quarterly brief kernel,True,2025-01-21 12:24:14,2025-06-07 18:22:02
1410,398,6SjcN0,https://relay.cloud/brisk/uplink/1410,Roadmap update kernel,True,2025-08-22 15:04:40,2025-09-26 16:12:06
1411,240,tmlu6d,https://seeded.app/forest/meadow/1411,Ops review garden,True,2025-03-25 00:19:22,2025-06-03 18:11:24
1412,345,1IUnIO,https://seeded.app/young/field/1412,Service guide quartz,False,2025-01-17 10:46:53,2025-05-29 07:16:48
1413,25,2YiVco,https://relay.cloud/keen/harvest/1413,Status board delta,True,2025-07-26 15:47:22,2025-09-12 10:29:41
1414,86,8hoJaf,https://acme.dev/harbor/garden/1414,Campaign page quartz,True,2025-03-03 19:00:02,2025-08-14 03:46:58
1415,150,2BKOFP,https://example.com/mellow/garden/1415,Service guide lagoon,False,2025-12-02 01:55:16,2026-01-31 09:20:43
1416,92,pNTeor,https://acme.dev/warm/zenith/1416,Service guide kernel,True,2025-01-28 05:24:01,2025-06-19 04:09:47
1417,4,xhMEfb,https://acme.dev/rapid/journey/1417,Incident notes uplink,True,2025-04-02 21:55:05,2025-08-31 04:40:26
1418,371,w6YmFs,https://opswise.net/forest/uplink/1418,Status board window,True,2025-06-12 07:38:19,2026-02-16 11:43:07
1419,32,HudoWW,https://acme.dev/calm/yard/1419,Quarterly brief delta,True,2025-03-23 11:11:31,2025-07-01 18:24:51
1420,84,ZA0lJW,https://example.com/opal/uplink/1420,Status board lagoon,True,2025-07-21 01:01:31,2025-10-05 18:28:43
1421,389,zgK7c3,https://example.com/opal/network/1421,Ops review garden,True,2025-07-17 17:11:20,2026-01-29 14:08:22
1422,65,AfOcQT,https://acme.dev/amber/kernel/1422,Service guide garden,True,2025-04-23 16:17:34,2025-09-25 14:41:42
1423,257,yMr3fS,https://relay.cloud/dawn/zenith/1423,Roadmap update network,True,2025-08-28 22:05:27,2026-01-14 00:44:28
1424,243,WqFCdF,https://opswise.net/young/island/1424,Status board garden,False,2026-01-29 11:29:15,2026-02-02 16:16:13
1425,293,OsDevv,https://example.com/lively/orbit/1425,Launch deck quartz,True,2025-03-11 14:31:06,2025-06-07 01:04:10
1426,164,ufideI,https://relay.cloud/forest/network/1426,Quarterly brief uplink,True,2025-06-10 21:43:38,2025-08-23 05:58:47
1427,392,75TZ0f,https://acme.dev/amber/canyon/1427,Service guide anchor,True,2025-08-27 18:15:07,2026-01-03 21:54:51
1428,177,65iKeH,https://acme.dev/silver/uplink/1428,Roadmap update garden,True,2025-12-11 02:57:17,2026-01-17 23:57:51
1429,214,iSWRlt,https://hackstack.io/quiet/yard/1429,Alert feed canyon,False,2025-03-17 03:40:11,2025-05-17 12:52:37
1430,346,0yjFM8,https://acme.dev/forest/engine/1430,Alert feed yard,True,2025-06-19 23:36:22,2025-11-26 02:55:50
1431,6,OZcdGv,https://hackstack.io/calm/yard/1431,Campaign page zenith,False,2025-03-06 00:30:48,2025-07-26 13:14:05
1432,190,HgHcIi,https://example.com/cobalt/journey/1432,Demo link delta,True,2025-10-18 10:12:47,2026-01-10 05:01:38
1433,370,TrGong,https://relay.cloud/calm/network/1433,Launch deck beacon,True,2025-08-16 02:27:22,2025-12-02 03:39:08
1434,366,KiyHKd,https://hackstack.io/proud/field/1434,Quarterly brief valley,True,2025-12-18 15:53:06,2026-02-08 15:52:02
1435,239,S6dkAG,https://hackstack.io/navy/delta/1435,Launch deck field,True,2025-01-23 18:17:44,2025-10-22 18:58:39
1436,185,VdOd0Q,https://acme.dev/tidy/zenith/1436,Campaign page engine,False,2025-12-08 17:17:10,2026-01-15 17:42:08
1437,341,Hnr06I,https://opswise.net/keen/harvest/1437,Launch deck kernel,True,2025-05-27 07:41:06,2026-02-20 13:29:52
1438,344,0g3WAe,https://example.com/opal/journey/1438,Campaign page trail,False,2025-08-21 05:18:54,2025-10-02 00:19:01
1439,304,75iEP6,https://example.com/rapid/island/1439,Ops review window,True,2025-07-11 02:31:34,2025-10-19 22:29:45
1440,220,WDmqxx,https://seeded.app/dawn/window/1440,Roadmap update valley,True,2025-04-05 18:45:36,2025-07-26 10:06:21
1441,74,S5i2o3,https://opswise.net/quiet/river/1441,Alert feed window,True,2025-10-20 23:10:25,2025-11-30 19:33:02
1442,376,kA5PEE,https://acme.dev/urban/trail/1442,Launch deck meadow,True,2025-06-01 15:42:15,2025-08-03 14:18:11
1443,46,apl0ih,https://seeded.app/silver/signal/1443,Alert feed uplink,False,2025-03-07 20:53:48,2025-06-24 13:21:50
1444,280,l3PJhC,https://acme.dev/silver/lagoon/1444,Quarterly brief yard,True,2025-04-04 10:54:18,2025-09-09 20:32:46
1445,325,PH73zA,https://hackstack.io/urban/zenith/1445,Status board delta,True,2025-05-25 16:47:18,2025-10-07 10:46:20
1446,97,wNR08l,https://example.com/vivid/river/1446,Launch deck canyon,True,2025-05-19 14:54:57,2025-09-25 06:02:20
1447,8,8cUYPv,https://relay.cloud/warm/engine/1447,Service guide pioneer,True,2025-03-13 14:07:50,2025-07-27 07:47:27
1448,321,HFm4G2,https://seeded.app/harbor/harvest/1448,Campaign page river,True,2025-04-21 03:58:26,2026-01-21 21:09:02
1449,269,jM5rln,https://hackstack.io/urban/signal/1449,Incident notes uplink,True,2025-09-21 17:17:11,2025-11-11 00:37:09
1450,248,VzoY6I,https://relay.cloud/brisk/beacon/1450,Ops review network,True,2025-04-18 15:54:49,2025-05-01 12:12:21
1451,139,ys2V2d,https://seeded.app/rapid/window/1451,Campaign page meadow,False,2025-09-30 03:29:51,2025-11-11 12:24:33
1452,82,l7RyDY,https://acme.dev/silver/window/1452,Launch deck beacon,True,2026-01-01 03:17:32,2026-01-24 07:46:57
1453,392,qmp6zf,https://relay.cloud/urban/island/1453,Demo link pioneer,True,2025-01-19 18:45:26,2025-04-09 04:13:28
1454,62,jQD61K,https://seeded.app/ivory/quartz/1454,Ops review network,True,2025-12-12 07:51:00,2026-02-17 00:04:16
1455,165,QNAYXj,https://acme.dev/cobalt/signal/1455,Launch deck journey,True,2025-11-12 11:10:52,2026-02-18 06:15:26
1456,164,b5kdYc,https://acme.dev/quiet/trail/1456,Launch deck orbit,True,2025-10-31 12:51:31,2026-01-02 21:05:59
1457,225,u0I8J1,https://seeded.app/brisk/zenith/1457,Incident notes anchor,True,2025-05-31 12:06:24,2025-11-30 04:14:57
1458,217,JnzX0O,https://acme.dev/opal/field/1458,Demo link network,True,2025-12-11 04:06:28,2026-02-13 14:02:22
1459,97,64DsoB,https://relay.cloud/ivory/river/1459,Launch deck canyon,True,2025-12-06 23:39:52,2026-02-04 04:31:30
1460,179,bc1VT1,https://example.com/vivid/meadow/1460,Incident notes valley,False,2025-04-16 16:35:35,2025-04-25 20:05:11
1461,287,rZJpCj,https://seeded.app/warm/engine/1461,Demo link engine,True,2025-09-05 09:20:13,2025-12-23 18:55:49
1462,130,Lfb6d1,https://acme.dev/calm/delta/1462,Alert feed field,True,2025-04-05 06:51:25,2025-10-01 18:03:03
1463,367,rFdMAf,https://hackstack.io/opal/island/1463,Demo link yard,True,2025-02-18 13:22:06,2025-09-12 09:35:49
1464,92,LGneWn,https://hackstack.io/silver/island/1464,Quarterly brief window,False,2025-02-27 07:14:15,2026-02-14 01:24:23
1465,277,3iHkC5,https://hackstack.io/gold/engine/1465,Campaign page canyon,True,2025-03-25 12:50:09,2025-04-14 20:05:01
1466,324,n6yBAN,https://opswise.net/tidy/garden/1466,Alert feed network,True,2025-04-06 17:46:04,2025-11-23 14:40:18
1467,315,UP4rej,https://relay.cloud/proud/garden/1467,Incident notes canyon,True,2025-12-21 05:29:46,2026-01-08 18:24:23
1468,83,4bLJqX,https://relay.cloud/keen/kernel/1468,Alert feed island,True,2025-01-16 03:11:08,2025-12-05 12:24:42
1469,308,iKFL7r,https://hackstack.io/forest/harvest/1469,Ops review trail,True,2026-02-11 13:09:46,2026-02-18 21:56:34
1470,274,jAMrPX,https://relay.cloud/jade/kernel/1470,Quarterly brief delta,True,2025-02-15 06:47:05,2025-08-04 06:20:01
1471,144,mjA9xB,https://hackstack.io/rapid/canyon/1471,Incident notes anchor,True,2026-01-04 04:54:33,2026-02-20 15:34:07
1472,289,LWrfZ7,https://hackstack.io/amber/anchor/1472,Ops review zenith,True,2026-01-15 08:10:06,2026-02-20 18:55:51
1473,120,0lFmyx,https://seeded.app/amber/harvest/1473,Demo link signal,True,2025-05-23 05:26:21,2025-09-14 11:56:37
1474,38,hSynPx,https://relay.cloud/lively/window/1474,Roadmap update river,True,2025-10-02 21:02:59,2025-12-16 00:28:38
1475,314,j9YRC1,https://example.com/ember/yard/1475,Service guide harvest,True,2025-04-14 09:07:59,2025-04-25 10:22:29
1476,307,nz04fO,https://hackstack.io/proud/orbit/1476,Launch deck valley,True,2025-08-30 22:48:14,2025-10-12 11:37:17
1477,175,vnxaVo,https://hackstack.io/rapid/kernel/1477,Demo link window,True,2025-02-11 09:49:07,2025-08-01 17:51:53
1478,207,juZaA9,https://hackstack.io/jade/river/1478,Incident notes quartz,True,2025-08-30 22:50:54,2025-12-14 00:53:38
1479,113,LDBOal,https://relay.cloud/proud/meadow/1479,Demo link delta,True,2026-01-17 19:32:27,2026-01-26 08:36:48
1480,164,ucivGf,https://hackstack.io/tidy/beacon/1480,Launch deck engine,False,2025-11-24 05:00:52,2026-01-04 05:32:50
1481,292,AjCl65,https://relay.cloud/mellow/field/1481,Ops review signal,False,2025-03-25 10:48:06,2025-08-07 02:58:44
1482,275,a04tke,https://opswise.net/warm/canyon/1482,Alert feed valley,True,2025-03-26 12:15:36,2025-04-22 20:15:04
1483,283,mTY9y6,https://example.com/mellow/yard/1483,Campaign page valley,True,2025-12-08 19:49:35,2026-01-25 03:55:01
1484,171,y2XfTF,https://example.com/vivid/journey/1484,Campaign page delta,True,2025-01-02 11:26:29,2025-04-09 05:38:26
1485,138,7NRike,https://hackstack.io/gold/delta/1485,Launch deck kernel,True,2025-01-11 06:17:08,2025-03-12 13:47:17
1486,181,W1WDKH,https://relay.cloud/keen/delta/1486,Quarterly brief trail,True,2025-11-26 23:27:44,2026-02-01 18:34:40
1487,231,Owwnh9,https://hackstack.io/mellow/field/1487,Alert feed signal,True,2025-01-05 17:07:24,2025-06-20 16:04:35
1488,192,LWAOjL,https://example.com/warm/quartz/1488,Demo link island,True,2025-02-09 14:37:04,2025-05-16 20:03:16
1489,102,XQBjVK,https://hackstack.io/vivid/uplink/1489,Roadmap update delta,True,2026-01-24 10:46:07,2026-02-01 16:38:13
1490,349,91EdyN,https://relay.cloud/ivory/lagoon/1490,Roadmap update trail,True,2026-02-04 09:21:16,2026-02-17 11:58:17
1491,326,RGZlHs,https://opswise.net/harbor/river/1491,Campaign page signal,False,2025-10-17 05:55:59,2025-11-25 04:44:47
1492,317,pwalWI,https://acme.dev/young/island/1492,Alert feed field,True,2025-10-21 11:38:01,2026-01-21 04:27:33
1493,254,Vtrj6H,https://opswise.net/calm/lagoon/1493,Campaign page orbit,True,2025-12-17 05:55:02,2025-12-28 04:55:59
1494,222,up4PZ0,https://seeded.app/young/field/1494,Roadmap update canyon,True,2025-04-08 16:56:48,2025-07-17 19:35:33
1495,143,IhF4vf,https://relay.cloud/keen/network/1495,Status board harvest,False,2025-11-26 23:18:00,2026-01-29 08:43:45
1496,6,8JAb1f,https://relay.cloud/clear/field/1496,Ops review river,False,2026-01-20 14:55:02,2026-02-05 10:14:40
1497,12,21mYzN,https://acme.dev/lively/delta/1497,Status board uplink,True,2025-10-25 23:09:45,2025-11-20 11:56:57
1498,174,4eUggd,https://hackstack.io/calm/pioneer/1498,Ops review trail,True,2026-01-01 08:23:27,2026-01-13 11:55:50
1499,99,DUc82S,https://example.com/calm/delta/1499,Launch deck field,True,2026-02-09 02:15:45,2026-02-10 04:13:10
1500,331,Fq6Pqp,https://opswise.net/dawn/journey/1500,Service guide canyon,True,2025-04-24 02:04:43,2025-08-08 10:03:01
1501,98,67gVVV,https://relay.cloud/opal/uplink/1501,Status board garden,True,2025-01-01 20:04:36,2025-08-16 11:39:48
1502,335,ZVvL5d,https://relay.cloud/keen/pioneer/1502,Launch deck network,True,2025-02-03 21:55:33,2025-06-22 02:36:36
1503,191,ENCEL4,https://opswise.net/silver/trail/1503,Demo link uplink,True,2025-02-22 18:33:35,2025-08-19 19:43:46
1504,233,MNPrgp,https://opswise.net/forest/lagoon/1504,Service guide field,True,2025-09-01 13:08:51,2025-11-09 17:22:21
1505,353,wX2Bnf,https://example.com/brisk/field/1505,Alert feed harvest,False,2025-10-08 20:30:04,2025-11-04 03:06:30
1506,343,TY4QLs,https://seeded.app/brisk/lagoon/1506,Quarterly brief journey,True,2025-12-29 18:28:18,2026-02-07 02:28:30
1507,82,fXvoWp,https://example.com/brisk/yard/1507,Demo link uplink,True,2025-03-20 15:14:52,2025-06-19 21:55:29
1508,359,oUO0CX,https://relay.cloud/amber/canyon/1508,Roadmap update zenith,True,2025-06-15 12:23:04,2025-11-09 18:29:25
1509,125,pYShrJ,https://hackstack.io/brisk/yard/1509,Quarterly brief orbit,True,2025-04-29 01:55:27,2025-12-28 11:44:29
1510,117,UTBUds,https://hackstack.io/ivory/river/1510,Ops review pioneer,True,2025-01-26 09:59:19,2025-04-16 19:27:28
1511,260,4AZSeS,https://hackstack.io/brisk/quartz/1511,Quarterly brief meadow,True,2025-09-19 12:39:08,2026-01-04 21:22:38
1512,180,Jsn9Ea,https://example.com/tidy/window/1512,Service guide delta,True,2025-06-13 23:01:11,2025-11-07 22:24:32
1513,44,nt8Eq1,https://seeded.app/urban/uplink/1513,Alert feed beacon,True,2025-07-05 07:53:15,2025-07-10 11:51:14
1514,66,x4ZiJj,https://seeded.app/proud/journey/1514,Roadmap update harvest,True,2025-12-26 21:39:44,2026-01-05 00:53:52
1515,174,uLJdHi,https://acme.dev/rapid/meadow/1515,Status board kernel,True,2025-04-13 07:49:12,2025-08-13 06:34:17
1516,98,M0pVL3,https://acme.dev/opal/field/1516,Alert feed kernel,True,2025-03-04 15:33:11,2025-04-25 11:51:45
1517,315,bZLM1M,https://acme.dev/ivory/meadow/1517,Quarterly brief yard,True,2025-11-04 07:54:46,2025-12-19 11:46:31
1518,318,6jvNRE,https://relay.cloud/jade/garden/1518,Campaign page pioneer,True,2025-04-06 10:25:31,2025-06-17 11:59:48
1519,43,eSRDmS,https://example.com/warm/valley/1519,Incident notes zenith,False,2025-05-28 20:48:48,2026-01-08 07:51:04
1520,284,lKADay,https://acme.dev/ember/delta/1520,Campaign page canyon,True,2025-07-20 07:28:00,2025-12-22 04:48:42
1521,292,ri8O3x,https://hackstack.io/jade/quartz/1521,Service guide quartz,True,2025-02-28 17:11:25,2026-01-02 21:09:13
1522,328,uSYBlI,https://acme.dev/lively/kernel/1522,Service guide window,False,2025-10-05 06:58:27,2025-12-19 23:58:43
1523,338,slVoRp,https://hackstack.io/lively/engine/1523,Status board valley,True,2025-05-27 07:21:50,2026-01-25 03:45:42
1524,141,5rd6sy,https://example.com/gold/trail/1524,Service guide beacon,False,2025-05-12 18:49:52,2025-06-23 17:51:07
1525,31,1lXB8i,https://hackstack.io/vivid/river/1525,Service guide valley,True,2025-07-08 21:58:48,2026-02-10 02:28:59
1526,350,OMBgvn,https://example.com/ember/zenith/1526,Service guide network,False,2025-11-06 17:58:01,2026-01-13 11:38:53
1527,207,xyKutM,https://seeded.app/silver/kernel/1527,Status board beacon,True,2025-09-05 02:03:28,2025-12-30 10:47:32
1528,93,H5IuxS,https://acme.dev/quiet/river/1528,Launch deck window,True,2025-05-16 02:23:45,2025-07-05 19:00:59
1529,81,H25T0M,https://example.com/cobalt/window/1529,Service guide network,True,2025-11-05 05:28:14,2026-01-12 12:56:08
1530,103,1dvDXU,https://acme.dev/ember/island/1530,Alert feed delta,False,2025-03-09 09:39:02,2025-09-07 00:50:56
1531,362,d36WPW,https://hackstack.io/amber/island/1531,Campaign page quartz,True,2025-06-22 12:35:20,2025-11-18 16:22:06
1532,360,zcHJRa,https://acme.dev/lively/quartz/1532,Service guide journey,True,2025-12-14 19:18:19,2026-01-02 11:47:45
1533,310,KNuqxN,https://acme.dev/lively/signal/1533,Incident notes signal,True,2025-03-11 00:37:55,2025-08-09 07:01:35
1534,175,vmUXgz,https://opswise.net/calm/quartz/1534,Launch deck signal,False,2025-11-22 18:33:12,2025-12-21 20:15:27
1535,370,ofSl89,https://opswise.net/lively/pioneer/1535,Launch deck garden,True,2025-02-26 09:42:59,2025-07-10 02:58:54
1536,348,w3SZNu,https://hackstack.io/calm/kernel/1536,Alert feed lagoon,True,2026-02-20 02:18:42,2026-02-20 04:48:47
1537,175,GhBfo1,https://acme.dev/opal/engine/1537,Roadmap update network,True,2025-11-12 18:56:43,2025-12-19 13:21:23
1538,367,tTbXKK,https://hackstack.io/quiet/island/1538,Ops review kernel,True,2025-12-02 03:11:16,2026-02-08 20:32:50
1539,213,4DTNIg,https://seeded.app/warm/signal/1539,Quarterly brief zenith,True,2025-09-09 13:48:24,2026-01-03 15:23:48
1540,298,Y2tq7W,https://relay.cloud/ember/island/1540,Service guide orbit,True,2025-01-09 08:24:38,2025-06-13 04:59:14
1541,79,fyDdM9,https://example.com/forest/field/1541,Quarterly brief river,True,2025-03-06 20:36:46,2025-07-10 19:13:11
1542,154,kVBAE8,https://relay.cloud/gold/window/1542,Incident notes pioneer,True,2025-11-16 08:57:25,2025-11-29 07:13:07
1543,183,nnuWMY,https://opswise.net/proud/beacon/1543,Campaign page canyon,True,2025-11-05 16:04:19,2025-12-23 19:13:31
1544,54,l8nxB6,https://hackstack.io/warm/field/1544,Quarterly brief river,True,2025-06-20 10:33:25,2025-10-15 11:48:13
1545,310,OoDr9J,https://opswise.net/dawn/canyon/1545,Service guide yard,True,2025-09-07 09:45:50,2026-01-09 11:59:31
1546,142,L0atf9,https://acme.dev/silver/zenith/1546,Launch deck uplink,True,2025-02-09 02:44:16,2025-06-24 13:12:37
1547,200,vQmCcp,https://seeded.app/vivid/quartz/1547,Launch deck delta,True,2025-05-13 04:35:53,2025-05-22 07:05:51
1548,182,KQttuc,https://hackstack.io/harbor/network/1548,Roadmap update beacon,True,2025-11-05 09:41:03,2026-02-20 17:00:38
1549,248,Wedskw,https://opswise.net/ember/meadow/1549,Campaign page engine,True,2025-06-24 10:39:58,2025-11-19 02:57:19
1550,269,9YErEP,https://example.com/proud/quartz/1550,Quarterly brief network,True,2025-12-24 16:56:43,2026-02-17 04:31:00
1551,27,TDWYb1,https://example.com/urban/beacon/1551,Launch deck orbit,True,2026-02-18 04:40:34,2026-02-20 21:34:36
1552,201,61TBoW,https://hackstack.io/cobalt/meadow/1552,Ops review kernel,True,2025-02-19 19:04:43,2025-03-06 08:13:01
1553,192,lAd00l,https://acme.dev/gold/river/1553,Incident notes window,True,2025-01-25 16:34:31,2025-03-02 08:09:01
1554,207,rwFlbP,https://acme.dev/opal/delta/1554,Ops review anchor,True,2025-02-26 04:47:37,2025-03-14 11:25:15
1555,169,S2B1Hw,https://opswise.net/mellow/river/1555,Ops review canyon,True,2025-03-16 11:50:44,2025-12-10 11:03:18
1556,277,tDMmXz,https://seeded.app/navy/trail/1556,Incident notes valley,True,2026-02-14 12:11:55,2026-02-16 22:54:05
1557,167,9kDDC7,https://example.com/young/network/1557,Roadmap update quartz,True,2026-02-12 12:53:19,2026-02-20 22:33:19
1558,379,FSvRtr,https://example.com/quiet/island/1558,Campaign page orbit,True,2025-05-15 00:52:05,2025-10-17 23:06:14
1559,172,EzN5qZ,https://acme.dev/forest/delta/1559,Demo link window,True,2026-01-10 09:25:13,2026-01-14 16:30:25
1560,64,6tnNv9,https://relay.cloud/opal/quartz/1560,Incident notes network,False,2025-12-30 01:34:32,2026-02-14 21:51:38
1561,155,1tkAVE,https://opswise.net/clear/beacon/1561,Demo link journey,False,2025-09-17 17:56:31,2025-10-27 21:54:40
1562,181,a7mRJn,https://seeded.app/proud/pioneer/1562,Incident notes anchor,False,2026-01-12 00:09:53,2026-01-27 15:36:30
1563,337,smonrD,https://seeded.app/dawn/window/1563,Ops review field,True,2025-11-30 07:21:00,2025-12-25 10:00:37
1564,153,dV0eUf,https://opswise.net/ivory/meadow/1564,Service guide river,True,2025-04-12 04:18:44,2025-12-16 03:06:10
1565,133,uCqHnI,https://opswise.net/brisk/signal/1565,Roadmap update delta,False,2025-06-03 14:08:40,2025-08-06 03:42:09
1566,326,RSHL0w,https://opswise.net/navy/pioneer/1566,Service guide pioneer,True,2025-07-13 21:00:02,2025-11-05 20:37:18
1567,116,ocasP9,https://hackstack.io/silver/network/1567,Quarterly brief beacon,True,2025-10-14 06:36:38,2025-12-13 09:34:45
1568,141,EQlNCQ,https://opswise.net/clear/harvest/1568,Incident notes zenith,True,2025-07-27 19:25:47,2025-08-10 19:39:00
1569,313,d8X1qB,https://seeded.app/amber/yard/1569,Service guide meadow,True,2025-04-30 22:47:30,2025-07-31 07:06:04
1570,283,ZUiahQ,https://hackstack.io/silver/lagoon/1570,Incident notes network,True,2025-05-04 16:52:26,2025-05-29 09:33:46
1571,347,kZdKwy,https://seeded.app/tidy/canyon/1571,Incident notes uplink,True,2025-07-22 20:35:33,2025-09-06 10:04:52
1572,44,ppTRNZ,https://example.com/proud/pioneer/1572,Incident notes quartz,True,2025-04-05 16:45:36,2025-04-12 04:53:21
1573,148,lKTqFF,https://relay.cloud/jade/orbit/1573,Service guide pioneer,True,2025-09-17 08:49:08,2025-11-13 03:52:11
1574,16,nXmuSN,https://relay.cloud/rapid/zenith/1574,Campaign page valley,True,2025-09-21 03:28:49,2025-12-02 17:07:43
1575,262,dfeHSx,https://relay.cloud/clear/window/1575,Roadmap update window,True,2025-11-20 19:37:29,2026-02-13 18:23:40
1576,126,dOYoaF,https://hackstack.io/silver/beacon/1576,Quarterly brief meadow,True,2025-04-03 17:16:45,2025-05-06 15:27:06
1577,394,AwZzam,https://relay.cloud/calm/zenith/1577,Quarterly brief valley,True,2025-11-01 01:22:04,2025-12-13 09:45:58
1578,52,8cPxHP,https://hackstack.io/jade/river/1578,Service guide trail,True,2025-02-16 08:15:25,2025-06-05 15:32:55
1579,345,IVLtlE,https://hackstack.io/mellow/field/1579,Quarterly brief yard,True,2025-03-19 01:54:48,2025-12-27 10:19:03
1580,124,izpZYR,https://example.com/brisk/lagoon/1580,Ops review valley,True,2025-11-25 05:54:49,2025-12-04 09:07:53
1581,132,X6ECUq,https://relay.cloud/proud/anchor/1581,Launch deck zenith,False,2025-05-12 01:31:38,2025-09-29 09:07:41
1582,198,jZksII,https://relay.cloud/forest/journey/1582,Campaign page valley,True,2026-02-05 23:57:19,2026-02-13 10:28:41
1583,164,n19KCH,https://example.com/keen/lagoon/1583,Demo link uplink,False,2025-01-05 17:08:49,2026-02-14 10:38:54
1584,75,OoNJ29,https://seeded.app/ivory/pioneer/1584,Status board window,True,2025-09-26 10:30:37,2025-12-09 17:22:08
1585,153,ZyoHk8,https://seeded.app/harbor/field/1585,Campaign page kernel,True,2026-01-10 09:24:06,2026-02-15 09:06:27
1586,157,XrL4FI,https://acme.dev/vivid/uplink/1586,Incident notes quartz,True,2025-11-03 23:38:02,2025-11-07 14:13:50
1587,175,2ykcSO,https://opswise.net/silver/beacon/1587,Incident notes harvest,False,2025-03-13 05:45:51,2025-10-16 12:47:08
1588,360,V6WTGl,https://relay.cloud/vivid/orbit/1588,Roadmap update anchor,True,2025-10-23 22:38:54,2025-12-21 11:46:49
1589,106,aDfrSc,https://seeded.app/keen/yard/1589,Service guide beacon,True,2025-07-14 09:42:54,2026-01-14 08:03:38
1590,342,Y01nju,https://opswise.net/urban/window/1590,Launch deck trail,True,2026-01-18 12:50:39,2026-02-06 00:45:13
1591,25,pQmYqp,https://opswise.net/clear/meadow/1591,Launch deck orbit,True,2025-06-16 08:47:56,2025-11-28 10:29:54
1592,237,GZe1lJ,https://acme.dev/forest/meadow/1592,Incident notes valley,True,2026-01-22 09:28:34,2026-01-30 01:18:55
1593,116,CMgnGf,https://relay.cloud/dawn/trail/1593,Service guide beacon,True,2025-07-28 16:56:11,2025-09-05 12:07:31
1594,204,NVQl7l,https://opswise.net/clear/meadow/1594,Quarterly brief yard,True,2026-02-04 13:37:56,2026-02-08 17:57:30
1595,137,0rNu6S,https://seeded.app/clear/delta/1595,Alert feed valley,True,2025-04-01 21:56:07,2025-07-02 17:00:50
1596,141,GqzRO9,https://hackstack.io/lively/meadow/1596,Status board valley,True,2025-02-19 16:23:12,2025-07-04 14:10:42
1597,122,wMe4V7,https://hackstack.io/gold/lagoon/1597,Campaign page field,True,2025-10-23 16:59:37,2025-12-11 00:45:11
1598,210,aTWxko,https://acme.dev/ember/journey/1598,Incident notes trail,True,2025-12-25 00:12:36,2026-01-22 21:01:16
1599,198,mZM3CE,https://hackstack.io/navy/river/1599,Incident notes quartz,True,2025-03-08 14:23:35,2025-07-15 21:02:54
1600,356,DNBvfY,https://opswise.net/ivory/quartz/1600,Campaign page canyon,False,2025-05-26 18:59:34,2026-02-18 11:23:56
1601,211,fFvuZX,https://opswise.net/ivory/valley/1601,Service guide harvest,True,2025-02-01 20:52:53,2025-03-02 02:13:22
1602,225,06cNfW,https://hackstack.io/warm/anchor/1602,Campaign page window,False,2025-04-27 09:58:03,2025-09-22 22:14:10
1603,362,PNuyTi,https://seeded.app/calm/harvest/1603,Alert feed window,True,2025-03-27 09:15:58,2025-10-27 02:11:58
1604,120,qXR2EO,https://opswise.net/ember/delta/1604,Launch deck lagoon,True,2025-06-06 09:16:16,2025-09-10 00:01:37
1605,245,5eGlf7,https://hackstack.io/cobalt/canyon/1605,Launch deck river,True,2025-02-04 09:59:51,2026-02-09 02:29:24
1606,322,oWe46G,https://relay.cloud/ember/canyon/1606,Service guide delta,True,2025-09-02 10:40:34,2026-01-28 19:53:51
1607,51,2UedZy,https://seeded.app/silver/engine/1607,Status board engine,True,2026-01-26 09:50:30,2026-02-20 22:13:53
1608,303,HpG2Ry,https://relay.cloud/quiet/engine/1608,Status board window,True,2025-01-10 14:06:18,2025-06-15 12:37:27
1609,259,SnJmZM,https://example.com/urban/yard/1609,Launch deck river,True,2025-07-06 21:48:21,2026-01-13 08:45:16
1610,236,sNlXCG,https://acme.dev/cobalt/river/1610,Alert feed meadow,True,2025-01-03 11:15:19,2025-09-26 08:24:04
1611,190,hg8zAw,https://opswise.net/vivid/garden/1611,Campaign page window,True,2025-07-02 00:23:33,2026-01-18 02:55:22
1612,320,W9KBZg,https://example.com/quiet/kernel/1612,Status board orbit,True,2025-10-25 15:14:42,2026-02-12 06:16:05
1613,163,xxwD5q,https://acme.dev/young/yard/1613,Service guide harvest,True,2025-07-11 19:44:13,2026-01-27 21:19:01
1614,313,Wiu7Fl,https://seeded.app/silver/canyon/1614,Alert feed kernel,True,2025-10-28 22:07:50,2025-12-04 04:36:53
1615,65,Xqkawa,https://relay.cloud/jade/kernel/1615,Demo link orbit,True,2025-02-11 22:35:58,2025-03-26 05:14:36
1616,135,ZijJow,https://hackstack.io/vivid/valley/1616,Demo link network,True,2025-08-30 11:26:59,2025-11-25 14:06:48
1617,170,TTBm4l,https://acme.dev/opal/zenith/1617,Demo link anchor,True,2026-02-20 20:53:18,2026-02-20 22:18:54
1618,189,6FZYZI,https://relay.cloud/opal/kernel/1618,Incident notes journey,True,2025-12-15 03:51:44,2025-12-25 09:34:47
1619,238,tMq6mg,https://relay.cloud/urban/signal/1619,Roadmap update harvest,True,2025-11-28 08:15:56,2025-11-30 12:08:54
1620,312,y9nkDq,https://relay.cloud/gold/island/1620,Campaign page valley,False,2025-02-23 20:12:04,2025-03-04 12:11:31
1621,337,CjK4lB,https://hackstack.io/calm/field/1621,Demo link valley,True,2025-04-21 16:11:24,2025-04-29 12:19:56
1622,254,HyWuZz,https://seeded.app/calm/island/1622,Demo link network,True,2025-08-26 01:08:02,2025-12-25 16:10:26
1623,143,xA6NZS,https://seeded.app/cobalt/orbit/1623,Ops review delta,True,2025-11-27 07:21:18,2026-01-20 08:47:48
1624,294,MNNFMv,https://relay.cloud/urban/uplink/1624,Launch deck garden,True,2025-02-04 19:47:07,2025-05-16 19:15:50
1625,162,mHcLdg,https://example.com/mellow/lagoon/1625,Roadmap update garden,True,2025-08-08 12:14:07,2025-08-09 17:18:07
1626,349,gZWJFx,https://hackstack.io/tidy/window/1626,Status board anchor,False,2025-06-12 06:42:45,2025-11-28 01:00:51
1627,345,smm5cT,https://opswise.net/urban/anchor/1627,Ops review journey,False,2025-08-21 10:14:27,2025-09-13 11:04:18
1628,280,N6JPlZ,https://seeded.app/brisk/garden/1628,Quarterly brief beacon,True,2025-05-27 12:36:21,2025-12-07 17:14:59
1629,29,UnjTFh,https://relay.cloud/amber/lagoon/1629,Status board engine,True,2025-08-11 00:50:21,2025-11-12 13:13:33
1630,95,0A9f3f,https://example.com/lively/kernel/1630,Incident notes signal,True,2025-09-12 23:03:38,2025-10-06 01:15:57
1631,372,hGaTtk,https://acme.dev/tidy/uplink/1631,Demo link signal,True,2025-12-22 06:14:52,2026-01-03 05:09:23
1632,99,yDQVGw,https://example.com/dawn/meadow/1632,Ops review orbit,True,2026-02-07 11:31:50,2026-02-08 18:11:36
1633,189,QJ3pGM,https://acme.dev/silver/kernel/1633,Ops review quartz,True,2025-12-18 01:21:36,2026-01-24 15:50:32
1634,313,qcVcOu,https://example.com/brisk/signal/1634,Roadmap update field,True,2025-12-02 22:18:22,2025-12-08 09:57:04
1635,396,pwLgFQ,https://example.com/calm/engine/1635,Roadmap update yard,True,2025-09-24 14:24:36,2025-12-04 22:01:13
1636,23,ZpZ2gk,https://seeded.app/cobalt/valley/1636,Service guide yard,True,2025-09-19 06:00:44,2025-11-16 22:00:27
1637,342,SxDYkD,https://acme.dev/dawn/river/1637,Launch deck trail,True,2025-03-02 01:15:24,2025-09-02 21:57:13
1638,236,KJgJu3,https://seeded.app/dawn/lagoon/1638,Demo link beacon,True,2025-07-28 19:49:41,2025-10-25 19:41:18
1639,175,KWDv1e,https://opswise.net/silver/network/1639,Quarterly brief engine,False,2025-07-24 20:57:27,2025-11-21 09:20:03
1640,67,VJunBD,https://example.com/warm/delta/1640,Quarterly brief garden,True,2025-01-10 21:06:39,2025-05-28 01:21:24
1641,111,ytg8wg,https://hackstack.io/jade/meadow/1641,Ops review window,False,2025-11-16 05:58:44,2025-12-27 17:17:59
1642,13,I4ysPn,https://opswise.net/lively/garden/1642,Alert feed pioneer,True,2025-07-29 08:14:07,2025-08-23 15:22:45
1643,34,8QgOXN,https://hackstack.io/amber/journey/1643,Incident notes quartz,True,2025-02-20 16:10:30,2026-02-18 12:07:25
1644,168,kKAaA2,https://hackstack.io/jade/canyon/1644,Roadmap update window,True,2025-06-16 17:49:53,2025-11-14 00:32:03
1645,286,SsCuFm,https://opswise.net/proud/meadow/1645,Quarterly brief network,False,2026-01-22 23:39:35,2026-02-10 03:52:36
1646,124,scsnWi,https://opswise.net/cobalt/delta/1646,Demo link yard,True,2025-01-14 14:47:35,2025-11-20 11:48:43
1647,46,zEfSc3,https://example.com/calm/island/1647,Ops review orbit,True,2025-12-20 22:27:41,2025-12-29 15:51:10
1648,62,FvMbqO,https://acme.dev/forest/canyon/1648,Alert feed lagoon,True,2025-11-18 04:56:29,2026-02-09 10:31:02
1649,259,p5ieks,https://hackstack.io/dawn/kernel/1649,Launch deck canyon,True,2025-11-12 17:10:02,2026-01-20 14:49:02
1650,53,sKIMSY,https://hackstack.io/ivory/engine/1650,Ops review harvest,False,2026-01-28 12:23:38,2026-02-01 08:34:18
1651,150,XfvZQu,https://hackstack.io/navy/island/1651,Alert feed canyon,False,2026-01-26 19:53:51,2026-02-07 02:04:47
1652,288,iL9kvP,https://hackstack.io/young/canyon/1652,Alert feed harvest,True,2025-07-15 17:23:11,2025-09-04 10:00:53
1653,172,sjOoFp,https://relay.cloud/lively/island/1653,Alert feed zenith,True,2025-12-15 22:22:40,2026-01-28 22:14:37
1654,196,JAP0bq,https://hackstack.io/harbor/trail/1654,Roadmap update meadow,True,2025-01-12 09:31:30,2025-02-01 08:35:10
1655,341,2SJzy6,https://example.com/urban/kernel/1655,Service guide uplink,True,2025-09-01 07:59:24,2025-09-26 13:18:48
1656,167,gj8RZL,https://opswise.net/urban/uplink/1656,Demo link field,False,2025-07-24 22:38:07,2026-02-11 09:09:47
1657,81,iiHAPX,https://seeded.app/silver/lagoon/1657,Roadmap update window,True,2025-03-11 20:01:51,2025-10-11 20:03:15
1658,311,gqxqlp,https://example.com/lively/delta/1658,Roadmap update harvest,True,2026-01-30 02:09:18,2026-02-12 10:46:12
1659,127,dQHRWr,https://relay.cloud/dawn/engine/1659,Service guide anchor,False,2025-01-25 09:43:08,2025-08-30 05:25:57
1660,360,5FsBgx,https://hackstack.io/opal/quartz/1660,Quarterly brief island,True,2025-08-13 13:16:47,2025-10-27 10:11:48
1661,57,WDv0t7,https://relay.cloud/urban/yard/1661,Alert feed uplink,True,2025-07-25 22:25:22,2025-09-07 15:55:39
1662,200,ZQTDUg,https://hackstack.io/warm/signal/1662,Quarterly brief garden,True,2026-01-21 11:05:09,2026-02-07 23:52:26
1663,147,Uhj5Km,https://seeded.app/quiet/anchor/1663,Incident notes window,False,2025-01-13 12:35:28,2025-10-01 07:53:55
1664,143,6WEaQL,https://example.com/ember/beacon/1664,Campaign page engine,True,2025-03-20 17:57:33,2025-10-26 17:41:00
1665,157,HWDmel,https://acme.dev/brisk/valley/1665,Incident notes quartz,True,2025-11-14 11:01:58,2026-01-20 13:50:40
1666,257,G70yK4,https://example.com/quiet/beacon/1666,Launch deck field,True,2025-07-13 10:25:01,2025-12-21 04:48:20
1667,355,FasB6p,https://seeded.app/brisk/canyon/1667,Demo link zenith,True,2025-05-05 17:14:57,2025-10-17 13:43:17
1668,387,S3mGEe,https://example.com/lively/delta/1668,Service guide lagoon,True,2025-05-22 09:13:41,2026-01-11 09:28:34
1669,285,BSdjJS,https://example.com/tidy/harvest/1669,Roadmap update quartz,True,2025-04-24 08:28:59,2025-11-25 04:13:57
1670,389,8OEWqh,https://seeded.app/ember/window/1670,Roadmap update yard,True,2025-06-10 22:04:27,2025-08-31 03:23:10
1671,90,4EswZQ,https://opswise.net/brisk/trail/1671,Ops review window,True,2025-01-25 14:34:45,2025-03-15 20:10:07
1672,216,IUgKSX,https://acme.dev/young/delta/1672,Alert feed window,True,2026-01-30 20:35:05,2026-02-11 19:32:30
1673,205,0wqBTZ,https://relay.cloud/young/engine/1673,Alert feed yard,True,2025-11-14 00:13:09,2025-12-03 05:02:45
1674,207,x968Yk,https://example.com/calm/engine/1674,Ops review window,True,2025-07-22 14:36:36,2026-01-19 14:01:30
1675,77,dVV5en,https://hackstack.io/vivid/window/1675,Service guide trail,True,2025-01-09 02:14:24,2025-07-17 11:44:42
1676,221,TYXqoH,https://hackstack.io/cobalt/river/1676,Status board island,False,2025-05-04 16:52:34,2025-09-12 03:58:07
1677,350,hFq0qy,https://relay.cloud/jade/field/1677,Ops review island,True,2025-09-18 13:38:57,2025-10-03 10:31:29
1678,331,ekpr7z,https://opswise.net/young/river/1678,Launch deck river,True,2025-06-11 13:04:03,2025-10-18 08:02:58
1679,105,MviLl8,https://acme.dev/amber/kernel/1679,Launch deck window,True,2025-10-04 00:21:18,2026-02-03 06:22:15
1680,206,U0Nbc9,https://example.com/young/meadow/1680,Incident notes engine,True,2025-10-16 23:53:52,2025-11-30 08:23:28
1681,13,Rv3laj,https://hackstack.io/jade/trail/1681,Status board delta,True,2025-03-13 22:59:59,2025-06-01 06:53:36
1682,182,9odWkC,https://opswise.net/proud/anchor/1682,Campaign page lagoon,True,2025-11-20 09:06:47,2026-01-15 21:18:59
1683,352,yuV5lt,https://seeded.app/tidy/signal/1683,Launch deck river,True,2025-08-09 10:00:58,2026-01-23 02:54:29
1684,123,XS7djf,https://seeded.app/quiet/network/1684,Launch deck orbit,True,2025-03-04 05:57:25,2025-08-04 03:54:07
1685,328,5R0RJs,https://acme.dev/navy/yard/1685,Service guide river,True,2025-11-23 13:13:13,2026-01-17 23:47:57
1686,375,2ESt8U,https://hackstack.io/jade/meadow/1686,Status board harvest,True,2025-08-20 14:05:19,2025-08-26 16:20:17
1687,26,kVoXLi,https://seeded.app/ivory/kernel/1687,Status board valley,True,2025-09-01 01:19:47,2025-11-16 07:28:38
1688,32,Eh7CA2,https://seeded.app/calm/signal/1688,Campaign page signal,True,2025-05-18 14:18:45,2025-11-19 15:17:26
1689,323,Uvv4AB,https://opswise.net/ember/island/1689,Status board delta,True,2025-04-04 12:21:05,2026-02-09 21:52:04
1690,400,fWqD0Y,https://seeded.app/brisk/signal/1690,Alert feed river,True,2026-02-15 09:01:57,2026-02-18 19:57:03
1691,354,BKeIPZ,https://seeded.app/brisk/garden/1691,Service guide window,True,2025-03-29 13:58:43,2025-05-19 01:06:58
1692,97,z5zzqk,https://hackstack.io/keen/signal/1692,Status board yard,True,2025-06-23 09:05:32,2025-10-20 09:36:57
1693,64,4FOUZB,https://acme.dev/lively/quartz/1693,Incident notes river,True,2025-06-27 07:20:50,2025-12-12 00:00:57
1694,21,oWIRWr,https://example.com/ember/network/1694,Demo link orbit,True,2025-03-10 22:15:10,2025-05-01 21:58:44
1695,201,LunkGe,https://hackstack.io/clear/journey/1695,Service guide journey,True,2025-12-05 04:26:50,2025-12-05 23:20:28
1696,247,shfX7t,https://opswise.net/urban/field/1696,Service guide kernel,True,2025-01-02 19:04:56,2025-08-16 00:43:20
1697,33,QAH2Na,https://example.com/brisk/engine/1697,Ops review engine,True,2025-01-06 07:44:44,2025-03-21 03:41:39
1698,137,rPzh7b,https://hackstack.io/ivory/window/1698,Status board beacon,True,2026-01-19 02:46:23,2026-02-02 11:35:39
1699,3,jotsAO,https://example.com/urban/orbit/1699,Campaign page kernel,True,2025-12-20 01:54:43,2026-01-26 11:27:23
1700,250,TlTxmj,https://acme.dev/opal/harvest/1700,Demo link engine,True,2025-02-01 17:35:32,2026-01-11 06:33:13
1701,232,tjEunu,https://acme.dev/opal/field/1701,Roadmap update valley,True,2025-08-03 02:53:30,2025-10-12 00:08:43
1702,31,Gha7SB,https://example.com/urban/garden/1702,Service guide window,True,2025-12-29 15:32:51,2026-01-19 19:30:53
1703,394,cfh2wg,https://opswise.net/opal/valley/1703,Service guide valley,True,2025-06-19 17:51:07,2025-12-11 22:10:04
1704,193,qZZjcj,https://example.com/clear/signal/1704,Launch deck beacon,True,2025-09-30 17:12:48,2025-12-31 20:48:59
1705,113,RmyQhp,https://acme.dev/young/anchor/1705,Alert feed field,True,2026-02-12 13:40:18,2026-02-20 03:40:17
1706,388,1n4MKd,https://hackstack.io/forest/lagoon/1706,Alert feed quartz,True,2025-04-21 17:37:24,2025-12-31 21:30:51
1707,148,zBk0FB,https://relay.cloud/gold/anchor/1707,Status board meadow,True,2025-07-05 09:09:00,2025-10-17 15:05:23
1708,327,fwYgbU,https://seeded.app/clear/harvest/1708,Alert feed delta,True,2025-12-28 09:29:44,2026-02-17 02:43:25
1709,30,Qm5mP0,https://example.com/urban/anchor/1709,Alert feed meadow,True,2025-03-11 18:13:58,2025-04-19 10:58:48
1710,46,tQ8WjJ,https://example.com/clear/uplink/1710,Incident notes journey,True,2025-11-25 10:45:53,2026-01-08 01:47:11
1711,245,Ogn2ye,https://opswise.net/keen/valley/1711,Alert feed network,True,2025-06-13 09:40:22,2025-12-31 18:35:12
1712,8,D2I9BK,https://relay.cloud/warm/orbit/1712,Status board trail,True,2025-11-26 13:08:41,2026-02-12 01:29:10
1713,334,xJKKAk,https://hackstack.io/quiet/river/1713,Launch deck field,True,2025-04-26 07:57:55,2025-06-24 21:47:28
1714,335,7PFHTh,https://hackstack.io/keen/network/1714,Launch deck kernel,True,2025-08-18 12:11:31,2025-08-21 23:58:36
1715,259,C35wmh,https://hackstack.io/gold/window/1715,Roadmap update meadow,True,2025-02-20 22:58:59,2025-11-29 04:04:07
1716,143,mLipS6,https://relay.cloud/dawn/anchor/1716,Status board island,True,2025-08-01 18:24:11,2025-09-06 03:10:13
1717,231,esdzvE,https://acme.dev/tidy/delta/1717,Demo link engine,True,2025-04-22 05:10:01,2025-07-12 04:06:03
1718,279,nxzkY2,https://relay.cloud/tidy/pioneer/1718,Incident notes meadow,True,2025-01-02 06:15:19,2025-09-30 08:44:48
1719,266,AUENw9,https://example.com/proud/zenith/1719,Demo link engine,True,2026-01-04 22:47:46,2026-01-15 04:08:43
1720,304,glRDyu,https://hackstack.io/opal/canyon/1720,Ops review river,True,2026-02-03 14:45:03,2026-02-11 14:49:20
1721,84,nmX6vA,https://hackstack.io/gold/field/1721,Service guide pioneer,True,2025-03-05 06:04:29,2026-01-17 00:33:00
1722,209,CVidMw,https://opswise.net/young/island/1722,Launch deck anchor,True,2025-04-02 00:16:07,2026-02-04 14:14:19
1723,235,gmpXl3,https://hackstack.io/tidy/garden/1723,Ops review orbit,True,2025-05-06 02:27:53,2026-02-13 12:40:55
1724,308,d0xNMU,https://example.com/brisk/yard/1724,Demo link journey,True,2025-04-01 10:43:58,2025-07-18 15:24:51
1725,351,nOKhgy,https://seeded.app/tidy/valley/1725,Ops review river,True,2025-01-21 23:15:49,2025-05-26 22:35:15
1726,277,i1r737,https://relay.cloud/brisk/beacon/1726,Alert feed lagoon,True,2025-09-04 19:56:41,2026-02-04 03:51:14
1727,37,VKibFY,https://example.com/lively/orbit/1727,Roadmap update uplink,True,2025-01-23 20:46:48,2025-09-09 09:00:59
1728,145,IzlvYN,https://opswise.net/dawn/orbit/1728,Demo link kernel,True,2025-02-01 05:11:02,2026-02-04 01:34:50
1729,348,5CiPIk,https://opswise.net/vivid/anchor/1729,Incident notes uplink,True,2025-08-20 11:33:58,2025-12-08 19:45:39
1730,283,qN0ZlB,https://seeded.app/mellow/orbit/1730,Incident notes journey,False,2025-01-17 07:40:42,2025-04-15 19:38:53
1731,152,wH4Jhl,https://hackstack.io/proud/journey/1731,Incident notes journey,True,2026-01-27 15:23:26,2026-02-18 20:02:24
1732,176,M02Xdu,https://opswise.net/mellow/canyon/1732,Launch deck quartz,True,2025-06-03 17:58:18,2025-12-23 15:31:55
1733,328,7kQepb,https://relay.cloud/ember/valley/1733,Alert feed signal,True,2025-08-29 08:47:40,2026-01-11 07:43:25
1734,193,X2yaA6,https://hackstack.io/vivid/meadow/1734,Quarterly brief garden,True,2025-10-09 11:12:36,2025-10-16 02:01:26
1735,146,0j6nOH,https://acme.dev/young/garden/1735,Ops review harvest,True,2025-09-10 18:41:51,2025-10-26 07:32:56
1736,12,wkyHI8,https://hackstack.io/gold/canyon/1736,Roadmap update network,False,2025-02-06 17:38:44,2025-03-25 18:55:44
1737,198,T3LrRn,https://relay.cloud/ivory/orbit/1737,Status board field,True,2025-11-11 20:11:35,2025-11-14 07:45:04
1738,35,WvFXir,https://relay.cloud/vivid/orbit/1738,Campaign page kernel,True,2025-06-13 02:22:28,2026-01-15 13:21:41
1739,65,v4Tcjj,https://acme.dev/quiet/orbit/1739,Quarterly brief valley,True,2025-02-19 02:53:02,2026-02-01 03:55:08
1740,390,uSgUBh,https://example.com/opal/trail/1740,Demo link network,True,2026-01-30 09:58:57,2026-02-16 18:39:48
1741,281,Cc1Vss,https://opswise.net/clear/orbit/1741,Demo link island,True,2025-04-22 06:47:49,2025-11-16 12:09:11
1742,62,U0Q9Wy,https://acme.dev/warm/engine/1742,Demo link island,True,2025-11-06 22:04:02,2025-11-24 17:00:48
1743,299,vriJON,https://acme.dev/silver/kernel/1743,Incident notes harvest,True,2026-02-05 17:03:41,2026-02-11 12:05:47
1744,158,FFVw2a,https://opswise.net/keen/river/1744,Alert feed garden,True,2025-08-23 15:32:02,2025-12-30 02:34:07
1745,276,VfNVG2,https://seeded.app/silver/beacon/1745,Status board harvest,True,2025-08-20 01:18:30,2025-09-22 11:46:13
1746,276,MVYg0y,https://hackstack.io/clear/signal/1746,Demo link pioneer,True,2025-12-08 23:58:51,2026-02-14 21:03:00
1747,201,NI1opj,https://acme.dev/amber/window/1747,Incident notes kernel,True,2025-01-13 13:53:55,2025-10-16 14:29:55
1748,66,2mi87u,https://opswise.net/ember/island/1748,Roadmap update yard,True,2025-07-24 20:19:53,2025-12-10 15:39:34
1749,304,G6Y1WG,https://seeded.app/quiet/garden/1749,Demo link zenith,True,2025-11-28 06:06:13,2025-12-19 21:37:41
1750,284,q7vEWw,https://relay.cloud/proud/meadow/1750,Launch deck uplink,False,2025-12-01 13:19:14,2026-01-17 04:45:19
1751,394,rdcHtD,https://opswise.net/rapid/kernel/1751,Service guide river,True,2025-11-19 11:38:13,2026-02-11 04:12:22
1752,158,9uYXfx,https://acme.dev/brisk/anchor/1752,Incident notes network,True,2025-01-20 05:56:52,2026-01-30 12:48:28
1753,288,lbw5pL,https://example.com/ember/pioneer/1753,Demo link engine,True,2025-05-13 23:30:56,2025-11-29 03:48:32
1754,333,4hw1P0,https://hackstack.io/mellow/trail/1754,Demo link harvest,True,2026-01-31 10:30:53,2026-02-17 04:30:42
1755,288,SjvQf4,https://seeded.app/harbor/anchor/1755,Alert feed harvest,True,2025-03-08 17:31:37,2025-07-11 09:56:21
1756,193,eCdwzc,https://relay.cloud/keen/engine/1756,Alert feed lagoon,False,2025-10-11 05:16:03,2025-11-19 07:06:57
1757,100,FLofVD,https://acme.dev/urban/delta/1757,Roadmap update anchor,True,2025-01-09 15:01:53,2025-12-16 07:00:58
1758,252,q7DLQZ,https://opswise.net/opal/pioneer/1758,Ops review yard,True,2025-05-01 14:47:07,2025-10-24 18:40:49
1759,230,RHrf0h,https://opswise.net/silver/engine/1759,Campaign page network,True,2025-10-31 17:33:42,2026-02-15 03:50:03
1760,98,f9vqnR,https://seeded.app/opal/kernel/1760,Launch deck engine,True,2025-12-06 21:06:39,2025-12-19 05:38:47
1761,395,Hw1DUo,https://opswise.net/vivid/delta/1761,Status board quartz,True,2025-10-26 06:43:01,2025-12-14 13:08:41
1762,21,9sMOz7,https://hackstack.io/jade/island/1762,Service guide valley,True,2025-10-24 12:54:02,2026-01-06 17:36:37
1763,73,ZA38uM,https://example.com/brisk/window/1763,Incident notes journey,True,2025-03-07 00:14:52,2025-12-21 05:20:05
1764,208,oz5Dxd,https://acme.dev/ember/delta/1764,Status board beacon,True,2025-09-13 01:58:37,2026-01-25 03:21:03
1765,88,0c2kJF,https://relay.cloud/mellow/river/1765,Status board journey,True,2026-02-03 15:22:16,2026-02-10 11:31:18
1766,197,XRI270,https://opswise.net/keen/delta/1766,Campaign page valley,True,2025-05-01 05:26:43,2025-11-24 02:52:10
1767,337,Fw0poJ,https://seeded.app/tidy/valley/1767,Service guide trail,False,2025-06-12 06:17:24,2025-12-10 13:23:27
1768,380,akyCkW,https://relay.cloud/proud/kernel/1768,Campaign page trail,False,2025-07-12 22:29:04,2026-02-06 00:34:37
1769,242,MVLUgR,https://hackstack.io/quiet/anchor/1769,Incident notes trail,True,2025-02-17 22:55:19,2025-02-23 21:25:04
1770,400,EK1ATt,https://relay.cloud/quiet/meadow/1770,Roadmap update network,True,2025-10-17 13:56:47,2025-12-10 14:05:58
1771,395,YcMwQL,https://relay.cloud/mellow/harvest/1771,Service guide zenith,True,2025-03-09 08:09:33,2026-02-02 17:15:15
1772,140,Rn36fh,https://opswise.net/harbor/anchor/1772,Campaign page canyon,True,2025-08-11 11:05:43,2025-08-21 13:47:27
1773,279,rLDxzk,https://acme.dev/calm/zenith/1773,Incident notes delta,True,2025-02-20 16:35:48,2026-01-14 12:33:25
1774,168,bg3eyP,https://acme.dev/keen/quartz/1774,Incident notes river,True,2025-12-09 15:29:22,2026-01-04 07:56:53
1775,368,uUE1Yd,https://relay.cloud/brisk/quartz/1775,Demo link network,True,2025-08-04 23:24:44,2025-12-14 21:24:17
1776,290,iOcAvo,https://opswise.net/brisk/field/1776,Roadmap update quartz,True,2025-12-22 10:51:08,2026-02-02 12:56:26
1777,200,Mn5Sz4,https://hackstack.io/gold/valley/1777,Status board pioneer,False,2025-11-18 23:11:08,2026-02-11 03:00:38
1778,10,6rSYpj,https://relay.cloud/tidy/journey/1778,Campaign page network,True,2025-12-12 05:55:36,2026-01-11 14:02:12
1779,71,mZhxjv,https://hackstack.io/harbor/pioneer/1779,Status board delta,False,2025-05-16 20:16:06,2025-06-14 00:22:14
1780,116,tKmuSu,https://hackstack.io/opal/uplink/1780,Service guide lagoon,True,2025-05-03 10:12:04,2026-01-17 15:28:05
1781,188,v6Aru9,https://opswise.net/keen/yard/1781,Quarterly brief trail,True,2025-08-12 00:25:58,2025-12-25 02:48:07
1782,338,78Rex6,https://relay.cloud/tidy/journey/1782,Alert feed trail,True,2026-01-26 19:18:37,2026-02-16 23:57:27
1783,202,SGyieR,https://relay.cloud/rapid/field/1783,Alert feed engine,True,2025-06-19 11:17:33,2025-11-23 17:25:14
1784,46,Tevtf3,https://seeded.app/quiet/island/1784,Roadmap update yard,True,2025-04-30 05:20:28,2025-08-28 08:40:34
1785,201,rni80x,https://opswise.net/amber/trail/1785,Alert feed harvest,True,2025-10-07 03:40:51,2026-01-18 02:03:12
1786,317,WcjC2o,https://relay.cloud/harbor/trail/1786,Roadmap update window,True,2025-09-14 16:32:58,2025-11-04 09:00:59
1787,385,emYq9H,https://acme.dev/mellow/anchor/1787,Launch deck delta,True,2025-10-31 23:10:04,2026-01-13 09:02:39
1788,108,kxq8OD,https://relay.cloud/silver/kernel/1788,Ops review network,True,2025-02-04 20:41:50,2025-12-08 11:47:32
1789,105,3SYi0V,https://acme.dev/clear/journey/1789,Quarterly brief garden,True,2025-01-07 15:23:50,2025-01-08 06:50:55
1790,316,tLUuC8,https://seeded.app/cobalt/lagoon/1790,Status board orbit,True,2026-02-08 03:19:18,2026-02-19 02:10:50
1791,101,5eW636,https://relay.cloud/ivory/valley/1791,Service guide orbit,True,2025-05-06 03:43:06,2025-06-27 12:06:29
1792,134,FBQiMJ,https://seeded.app/jade/garden/1792,Alert feed kernel,False,2025-02-05 18:12:19,2025-05-26 14:23:42
1793,178,LURdBc,https://hackstack.io/keen/journey/1793,Campaign page window,True,2025-01-07 05:56:02,2026-01-19 14:47:36
1794,25,036uw6,https://seeded.app/rapid/network/1794,Alert feed canyon,False,2025-03-15 06:39:15,2025-08-23 06:00:42
1795,16,2Yw3uo,https://acme.dev/gold/valley/1795,Demo link anchor,True,2025-11-29 16:14:00,2025-12-23 11:33:59
1796,205,F38oGI,https://opswise.net/tidy/delta/1796,Incident notes river,True,2025-02-16 19:00:02,2026-02-09 23:06:23
1797,165,kLL2IY,https://opswise.net/ember/quartz/1797,Demo link river,False,2026-02-02 11:32:50,2026-02-02 16:00:04
1798,331,slv4qs,https://example.com/gold/window/1798,Launch deck window,True,2026-01-22 05:42:58,2026-02-10 04:53:35
1799,235,cLW6Bq,https://example.com/lively/orbit/1799,Ops review window,True,2025-12-16 17:51:27,2026-02-13 11:31:32
1800,77,xyyfMh,https://example.com/warm/kernel/1800,Ops review canyon,True,2025-01-03 11:22:54,2025-01-26 22:21:43
1801,322,hlVeBU,https://relay.cloud/calm/signal/1801,Quarterly brief kernel,True,2025-06-28 14:57:35,2026-01-08 17:58:47
1802,139,iMNNBh,https://example.com/tidy/trail/1802,Roadmap update anchor,True,2025-12-18 21:50:42,2026-02-09 01:15:38
1803,190,ds2VTK,https://opswise.net/cobalt/lagoon/1803,Quarterly brief window,False,2025-03-05 04:51:15,2025-03-23 08:33:10
1804,5,tj5jnb,https://opswise.net/lively/beacon/1804,Launch deck engine,True,2025-08-28 08:24:27,2025-10-18 10:39:27
1805,145,veXK3T,https://relay.cloud/forest/anchor/1805,Campaign page yard,True,2025-06-11 18:33:45,2025-06-14 10:09:01
1806,47,YovnFL,https://opswise.net/opal/field/1806,Demo link garden,False,2026-01-13 08:49:51,2026-02-02 08:32:02
1807,13,QfDtHc,https://relay.cloud/forest/pioneer/1807,Status board uplink,True,2025-11-11 19:56:11,2026-01-24 23:40:38
1808,310,LXk1hK,https://hackstack.io/clear/delta/1808,Incident notes island,True,2025-05-10 13:30:38,2025-10-05 21:55:54
1809,187,tlqScm,https://relay.cloud/navy/trail/1809,Roadmap update river,True,2025-09-10 02:48:02,2026-01-08 06:17:36
1810,101,fyGTFk,https://acme.dev/navy/lagoon/1810,Status board engine,False,2025-08-14 12:16:26,2025-11-20 17:28:27
1811,178,xPaL0J,https://hackstack.io/ember/island/1811,Ops review orbit,False,2025-05-26 07:23:44,2025-12-05 05:18:08
1812,47,W5txHP,https://relay.cloud/brisk/delta/1812,Service guide quartz,True,2025-07-25 13:38:56,2026-01-27 10:00:34
1813,76,tVHqGY,https://example.com/mellow/pioneer/1813,Incident notes lagoon,False,2025-08-27 22:25:40,2025-10-05 01:30:25
1814,97,VRDXYL,https://example.com/young/canyon/1814,Quarterly brief uplink,True,2026-01-20 02:16:32,2026-02-19 09:30:56
1815,250,ums4u6,https://example.com/quiet/river/1815,Quarterly brief window,True,2025-07-12 11:39:04,2025-10-26 21:10:20
1816,157,tE5Ixg,https://relay.cloud/cobalt/field/1816,Status board island,True,2025-10-24 05:59:06,2025-11-25 11:43:21
1817,263,IwgLzI,https://seeded.app/gold/yard/1817,Quarterly brief kernel,False,2025-11-06 23:11:43,2026-01-17 14:07:03
1818,94,i7AHcb,https://acme.dev/brisk/window/1818,Incident notes orbit,False,2025-09-16 09:52:46,2025-09-16 16:01:26
1819,236,5LehXp,https://hackstack.io/proud/window/1819,Quarterly brief signal,False,2025-04-04 14:49:14,2025-04-24 01:50:47
1820,306,QWunku,https://acme.dev/lively/pioneer/1820,Quarterly brief canyon,False,2025-07-28 20:27:18,2026-02-15 20:54:37
1821,2,EbJLAl,https://opswise.net/forest/pioneer/1821,Ops review pioneer,True,2025-11-29 20:34:28,2025-12-26 14:48:48
1822,42,baJVMc,https://seeded.app/gold/orbit/1822,Launch deck delta,True,2026-02-04 12:06:37,2026-02-10 02:28:11
1823,76,m1abQ7,https://seeded.app/ivory/yard/1823,Alert feed kernel,True,2025-11-08 09:47:22,2025-12-16 19:55:30
1824,196,dAEOKe,https://hackstack.io/urban/delta/1824,Quarterly brief meadow,True,2026-01-15 06:56:40,2026-01-28 16:53:48
1825,187,ol5f2T,https://acme.dev/lively/valley/1825,Demo link canyon,True,2025-01-21 13:10:38,2025-02-08 02:32:29
1826,5,P2c5OE,https://acme.dev/urban/meadow/1826,Incident notes quartz,True,2025-12-26 14:00:49,2025-12-30 07:43:02
1827,375,4eepW9,https://acme.dev/calm/pioneer/1827,Incident notes garden,False,2025-10-12 06:45:09,2026-01-24 04:40:28
1828,43,vyDYsz,https://example.com/jade/island/1828,Service guide garden,True,2026-01-25 23:13:38,2026-02-01 19:18:28
1829,194,ZnU8PA,https://relay.cloud/mellow/network/1829,Incident notes network,True,2025-09-21 02:56:25,2025-10-20 09:22:53
1830,235,VAcNWi,https://relay.cloud/navy/field/1830,Incident notes quartz,True,2025-10-29 07:41:43,2025-12-18 00:15:56
1831,111,s2OXz4,https://opswise.net/brisk/engine/1831,Roadmap update island,True,2025-02-08 04:50:48,2025-02-10 17:55:46
1832,250,eKbNIY,https://seeded.app/clear/harvest/1832,Quarterly brief anchor,True,2025-04-22 20:24:15,2025-07-18 21:03:39
1833,165,Iwk3r0,https://relay.cloud/urban/signal/1833,Quarterly brief zenith,False,2025-05-28 13:30:23,2025-11-22 12:30:43
1834,253,dDePo8,https://example.com/jade/canyon/1834,Alert feed island,False,2025-07-27 16:03:19,2025-12-02 18:22:15
1835,219,M1JNzx,https://seeded.app/ivory/beacon/1835,Campaign page journey,True,2025-02-05 22:08:39,2025-12-28 09:38:14
1836,339,OGPBR0,https://relay.cloud/brisk/delta/1836,Campaign page window,False,2025-09-18 06:01:25,2026-01-03 17:18:38
1837,339,zyuadK,https://seeded.app/harbor/pioneer/1837,Demo link yard,False,2026-01-01 05:22:36,2026-01-13 18:46:00
1838,234,Kw2vVm,https://relay.cloud/ember/garden/1838,Ops review lagoon,True,2025-08-26 19:25:59,2025-10-03 07:45:59
1839,127,9Bzg0r,https://seeded.app/dawn/orbit/1839,Service guide trail,True,2025-09-27 13:09:58,2025-12-20 10:13:47
1840,60,ChyOBx,https://example.com/navy/network/1840,Launch deck harvest,True,2025-12-30 21:44:50,2026-02-05 08:18:09
1841,3,5RVQzY,https://example.com/dawn/river/1841,Quarterly brief island,True,2025-09-15 09:33:51,2025-10-25 18:08:33
1842,17,lpQ4Js,https://relay.cloud/lively/orbit/1842,Quarterly brief lagoon,True,2025-11-27 11:42:12,2026-01-12 03:21:15
1843,305,SXwFt2,https://acme.dev/brisk/river/1843,Alert feed lagoon,True,2025-08-06 19:32:18,2026-01-27 15:46:43
1844,265,h4ynKU,https://seeded.app/calm/delta/1844,Service guide garden,True,2025-08-04 06:38:26,2026-01-15 15:08:01
1845,84,2t4Iec,https://acme.dev/rapid/uplink/1845,Demo link network,False,2025-07-16 05:04:30,2025-12-03 23:33:30
1846,111,ncKSLk,https://seeded.app/clear/trail/1846,Service guide orbit,True,2025-11-19 05:44:48,2026-01-15 04:09:08
1847,207,PkEKue,https://hackstack.io/quiet/garden/1847,Ops review trail,False,2026-01-29 03:09:06,2026-02-16 16:55:15
1848,294,zXAtZG,https://hackstack.io/calm/meadow/1848,Demo link river,True,2025-09-04 00:37:52,2025-09-09 10:33:35
1849,82,vTbhmI,https://hackstack.io/proud/yard/1849,Incident notes signal,True,2025-05-14 00:42:27,2025-08-29 04:17:06
1850,125,R7zIrv,https://hackstack.io/jade/delta/1850,Launch deck harvest,True,2025-12-07 12:44:55,2025-12-07 20:11:51
1851,150,x9pITy,https://seeded.app/cobalt/valley/1851,Alert feed quartz,False,2025-03-27 15:29:37,2025-12-18 14:25:25
1852,21,JCC5dv,https://example.com/cobalt/pioneer/1852,Service guide garden,True,2025-12-22 06:05:41,2025-12-30 08:49:36
1853,252,nBd3vk,https://opswise.net/navy/kernel/1853,Launch deck anchor,True,2026-02-11 22:42:03,2026-02-12 22:21:51
1854,88,1zy5KL,https://seeded.app/urban/valley/1854,Incident notes signal,False,2025-04-30 03:20:25,2026-01-23 15:47:37
1855,201,aHr6d3,https://seeded.app/vivid/zenith/1855,Demo link window,True,2025-03-16 17:51:08,2025-11-27 19:12:22
1856,93,a3mWRN,https://relay.cloud/harbor/quartz/1856,Service guide anchor,True,2025-10-07 12:29:13,2025-10-28 22:43:36
1857,238,3lR1Uy,https://example.com/forest/uplink/1857,Quarterly brief canyon,True,2025-11-10 19:31:11,2026-02-18 22:30:19
1858,262,ios9Fn,https://relay.cloud/forest/window/1858,Campaign page harvest,True,2025-05-17 06:01:31,2025-10-07 17:20:45
1859,50,Wiu1qk,https://example.com/navy/island/1859,Incident notes canyon,True,2025-10-21 22:11:51,2026-02-19 08:32:09
1860,359,u2HPaF,https://relay.cloud/dawn/river/1860,Demo link beacon,False,2025-08-25 09:49:22,2025-12-22 04:19:39
1861,358,PJpf3T,https://example.com/clear/harvest/1861,Launch deck signal,True,2025-06-28 05:28:29,2025-12-06 14:22:59
1862,96,Nokk6f,https://opswise.net/opal/beacon/1862,Incident notes canyon,True,2025-04-23 13:28:52,2025-07-29 16:31:50
1863,215,MbKtvK,https://example.com/gold/pioneer/1863,Campaign page pioneer,False,2025-05-21 06:05:41,2025-08-05 03:41:29
1864,159,ATq5gV,https://seeded.app/ember/signal/1864,Alert feed pioneer,True,2025-08-17 19:46:21,2025-10-17 03:26:33
1865,239,VfyUb0,https://acme.dev/cobalt/quartz/1865,Demo link engine,True,2025-10-26 07:10:44,2026-02-07 18:20:02
1866,78,U7GQnS,https://acme.dev/forest/engine/1866,Launch deck engine,True,2025-06-11 18:30:22,2025-07-20 15:19:43
1867,132,Q3jkjd,https://seeded.app/harbor/zenith/1867,Roadmap update lagoon,True,2025-03-24 22:05:23,2025-03-24 22:19:47
1868,95,HIAiqn,https://relay.cloud/proud/delta/1868,Campaign page meadow,True,2025-01-17 10:30:56,2025-03-07 03:37:07
1869,74,xmt9SW,https://hackstack.io/keen/window/1869,Incident notes network,True,2025-01-15 14:29:40,2025-02-21 12:15:07
1870,319,4TvUki,https://relay.cloud/ember/uplink/1870,Incident notes orbit,True,2025-10-18 05:03:20,2025-11-17 02:51:50
1871,292,1aRsmB,https://hackstack.io/proud/lagoon/1871,Service guide kernel,True,2025-11-07 20:20:56,2025-12-19 05:11:51
1872,155,BCfEci,https://acme.dev/forest/orbit/1872,Roadmap update uplink,True,2025-07-25 03:41:08,2026-02-09 02:33:51
1873,269,fktvU1,https://relay.cloud/calm/network/1873,Launch deck signal,True,2026-01-11 23:39:46,2026-02-03 20:47:35
1874,281,NMb3Hp,https://acme.dev/ember/journey/1874,Incident notes anchor,False,2025-12-02 00:47:12,2026-01-08 20:11:32
1875,86,XqVXvk,https://opswise.net/calm/field/1875,Roadmap update trail,True,2025-03-09 23:41:55,2025-07-26 17:47:13
1876,10,kh7KOy,https://acme.dev/harbor/window/1876,Ops review lagoon,True,2025-02-02 00:34:41,2025-02-22 06:47:12
1877,181,vBWKAT,https://relay.cloud/opal/network/1877,Service guide network,True,2025-07-27 22:11:41,2025-08-03 21:39:29
1878,72,4Qlx85,https://seeded.app/young/harvest/1878,Alert feed signal,True,2025-04-03 20:53:32,2025-07-13 19:59:06
1879,184,cX68zH,https://opswise.net/clear/meadow/1879,Incident notes river,True,2025-10-04 10:53:25,2025-10-08 13:31:22
1880,276,jr6y8c,https://hackstack.io/gold/delta/1880,Status board kernel,False,2026-01-27 10:47:17,2026-02-11 01:28:37
1881,244,v7LfC8,https://relay.cloud/calm/zenith/1881,Status board meadow,True,2025-04-12 23:11:40,2026-01-04 11:33:49
1882,212,4PJlCn,https://example.com/lively/lagoon/1882,Incident notes yard,True,2025-08-01 12:07:43,2025-10-17 14:53:17
1883,302,WP0bVB,https://acme.dev/lively/uplink/1883,Ops review zenith,False,2025-01-19 13:56:51,2025-04-21 00:43:32
1884,111,bczqyF,https://acme.dev/proud/beacon/1884,Campaign page signal,True,2025-07-16 23:14:24,2025-07-27 12:13:00
1885,67,JAP4Mu,https://relay.cloud/navy/canyon/1885,Ops review yard,True,2025-09-13 05:48:09,2025-11-02 05:00:48
1886,189,41VVl4,https://acme.dev/ivory/pioneer/1886,Service guide pioneer,False,2025-03-15 22:24:18,2025-10-18 18:26:00
1887,71,KUyrAl,https://opswise.net/brisk/trail/1887,Status board trail,False,2025-12-11 19:43:01,2025-12-29 21:28:59
1888,230,CBacZc,https://example.com/ivory/signal/1888,Service guide window,False,2025-06-18 06:13:22,2026-01-18 05:15:22
1889,251,pEMDTL,https://hackstack.io/ember/beacon/1889,Campaign page yard,True,2025-06-03 07:03:57,2026-02-16 19:28:38
1890,240,PeEP4t,https://relay.cloud/proud/yard/1890,Roadmap update kernel,True,2025-11-17 03:48:41,2026-01-26 15:26:27
1891,155,wYOeMA,https://example.com/gold/anchor/1891,Incident notes yard,True,2025-05-01 19:32:38,2025-10-01 13:36:59
1892,310,NBsRDQ,https://hackstack.io/harbor/island/1892,Ops review window,True,2025-10-23 14:16:45,2025-11-03 19:54:55
1893,305,gqijXj,https://relay.cloud/mellow/yard/1893,Campaign page pioneer,True,2025-07-17 04:00:03,2026-01-14 05:20:39
1894,10,Ascr6Q,https://seeded.app/amber/signal/1894,Ops review valley,True,2025-09-02 00:44:32,2025-09-04 04:17:20
1895,211,6FbZgw,https://opswise.net/warm/garden/1895,Service guide beacon,True,2026-01-13 02:12:29,2026-01-22 23:40:16
1896,260,SLfJbb,https://seeded.app/warm/network/1896,Service guide island,True,2026-02-16 12:18:33,2026-02-19 08:45:33
1897,39,LJC5II,https://hackstack.io/keen/trail/1897,Campaign page harvest,True,2025-11-25 09:23:21,2026-01-11 09:39:14
1898,88,5eLX1m,https://hackstack.io/harbor/quartz/1898,Campaign page canyon,True,2025-03-22 02:19:30,2025-04-28 09:00:07
1899,204,lt2Vba,https://seeded.app/jade/kernel/1899,Quarterly brief trail,True,2025-07-25 02:17:37,2025-10-04 13:34:20
1900,303,wAIu9Q,https://relay.cloud/keen/pioneer/1900,Quarterly brief orbit,True,2025-09-05 23:49:21,2025-10-02 07:07:46
1901,54,DSxO08,https://acme.dev/amber/valley/1901,Status board uplink,True,2025-03-11 10:12:46,2025-09-30 20:26:41
1902,145,jNITk0,https://opswise.net/harbor/orbit/1902,Service guide delta,True,2025-07-22 21:53:56,2025-11-26 21:31:05
1903,127,agiQVy,https://hackstack.io/keen/uplink/1903,Campaign page quartz,True,2025-10-26 12:22:15,2025-12-12 03:35:24
1904,251,9VnpSP,https://seeded.app/opal/engine/1904,Launch deck anchor,True,2025-03-04 11:38:00,2025-07-03 06:55:55
1905,72,wyzTJn,https://acme.dev/urban/yard/1905,Quarterly brief canyon,True,2025-06-24 17:26:37,2025-11-01 05:09:52
1906,179,jFa5wg,https://seeded.app/clear/trail/1906,Quarterly brief delta,False,2025-02-26 03:18:10,2025-11-22 10:54:02
1907,138,f6PnZw,https://example.com/rapid/kernel/1907,Incident notes beacon,True,2025-03-03 10:07:10,2025-04-01 23:57:54
1908,351,jh0hrU,https://opswise.net/brisk/canyon/1908,Campaign page engine,True,2025-04-25 13:33:33,2025-06-09 00:11:46
1909,157,w8dWTG,https://example.com/dawn/valley/1909,Incident notes field,True,2025-10-31 12:01:12,2026-01-18 10:32:22
1910,267,w5mU0C,https://example.com/forest/zenith/1910,Campaign page signal,True,2025-04-02 01:29:59,2025-07-22 08:01:50
1911,105,ywMIJt,https://example.com/forest/engine/1911,Ops review engine,True,2025-08-20 07:31:03,2025-10-25 00:04:33
1912,165,AlD7S5,https://hackstack.io/tidy/valley/1912,Launch deck garden,True,2025-12-29 07:54:29,2026-02-11 15:42:50
1913,78,TDrrOa,https://opswise.net/forest/delta/1913,Status board harvest,True,2025-07-03 11:59:24,2025-10-29 00:16:56
1914,138,EI31ia,https://relay.cloud/harbor/window/1914,Status board pioneer,True,2026-01-25 12:59:05,2026-02-19 05:23:59
1915,322,cYDCxo,https://acme.dev/harbor/harvest/1915,Service guide island,True,2025-08-27 02:29:18,2026-01-09 12:34:22
1916,20,fCR1qI,https://relay.cloud/harbor/uplink/1916,Incident notes pioneer,True,2025-07-02 18:43:54,2025-12-05 09:47:34
1917,208,7iqDEg,https://hackstack.io/jade/canyon/1917,Incident notes anchor,True,2025-02-08 20:53:19,2025-12-01 20:41:02
1918,289,RCH3yK,https://example.com/ivory/kernel/1918,Service guide zenith,True,2025-12-07 20:18:01,2026-02-16 18:40:06
1919,301,omzCTz,https://example.com/quiet/zenith/1919,Quarterly brief harvest,True,2025-11-26 09:40:58,2026-02-20 17:57:57
1920,25,PhRMjv,https://hackstack.io/rapid/zenith/1920,Quarterly brief garden,False,2025-12-05 13:29:09,2026-01-18 05:19:37
1921,337,2YVoDJ,https://hackstack.io/keen/pioneer/1921,Launch deck trail,True,2025-02-09 01:31:13,2025-02-19 07:08:27
1922,121,uk7ghG,https://acme.dev/amber/journey/1922,Launch deck zenith,False,2025-02-16 19:41:14,2025-10-02 21:36:47
1923,198,g2V0et,https://example.com/tidy/harvest/1923,Ops review anchor,True,2025-10-11 17:54:53,2025-11-02 09:21:43
1924,108,eCUc5G,https://opswise.net/ivory/network/1924,Quarterly brief island,True,2025-12-17 09:52:22,2026-01-07 08:54:34
1925,382,v63hot,https://relay.cloud/forest/canyon/1925,Ops review orbit,False,2026-02-18 09:21:13,2026-02-20 03:25:06
1926,223,Vic9B2,https://seeded.app/silver/valley/1926,Incident notes signal,True,2025-10-07 08:11:01,2025-11-05 00:39:27
1927,249,yVg1gV,https://example.com/clear/harvest/1927,Ops review canyon,True,2025-04-20 13:08:23,2025-06-20 13:41:15
1928,345,PL4Nid,https://seeded.app/navy/quartz/1928,Roadmap update zenith,True,2025-06-01 22:47:28,2026-02-11 23:56:29
1929,71,5de7bx,https://relay.cloud/dawn/delta/1929,Incident notes signal,True,2025-07-30 03:38:15,2025-12-22 17:53:24
1930,135,QCCTbl,https://relay.cloud/ivory/anchor/1930,Campaign page kernel,False,2025-07-05 21:27:47,2025-09-06 17:37:22
1931,154,wK964P,https://hackstack.io/dawn/beacon/1931,Service guide beacon,True,2025-10-10 18:01:19,2025-12-03 17:06:53
1932,287,MBfxJN,https://example.com/tidy/meadow/1932,Alert feed anchor,True,2025-10-04 18:06:17,2025-10-17 19:33:45
1933,138,r7pyEv,https://opswise.net/lively/window/1933,Status board harvest,True,2025-09-19 00:52:20,2025-11-01 08:25:15
1934,121,m5gi0G,https://opswise.net/ember/kernel/1934,Launch deck meadow,True,2025-04-22 21:51:38,2025-11-28 06:54:08
1935,352,ta8BFU,https://opswise.net/urban/canyon/1935,Ops review signal,True,2025-03-13 20:21:03,2025-12-24 01:57:24
1936,242,w0JAnx,https://acme.dev/dawn/delta/1936,Campaign page uplink,False,2025-12-25 08:15:03,2026-01-17 03:50:12
1937,77,eSYm4r,https://seeded.app/gold/harvest/1937,Campaign page pioneer,True,2025-05-28 15:14:04,2026-02-05 15:04:04
1938,13,l7Th55,https://acme.dev/silver/uplink/1938,Alert feed signal,True,2025-11-05 07:14:18,2026-01-26 21:57:31
1939,331,zfEAPx,https://opswise.net/proud/orbit/1939,Ops review lagoon,True,2025-10-15 22:48:14,2026-01-21 06:55:04
1940,153,HDeXRJ,https://seeded.app/ember/lagoon/1940,Ops review lagoon,True,2026-01-27 05:30:16,2026-02-01 22:57:36
1941,336,fRlKBp,https://opswise.net/navy/field/1941,Status board orbit,True,2025-12-05 05:30:40,2026-01-23 09:43:16
1942,12,UXD7wn,https://acme.dev/young/yard/1942,Launch deck signal,True,2025-06-05 01:21:13,2025-09-09 11:00:20
1943,259,wsfPM0,https://relay.cloud/warm/engine/1943,Incident notes beacon,True,2025-05-04 17:09:44,2025-09-14 09:42:59
1944,371,PXOUNt,https://hackstack.io/quiet/garden/1944,Roadmap update canyon,True,2025-03-08 03:03:00,2025-08-05 18:55:58
1945,110,PESDkN,https://seeded.app/ember/meadow/1945,Demo link beacon,True,2025-11-11 19:23:49,2026-01-21 14:59:26
1946,190,Bt8ixL,https://relay.cloud/warm/beacon/1946,Incident notes harvest,True,2025-10-26 05:31:07,2026-02-02 23:45:11
1947,395,9ljunN,https://relay.cloud/clear/anchor/1947,Service guide uplink,True,2025-02-25 20:15:18,2025-03-05 07:48:28
1948,173,nx3pNL,https://hackstack.io/dawn/canyon/1948,Demo link beacon,False,2025-07-26 16:00:07,2025-12-07 04:06:20
1949,133,X6b0qH,https://seeded.app/tidy/uplink/1949,Service guide network,True,2025-03-16 00:08:26,2025-08-25 08:22:14
1950,217,2ZQoSm,https://hackstack.io/young/garden/1950,Roadmap update pioneer,True,2025-04-15 02:21:41,2025-05-18 13:04:45
1951,251,jMgNUW,https://seeded.app/silver/journey/1951,Alert feed field,False,2025-05-06 12:08:28,2025-11-28 08:43:06
1952,350,Rb0cre,https://relay.cloud/clear/lagoon/1952,Alert feed engine,False,2025-02-05 22:08:57,2025-08-02 09:07:48
1953,35,8eyVRx,https://opswise.net/cobalt/meadow/1953,Launch deck anchor,True,2025-09-18 10:30:16,2025-10-05 23:47:12
1954,318,YS4naW,https://opswise.net/warm/kernel/1954,Ops review engine,True,2025-07-15 18:28:53,2025-07-20 18:02:53
1955,84,niY2Hv,https://acme.dev/lively/kernel/1955,Demo link lagoon,True,2025-01-04 04:27:25,2025-12-24 13:18:20
1956,209,xuvJW9,https://example.com/cobalt/island/1956,Incident notes uplink,True,2025-12-27 01:53:20,2026-01-17 16:23:41
1957,219,4xDaAc,https://hackstack.io/proud/island/1957,Campaign page signal,True,2025-09-28 19:15:34,2026-02-17 01:03:04
1958,278,J1di3v,https://acme.dev/harbor/orbit/1958,Campaign page quartz,True,2025-12-24 19:30:55,2026-01-09 00:46:40
1959,99,MNCDna,https://example.com/forest/zenith/1959,Launch deck orbit,True,2025-04-23 19:07:35,2025-04-27 14:27:13
1960,389,oylt8t,https://seeded.app/silver/engine/1960,Ops review island,False,2025-03-15 20:00:01,2025-12-22 23:58:14
1961,168,WgJmxi,https://hackstack.io/jade/anchor/1961,Alert feed trail,True,2025-07-20 00:49:40,2025-12-23 09:22:05
1962,264,wEm4qQ,https://seeded.app/clear/island/1962,Status board lagoon,False,2025-11-14 15:19:07,2025-12-15 21:24:09
1963,41,1MbyFQ,https://relay.cloud/vivid/meadow/1963,Service guide lagoon,True,2025-01-22 17:49:21,2026-01-07 09:31:30
1964,162,INvpuY,https://hackstack.io/vivid/journey/1964,Alert feed anchor,True,2025-06-01 03:41:56,2025-08-04 15:02:27
1965,335,yXwt8b,https://example.com/brisk/network/1965,Demo link delta,False,2025-06-28 09:41:29,2025-07-26 18:42:15
1966,385,ElCcjF,https://opswise.net/rapid/field/1966,Campaign page engine,True,2025-01-17 06:29:51,2025-03-08 16:59:24
1967,348,hgp7xy,https://example.com/ivory/canyon/1967,Incident notes journey,True,2025-04-06 10:23:44,2025-10-31 20:34:54
1968,221,RyhaFt,https://acme.dev/young/anchor/1968,Quarterly brief river,True,2025-04-12 01:31:27,2026-02-08 16:21:03
1969,335,6evGHE,https://opswise.net/urban/island/1969,Ops review orbit,True,2025-07-17 20:20:35,2025-09-05 07:49:02
1970,387,orUl6T,https://relay.cloud/brisk/network/1970,Demo link zenith,True,2026-01-07 04:09:21,2026-02-13 05:57:52
1971,161,GWalhk,https://hackstack.io/jade/quartz/1971,Incident notes lagoon,True,2025-01-03 09:20:31,2025-01-17 22:43:11
1972,26,WEMTWg,https://relay.cloud/jade/orbit/1972,Alert feed canyon,True,2025-02-16 19:37:52,2025-03-01 11:46:53
1973,239,ROVAAp,https://acme.dev/mellow/valley/1973,Incident notes quartz,True,2025-11-26 08:15:09,2025-12-25 16:25:13
1974,22,wDF2wv,https://example.com/jade/engine/1974,Alert feed signal,True,2025-05-02 07:27:33,2026-01-25 16:24:23
1975,319,QNDcXw,https://relay.cloud/forest/window/1975,Quarterly brief pioneer,False,2025-10-19 23:43:55,2026-01-05 18:15:40
1976,293,eTR7vM,https://hackstack.io/opal/canyon/1976,Roadmap update zenith,True,2025-04-26 17:44:29,2025-11-29 01:53:47
1977,390,HcoUGH,https://acme.dev/cobalt/quartz/1977,Service guide journey,False,2025-03-30 14:03:07,2026-01-14 18:03:30
1978,286,7TWaIg,https://example.com/clear/signal/1978,Service guide yard,True,2025-02-13 13:37:32,2025-04-05 10:18:21
1979,400,0LOSMr,https://hackstack.io/rapid/garden/1979,Incident notes yard,True,2025-05-05 01:04:15,2025-06-24 03:08:02
1980,155,WJeINQ,https://example.com/quiet/river/1980,Demo link uplink,True,2026-01-09 03:47:06,2026-01-15 08:40:04
1981,324,s8pnRj,https://seeded.app/silver/journey/1981,Ops review meadow,True,2025-01-30 20:55:39,2026-01-21 16:18:58
1982,80,mcEXVD,https://example.com/harbor/yard/1982,Status board signal,True,2025-10-28 11:37:23,2026-01-28 10:55:17
1983,61,9ou7C5,https://hackstack.io/brisk/valley/1983,Quarterly brief anchor,True,2026-02-10 08:53:01,2026-02-18 02:41:46
1984,200,3ZjFWC,https://seeded.app/opal/window/1984,Service guide trail,False,2025-02-14 01:19:36,2025-12-09 02:25:33
1985,216,yu9uSq,https://relay.cloud/forest/valley/1985,Alert feed uplink,True,2025-06-14 07:03:05,2025-10-27 22:45:58
1986,227,dUeCfq,https://acme.dev/young/harvest/1986,Ops review field,True,2025-01-31 07:07:58,2025-04-12 06:43:37
1987,224,UcEiAw,https://seeded.app/opal/delta/1987,Quarterly brief zenith,True,2026-01-17 02:07:23,2026-02-04 21:06:08
1988,63,kBredR,https://opswise.net/cobalt/kernel/1988,Quarterly brief network,False,2025-07-28 23:44:10,2025-11-28 13:02:12
1989,230,YQKRZc,https://acme.dev/proud/delta/1989,Ops review river,True,2025-10-15 03:15:57,2026-02-04 13:17:27
1990,137,dHUmcn,https://seeded.app/ivory/river/1990,Quarterly brief lagoon,True,2025-03-22 00:53:38,2026-01-17 18:31:12
1991,247,HbS4B4,https://acme.dev/clear/orbit/1991,Quarterly brief harvest,True,2025-05-10 19:14:21,2025-06-12 05:29:32
1992,243,fHG0Al,https://opswise.net/navy/engine/1992,Roadmap update meadow,False,2025-02-13 06:25:51,2025-05-03 18:48:24
1993,214,af3cPx,https://opswise.net/dawn/kernel/1993,Alert feed trail,True,2025-10-22 09:21:52,2026-01-15 14:21:16
1994,345,7owIfr,https://relay.cloud/keen/uplink/1994,Demo link network,True,2025-05-16 22:14:41,2025-09-17 00:07:22
1995,81,lw7hjs,https://seeded.app/harbor/anchor/1995,Quarterly brief yard,True,2025-05-15 03:20:40,2025-09-26 18:14:48
1996,100,D0kDSf,https://acme.dev/quiet/zenith/1996,Incident notes engine,False,2026-01-03 05:05:07,2026-01-04 08:00:28
1997,72,D8M8iQ,https://opswise.net/calm/meadow/1997,Incident notes window,True,2025-02-22 12:05:34,2025-10-15 13:08:50
1998,39,M8ho0Q,https://hackstack.io/vivid/canyon/1998,Demo link yard,True,2025-09-08 05:04:14,2025-09-15 01:39:30
1999,156,u294b8,https://relay.cloud/cobalt/orbit/1999,Incident notes meadow,False,2025-11-25 17:51:31,2025-12-22 23:34:04
2000,70,holwCN,https://hackstack.io/calm/orbit/2000,Demo link trail,True,2026-01-12 08:58:06,2026-02-15 16:58:05
